sample_index,sample_sequence,publish_sequence,poll_started_ns,sampled_ns,published_ns,received_ns,read_rtt_ms,poll_interval_ms,poll_jitter_ms,sample_to_ros_ms,publish_lat_ms,dds_lat_ms,heartbeat,consecutive_failures
1,5463,5527,294250309756,294250737509,294264773404,294265234489,0.4278,20.0,0.0139,14.497,14.0359,0.4611,27815,0
2,5464,5528,294270332508,294270768098,294284761833,294285165679,0.4356,20.0228,0.0228,14.3976,13.9937,0.4038,27817,0
3,5465,5529,294290312505,294290719823,294304797184,294305420164,0.4073,19.98,0.02,14.7003,14.0774,0.623,27818,0
4,5466,5530,294310318691,294310876793,294324804719,294325416066,0.5581,20.0062,0.0062,14.5393,13.9279,0.6113,27820,0
5,5467,5531,294330329749,294330921759,294344782726,294345341219,0.592,20.0111,0.0111,14.4195,13.861,0.5585,27822,0
6,5468,5532,294350330366,294350988221,294364795837,294365390425,0.6579,20.0006,0.0006,14.4022,13.8076,0.5946,27824,0
7,5469,5533,294370333758,294370912778,294384826599,294385461448,0.579,20.0034,0.0034,14.5487,13.9138,0.6348,27826,0
8,5470,5534,294390343200,294390988858,294404790128,294405360917,0.6457,20.0094,0.0094,14.3721,13.8013,0.5708,27828,0
9,5471,5535,294410312778,294410767148,294424783109,294425266336,0.4544,19.9696,0.0304,14.4992,14.016,0.4832,27830,0
10,5472,5536,294430308833,294430752791,294444738506,294445129114,0.444,19.9961,0.0039,14.3763,13.9857,0.3906,27832,0
11,5473,5537,294450323035,294450759853,294464766789,294465251404,0.4368,20.0142,0.0142,14.4916,14.0069,0.4846,27834,0
12,5474,5538,294470335749,294470939857,294484791106,294485515103,0.6041,20.0127,0.0127,14.5752,13.8512,0.724,27835,0
13,5475,5539,294490314450,294490845077,294504757411,294505167455,0.5306,19.9787,0.0213,14.3224,13.9123,0.41,27837,0
14,5476,5540,294510327462,294511161432,294524792636,294525276854,0.834,20.013,0.013,14.1154,13.6312,0.4842,27839,0
15,5477,5541,294530310526,294530862077,294544747835,294545140624,0.5516,19.9831,0.0169,14.2785,13.8858,0.3928,27841,0
16,5478,5542,294550321158,294550910193,294564773242,294565265592,0.589,20.0106,0.0106,14.3554,13.863,0.4924,27843,0
17,5479,5543,294570320187,294570968225,294584781196,294585293379,0.648,19.999,0.001,14.3252,13.813,0.5122,27845,0
18,5480,5544,294590329431,294590843498,294604792621,294605348635,0.5141,20.0092,0.0092,14.5051,13.9491,0.556,27847,0
19,5481,5545,294610325882,294610832313,294624777966,294625310478,0.5064,19.9965,0.0035,14.4782,13.9457,0.5325,27849,0
20,5482,5546,294630319061,294630887767,294644790482,294645319721,0.5687,19.9932,0.0068,14.432,13.9027,0.5292,27851,0
21,5483,5547,294650322454,294650797648,294664799230,294665255980,0.4752,20.0034,0.0034,14.4583,14.0016,0.4567,27853,0
22,5484,5548,294670314542,294670770796,294684776741,294685277817,0.4563,19.9921,0.0079,14.507,14.0059,0.5011,27855,0
23,5485,5549,294690316447,294690850248,294704772300,294705198507,0.5338,20.0019,0.0019,14.3483,13.9221,0.4262,27856,0
24,5486,5550,294710307445,294711094709,294724759033,294725163722,0.7873,19.991,0.009,14.069,13.6643,0.4047,27858,0
25,5487,5551,294730306078,294730774430,294744754493,294745116739,0.4684,19.9986,0.0014,14.3423,13.9801,0.3622,27860,0
26,5488,5552,294750305107,294750730720,294764751737,294765100399,0.4256,19.999,0.001,14.3697,14.021,0.3487,27862,0
27,5489,5553,294770302352,294770671738,294784738967,294785040624,0.3694,19.9972,0.0028,14.3689,14.0672,0.3017,27864,0
28,5490,5554,294790300291,294790691295,294804847077,294805339129,0.391,19.9979,0.0021,14.6478,14.1558,0.4921,27866,0
29,5491,5555,294810307452,294810717000,294824758148,294825100363,0.4095,20.0072,0.0072,14.3834,14.0411,0.3422,27868,0
30,5492,5556,294830307770,294830706509,294844746071,294845134299,0.3987,20.0003,0.0003,14.4278,14.0396,0.3882,27870,0
31,5493,5557,294850317212,294850773764,294864756901,294865144335,0.4566,20.0094,0.0094,14.3706,13.9831,0.3874,27872,0
32,5494,5558,294870307615,294870723707,294884726479,294885139696,0.4161,19.9904,0.0096,14.416,14.0028,0.4132,27874,0
33,5495,5559,294890312098,294890773311,294904768447,294905199315,0.4612,20.0045,0.0045,14.426,13.9951,0.4309,27875,0
34,5496,5560,294910309244,294910754987,294924756568,294925115939,0.4457,19.9971,0.0029,14.361,14.0016,0.3594,27877,0
35,5497,5561,294930309265,294930832554,294944741814,294945100788,0.5233,20.0,0.0,14.2682,13.9093,0.359,27879,0
36,5498,5562,294950309485,294950703960,294964785765,294965216534,0.3945,20.0002,0.0002,14.5126,14.0818,0.4308,27881,0
37,5499,5563,294970317637,294970798385,294984769920,294985253841,0.4807,20.0082,0.0082,14.4555,13.9715,0.4839,27883,0
38,5500,5564,294990314089,294990825577,295004757248,295005181274,0.5115,19.9965,0.0035,14.3557,13.9317,0.424,27885,0
39,5501,5565,295010315597,295010816376,295024764112,295025199442,0.5008,20.0015,0.0015,14.3831,13.9477,0.4353,27887,0
40,5502,5566,295030315024,295030789425,295044756696,295045156327,0.4744,19.9994,0.0006,14.3669,13.9673,0.3996,27889,0
41,5503,5567,295050314549,295050746310,295064764353,295065184214,0.4318,19.9995,0.0005,14.4379,14.018,0.4199,27891,0
42,5504,5568,295070315066,295070775783,295084766655,295085248989,0.4607,20.0005,0.0005,14.4732,13.9909,0.4823,27892,0
43,5505,5569,295090310526,295090811701,295104731473,295105125353,0.5012,19.9955,0.0045,14.3137,13.9198,0.3939,27894,0
44,5506,5570,295110307870,295110874593,295124765805,295125151752,0.5667,19.9973,0.0027,14.2772,13.8912,0.3859,27896,0
45,5507,5571,295130305213,295130707027,295144741531,295145182415,0.4018,19.9973,0.0027,14.4754,14.0345,0.4409,27898,0
46,5508,5572,295150304937,295150742846,295164757815,295165161115,0.4379,19.9997,0.0003,14.4183,14.015,0.4033,27900,0
47,5509,5573,295170306347,295170699037,295184767554,295185156873,0.3927,20.0014,0.0014,14.4578,14.0685,0.3893,27902,0
48,5510,5574,295190303096,295190770258,295204767873,295205157489,0.4672,19.9967,0.0033,14.3872,13.9976,0.3896,27904,0
49,5511,5575,295210304803,295210748265,295224761151,295225099797,0.4435,20.0017,0.0017,14.3515,14.0129,0.3386,27906,0
50,5512,5576,295230306311,295230708025,295244763255,295245126295,0.4017,20.0015,0.0015,14.4183,14.0552,0.363,27908,0
51,5513,5577,295250301275,295250710327,295264754054,295265114020,0.4091,19.995,0.005,14.4037,14.0437,0.36,27909,0
52,5514,5578,295270300206,295270699738,295284752885,295285154599,0.3995,19.9989,0.0011,14.4549,14.0531,0.4017,27911,0
53,5515,5579,295290299434,295290677348,295304750526,295305050498,0.3779,19.9992,0.0008,14.3732,14.0732,0.3,27913,0
54,5516,5580,295310304116,295310701863,295324768159,295325241615,0.3977,20.0047,0.0047,14.5398,14.0663,0.4735,27915,0
55,5517,5581,295330309652,295330842091,295344760555,295345194953,0.5324,20.0055,0.0055,14.3529,13.9185,0.4344,27917,0
56,5518,5582,295350304724,295350710671,295364761675,295365149877,0.4059,19.9951,0.0049,14.4392,14.051,0.3882,27919,0
57,5519,5583,295370305844,295370693649,295384751196,295385069907,0.3878,20.0011,0.0011,14.3763,14.0575,0.3187,27921,0
58,5520,5584,295390303098,295390688524,295404733679,295405016999,0.3854,19.9973,0.0027,14.3285,14.0452,0.2833,27923,0
59,5521,5585,295410303722,295410649793,295424732420,295424979457,0.3461,20.0006,0.0006,14.3297,14.0826,0.247,27925,0
60,5522,5586,295430302859,295430673217,295444742561,295445051556,0.3704,19.9991,0.0009,14.3783,14.0693,0.309,27926,0
61,5523,5587,295450297039,295450599095,295464765490,295465238251,0.3021,19.9942,0.0058,14.6392,14.1664,0.4728,27928,0
62,5524,5588,295470301431,295470740983,295484737266,295485069458,0.4396,20.0044,0.0044,14.3285,13.9963,0.3322,27930,0
63,5525,5589,295490295909,295490689166,295504748002,295505064333,0.3933,19.9945,0.0055,14.3752,14.0588,0.3163,27932,0
64,5526,5590,295510302183,295510655590,295524738118,295525059108,0.3534,20.0063,0.0063,14.4035,14.0825,0.321,27934,0
65,5527,5591,295530299833,295530679708,295544725657,295545031380,0.3799,19.9977,0.0024,14.3517,14.0459,0.3057,27936,0
66,5528,5592,295550295402,295550681819,295564724794,295564985313,0.3864,19.9956,0.0044,14.3035,14.043,0.2605,27938,0
67,5529,5593,295570295431,295570631886,295584728491,295585002393,0.3365,20.0,0.0,14.3705,14.0966,0.2739,27940,0
68,5530,5594,295590292387,295590602869,295604723861,295604958804,0.3105,19.997,0.003,14.3559,14.121,0.2349,27942,0
69,5531,5595,295610292912,295610584460,295624729442,295624996107,0.2915,20.0005,0.0005,14.4116,14.145,0.2667,27943,0
70,5532,5596,295630306027,295630687389,295644744737,295645062853,0.3814,20.0131,0.0131,14.3755,14.0573,0.3181,27945,0
71,5533,5597,295650304569,295650649450,295664747542,295665128210,0.3449,19.9985,0.0015,14.4788,14.0981,0.3807,27947,0
72,5534,5598,295670295478,295670702020,295684744697,295685071437,0.4065,19.9909,0.0091,14.3694,14.0427,0.3267,27949,0
73,5535,5599,295690297292,295690657241,295704719943,295704981751,0.3599,20.0018,0.0018,14.3245,14.0627,0.2618,27951,0
74,5536,5600,295710298610,295710624061,295724724929,295724968299,0.3255,20.0013,0.0013,14.3442,14.1009,0.2434,27953,0
75,5537,5601,295730300919,295730624983,295744729320,295745003916,0.3241,20.0023,0.0023,14.3789,14.1043,0.2746,27955,0
76,5538,5602,295750293316,295750573860,295764793191,295765259410,0.2805,19.9924,0.0076,14.6855,14.2193,0.4662,27957,0
77,5539,5603,295770314559,295770760952,295784760804,295785143851,0.4464,20.0212,0.0212,14.3829,13.9999,0.383,27959,0
78,5540,5604,295790311615,295790755925,295804731886,295805046532,0.4443,19.9971,0.0029,14.2906,13.976,0.3146,27961,0
79,5541,5605,295810294890,295810631246,295824761655,295825136375,0.3364,19.9833,0.0167,14.5051,14.1304,0.3747,27962,0
80,5542,5606,295830299976,295830706715,295844757125,295845159205,0.4067,20.0051,0.0051,14.4525,14.0504,0.4021,27964,0
81,5543,5607,295850298419,295850742234,295864748133,295865115418,0.4438,19.9984,0.0016,14.3732,14.0059,0.3673,27966,0
82,5544,5608,295870320654,295870661867,295884755399,295885193365,0.3412,20.0222,0.0222,14.5315,14.0935,0.438,27968,0
83,5545,5609,295890320782,295890759541,295904749084,295905082961,0.4388,20.0001,0.0001,14.3234,13.9895,0.3339,27970,0
84,5546,5610,295910313674,295910771863,295924749113,295925152383,0.4582,19.9929,0.0071,14.3805,13.9772,0.4033,27972,0
85,5547,5611,295930311820,295930723318,295944748349,295945131991,0.4115,19.9981,0.0019,14.4087,14.025,0.3836,27974,0
86,5548,5612,295950310659,295950685181,295964755516,295965178712,0.3745,19.9988,0.0012,14.4935,14.0703,0.4232,27976,0
87,5549,5613,295970314357,295970753116,295984758024,295985138493,0.4388,20.0037,0.0037,14.3854,14.0049,0.3805,27978,0
88,5550,5614,295990318351,295990886974,296004761721,296005202165,0.5686,20.004,0.004,14.3152,13.8747,0.4404,27979,0
89,5551,5615,296010319174,296010732753,296024752134,296025100782,0.4136,20.0008,0.0008,14.368,14.0194,0.3486,27981,0
90,5552,5616,296030320789,296030658334,296044749289,296045111815,0.3375,20.0016,0.0016,14.4535,14.091,0.3625,27983,0
91,5553,5617,296050314276,296050710805,296064753680,296065135141,0.3965,19.9935,0.0065,14.4243,14.0429,0.3815,27985,0
92,5554,5618,296070329175,296070796682,296084751330,296085077277,0.4675,20.0149,0.0149,14.2806,13.9546,0.3259,27987,0
93,5555,5619,296090328708,296090745956,296104748385,296105094952,0.4172,19.9995,0.0005,14.349,14.0024,0.3466,27989,0
94,5556,5620,296110306532,296110671735,296124745639,296125079616,0.3652,19.9778,0.0222,14.4079,14.0739,0.334,27991,0
95,5557,5621,296130308941,296130723412,296144730997,296145023734,0.4145,20.0024,0.0024,14.3003,14.0076,0.2927,27993,0
96,5558,5622,296150305500,296150614099,296164729440,296164998485,0.3086,19.9966,0.0034,14.3844,14.1153,0.269,27995,0
97,5559,5623,296170315641,296170642877,296184733831,296184997622,0.3272,20.0101,0.0101,14.3547,14.091,0.2638,27996,0
98,5560,5624,296190306947,296190601270,296204729697,296204996957,0.2943,19.9913,0.0087,14.3957,14.1284,0.2673,27998,0
99,5561,5625,296210311239,296210662861,296224728834,296224969626,0.3516,20.0043,0.0043,14.3068,14.066,0.2408,28000,0
100,5562,5626,296230309880,296230635827,296244729062,296244979965,0.3259,19.9986,0.0014,14.3441,14.0932,0.2509,28002,0
101,5563,5627,296250307332,296250623167,296264727009,296264987330,0.3158,19.9975,0.0025,14.3642,14.1038,0.2603,28004,0
102,5564,5628,296270307956,296270594647,296284725651,296284953060,0.2867,20.0006,0.0006,14.3584,14.131,0.2274,28006,0
103,5565,5629,296290304516,296290601219,296304727762,296304950115,0.2967,19.9966,0.0034,14.3489,14.1265,0.2224,28008,0
104,5566,5630,296310307916,296310649724,296324730191,296324968735,0.3418,20.0034,0.0034,14.319,14.0805,0.2385,28010,0
105,5567,5631,296330309071,296330601329,296344737768,296344970267,0.2923,20.0012,0.0012,14.3689,14.1364,0.2325,28012,0
106,5568,5632,296350311891,296350627836,296364731273,296364965357,0.3159,20.0028,0.0028,14.3375,14.1034,0.2341,28013,0
107,5569,5633,296370306387,296370579419,296384720020,296384972637,0.273,19.9945,0.0055,14.3932,14.1406,0.2526,28015,0
108,5570,5634,296390307621,296390621881,296404737805,296404957718,0.3143,20.0012,0.0012,14.3358,14.1159,0.2199,28017,0
109,5571,5635,296410306775,296410619250,296424724571,296424945871,0.3125,19.9992,0.0008,14.3266,14.1053,0.2213,28019,0
110,5572,5636,296430303252,296430630891,296444729373,296444982089,0.3276,19.9965,0.0035,14.3512,14.0985,0.2527,28021,0
111,5573,5637,296450317271,296450626675,296464764501,296465230886,0.3094,20.014,0.014,14.6042,14.1378,0.4664,28023,0
112,5574,5638,296470315434,296470746339,296484732734,296485051553,0.4309,19.9982,0.0018,14.3052,13.9864,0.3188,28025,0
113,5575,5639,296490307749,296490621018,296504741798,296505046346,0.3133,19.9923,0.0077,14.4253,14.1208,0.3045,28027,0
114,5576,5640,296510303334,296510722050,296524738573,296524983460,0.4187,19.9956,0.0044,14.2614,14.0165,0.2449,28029,0
115,5577,5641,296530314579,296530621802,296544722861,296544932268,0.3072,20.0112,0.0112,14.3105,14.1011,0.2094,28030,0
116,5578,5642,296550312543,296550645038,296564724492,296564914970,0.3325,19.998,0.002,14.2699,14.0795,0.1905,28032,0
117,5579,5643,296570315066,296570678481,296584738610,296585063969,0.3634,20.0025,0.0025,14.3855,14.0601,0.3254,28034,0
118,5580,5644,296590305894,296590637993,296604738853,296605008814,0.3321,19.9908,0.0092,14.3708,14.1009,0.27,28036,0
119,5581,5645,296610305543,296610632092,296624727105,296624976055,0.3265,19.9996,0.0004,14.344,14.095,0.249,28038,0
120,5582,5646,296630306183,296630647895,296644722195,296644967974,0.3417,20.0006,0.0006,14.3201,14.0743,0.2458,28040,0
121,5583,5647,296650311679,296650638624,296664734728,296665044627,0.3269,20.0055,0.0055,14.406,14.0961,0.3099,28042,0
122,5584,5648,296670312418,296670691294,296684744882,296685036942,0.3789,20.0007,0.0007,14.3456,14.0536,0.2921,28044,0
123,5585,5649,296690307905,296690795201,296704737494,296705047493,0.4873,19.9955,0.0045,14.2523,13.9423,0.31,28046,0
124,5586,5650,296710305770,296710630337,296724735756,296725016816,0.3246,19.9979,0.0021,14.3865,14.1054,0.2811,28047,0
125,5587,5651,296730311266,296730668438,296744748883,296745020726,0.3572,20.0055,0.0055,14.3523,14.0804,0.2718,28049,0
126,5588,5652,296750310122,296750654807,296764736441,296764993419,0.3447,19.9989,0.0011,14.3386,14.0816,0.257,28051,0
127,5589,5653,296770308185,296770662979,296784744018,296785090091,0.3548,19.9981,0.0019,14.4271,14.081,0.3461,28053,0
128,5590,5654,296790325970,296790629725,296804741784,296805113327,0.3038,20.0178,0.0178,14.4836,14.1121,0.3715,28055,0
129,5591,5655,296810311447,296810716289,296824736082,296825033296,0.4048,19.9855,0.0145,14.317,14.0198,0.2972,28057,0
130,5592,5656,296830309808,296830677485,296844732758,296844998654,0.3677,19.9984,0.0016,14.3212,14.0553,0.2659,28059,0
131,5593,5657,296850318376,296850696558,296864735776,296864973924,0.3782,20.0086,0.0086,14.2774,14.0392,0.2381,28061,0
132,5594,5658,296870303556,296870636150,296884729082,296884979915,0.3326,19.9852,0.0148,14.3438,14.0929,0.2508,28063,0
133,5595,5659,296890308656,296890893569,296904727146,296904969951,0.5849,20.0051,0.0051,14.0764,13.8336,0.2428,28064,0
134,5596,5660,296910307314,296910621375,296924725903,296924957212,0.3141,19.9987,0.0013,14.3358,14.1045,0.2313,28066,0
135,5597,5661,296930307954,296930632818,296944725651,296944951212,0.3249,20.0006,0.0006,14.3184,14.0928,0.2256,28068,0
136,5598,5662,296950309882,296950613339,296964728669,296964920337,0.3035,20.0019,0.0019,14.307,14.1153,0.1917,28070,0
137,5599,5663,296970316171,296970664919,296984761518,296985147034,0.3487,20.0063,0.0063,14.4821,14.0966,0.3855,28072,0
138,5600,5664,296990306999,296990645738,297004735994,297005016856,0.3387,19.9908,0.0092,14.3711,14.0903,0.2809,28074,0
139,5601,5665,297010320127,297010638351,297024728706,297024996288,0.3182,20.0131,0.0131,14.3579,14.0904,0.2676,28076,0
140,5602,5666,297030307487,297030623629,297044734896,297045058075,0.3161,19.9874,0.0126,14.4344,14.1113,0.3232,28078,0
141,5603,5667,297050314271,297050729518,297064746041,297065093203,0.4152,20.0068,0.0068,14.3637,14.0165,0.3472,28080,0
142,5604,5668,297070306091,297070675452,297084728545,297084976702,0.3694,19.9918,0.0082,14.3012,14.0531,0.2482,28082,0
143,5605,5669,297090314163,297090647749,297104750294,297105181596,0.3336,20.0081,0.0081,14.5338,14.1025,0.4313,28083,0
144,5606,5670,297110316686,297110764043,297124735374,297125043391,0.4474,20.0025,0.0025,14.2793,13.9713,0.308,28085,0
145,5607,5671,297130313461,297130707500,297144746619,297145036499,0.394,19.9968,0.0032,14.329,14.0391,0.2899,28087,0
146,5608,5672,297150306074,297150625983,297164736555,297165051013,0.3199,19.9926,0.0074,14.425,14.1106,0.3145,28089,0
147,5609,5673,297170309885,297170656255,297184742349,297185032823,0.3464,20.0038,0.0038,14.3766,14.0861,0.2905,28091,0
148,5610,5674,297190310030,297190678400,297204745169,297205046050,0.3684,20.0001,0.0001,14.3676,14.0668,0.3009,28093,0
149,5611,5675,297210316616,297210645147,297224730051,297225013589,0.3285,20.0066,0.0066,14.3684,14.0849,0.2835,28095,0
150,5612,5676,297230311210,297230655796,297244732376,297244994210,0.3446,19.9946,0.0054,14.3384,14.0766,0.2618,28097,0
151,5613,5677,297250309571,297250625714,297264727863,297264972551,0.3161,19.9984,0.0016,14.3468,14.1021,0.2447,28099,0
152,5614,5678,297270305256,297270584036,297284738611,297285041870,0.2788,19.9957,0.0043,14.4578,14.1546,0.3033,28100,0
153,5615,5679,297290306094,297290663068,297304729935,297304996031,0.357,20.0008,0.0008,14.333,14.0669,0.2661,28102,0
154,5616,5680,297310311590,297310769155,297324731198,297324980384,0.4576,20.0055,0.0055,14.2112,13.962,0.2492,28104,0
155,5617,5681,297330308604,297330721371,297344751777,297345121841,0.4128,19.997,0.003,14.4005,14.0304,0.3701,28106,0
156,5618,5682,297350309466,297350708361,297364762745,297365325420,0.3989,20.0009,0.0009,14.6171,14.0544,0.5627,28108,0
157,5619,5683,297370313498,297370759853,297384782432,297385134166,0.4464,20.004,0.004,14.3743,14.0226,0.3517,28110,0
158,5620,5684,297390310793,297390647169,297404728701,297405006224,0.3364,19.9973,0.0027,14.3591,14.0815,0.2775,28112,0
159,5621,5685,297410311159,297410653381,297424735606,297425002726,0.3422,20.0004,0.0004,14.3493,14.0822,0.2671,28114,0
160,5622,5686,297430310733,297430706953,297444743998,297445084239,0.3962,19.9996,0.0004,14.3773,14.037,0.3402,28116,0
161,5623,5687,297450318035,297450784999,297464745157,297465085992,0.467,20.0073,0.0073,14.301,13.9602,0.3408,28117,0
162,5624,5688,297470312060,297470750489,297484833903,297485512699,0.4384,19.994,0.006,14.7622,14.0834,0.6788,28119,0
163,5625,5689,297490329468,297490930190,297504820002,297505559237,0.6007,20.0174,0.0174,14.629,13.8898,0.7392,28121,0
164,5626,5690,297510325872,297510854265,297524759632,297525101458,0.5284,19.9964,0.0036,14.2472,13.9054,0.3418,28123,0
165,5627,5691,297530309791,297530614660,297544736120,297545017507,0.3049,19.9839,0.0161,14.4028,14.1215,0.2814,28125,0
166,5628,5692,297550306392,297550651190,297564724102,297564998751,0.3448,19.9966,0.0034,14.3476,14.0729,0.2746,28127,0
167,5629,5693,297570305768,297570644522,297584735070,297585069762,0.3388,19.9994,0.0006,14.4252,14.0905,0.3347,28129,0
168,5630,5694,297590304351,297590692447,297604772690,297605191897,0.3881,19.9986,0.0014,14.4994,14.0802,0.4192,28131,0
169,5631,5695,297610335135,297610790010,297624774939,297625250126,0.4549,20.0308,0.0308,14.4601,13.9849,0.4752,28133,0
170,5632,5696,297630318558,297630856859,297644798391,297645326289,0.5383,19.9834,0.0166,14.4694,13.9415,0.5279,28134,0
171,5633,5697,297650334678,297650819674,297664754568,297665143655,0.485,20.0161,0.0161,14.324,13.9349,0.3891,28136,0
172,5634,5698,297670311761,297670692327,297684745819,297685060596,0.3806,19.9771,0.0229,14.3683,14.0535,0.3148,28138,0
173,5635,5699,297690319459,297690701511,297704753914,297705091281,0.3821,20.0077,0.0077,14.3898,14.0524,0.3374,28140,0
174,5636,5700,297710311998,297710877943,297724800451,297725273459,0.5659,19.9925,0.0075,14.3955,13.9225,0.473,28142,0
175,5637,5701,297730312563,297730823419,297744795170,297745309989,0.5109,20.0006,0.0006,14.4866,13.9718,0.5148,28144,0
176,5638,5702,297750323432,297750824281,297764755904,297765176201,0.5008,20.0109,0.0109,14.3519,13.9316,0.4203,28146,0
177,5639,5703,297770308243,297770702581,297784742895,297785056681,0.3943,19.9848,0.0152,14.3541,14.0403,0.3138,28148,0
178,5640,5704,297790304051,297790645877,297804742766,297805010084,0.3418,19.9958,0.0042,14.3642,14.0969,0.2673,28150,0
179,5641,5705,297810308579,297810636534,297824722326,297824928907,0.328,20.0045,0.0045,14.2924,14.0858,0.2066,28151,0
180,5642,5706,297830308054,297830629964,297844723980,297844935417,0.3219,19.9995,0.0005,14.3055,14.094,0.2114,28153,0
181,5643,5707,297850300812,297850655418,297864673876,297864890712,0.3546,19.9928,0.0072,14.2353,14.0185,0.2168,28155,0
182,5644,5708,297870303668,297870620728,297884735834,297884958729,0.3171,20.0029,0.0029,14.338,14.1151,0.2229,28157,0
183,5645,5709,297890306525,297890583753,297904726969,297904956420,0.2772,20.0029,0.0029,14.3727,14.1432,0.2295,28159,0
184,5646,5710,297910301037,297910616706,297924706284,297924935040,0.3157,19.9945,0.0055,14.3183,14.0896,0.2288,28161,0
185,5647,5711,297930302602,297930612907,297944726920,297944961040,0.3103,20.0016,0.0016,14.3481,14.114,0.2341,28163,0
186,5648,5712,297950326201,297950625926,297964700969,297964913129,0.2997,20.0236,0.0236,14.2872,14.075,0.2122,28165,0
187,5649,5713,297970301818,297970620207,297984736451,297984989514,0.3184,19.9756,0.0244,14.3693,14.1162,0.2531,28167,0
188,5650,5714,297990300765,297990695202,298004737284,298004993524,0.3944,19.9989,0.0011,14.2983,14.0421,0.2562,28168,0
189,5651,5715,298010302690,298010894991,298024765519,298025205128,0.5923,20.0019,0.0019,14.3101,13.8705,0.4396,28170,0
190,5652,5716,298030307991,298030754252,298044743419,298045075707,0.4463,20.0053,0.0053,14.3215,13.9892,0.3323,28172,0
191,5653,5717,298050304556,298050646375,298064731445,298065004265,0.3418,19.9966,0.0034,14.3579,14.0851,0.2728,28174,0
192,5654,5718,298070303106,298070658824,298084728208,298084965784,0.3557,19.9986,0.0014,14.307,14.0694,0.2376,28176,0
193,5655,5719,298090307315,298090643773,298104748401,298105024398,0.3365,20.0042,0.0042,14.3806,14.1046,0.276,28178,0
194,5656,5720,298110302589,298110696232,298124743179,298125070900,0.3936,19.9953,0.0047,14.3747,14.0469,0.3277,28180,0
195,5657,5721,298130306500,298130679592,298144737559,298144982879,0.3731,20.0039,0.0039,14.3033,14.058,0.2453,28182,0
196,5658,5722,298150300881,298150657393,298164757752,298165164996,0.3565,19.9944,0.0056,14.5076,14.1004,0.4072,28184,0
197,5659,5723,298170303898,298170773192,298184753721,298185141606,0.4693,20.003,0.003,14.3684,13.9805,0.3879,28186,0
198,5660,5724,298190300860,298190691524,298204780665,298205186619,0.3907,19.997,0.003,14.4951,14.0891,0.406,28188,0
199,5661,5725,298210304374,298210794020,298224750126,298225131260,0.4896,20.0035,0.0035,14.3372,13.9561,0.3811,28189,0
200,5662,5726,298230301733,298230660628,298244727728,298244990918,0.3589,19.9974,0.0026,14.3303,14.0671,0.2632,28191,0
201,5663,5727,298250301077,298250627309,298264733725,298264954721,0.3262,19.9993,0.0007,14.3274,14.1064,0.221,28193,0
202,5664,5728,298270306577,298270591409,298284682337,298284906014,0.2848,20.0055,0.0055,14.3146,14.0909,0.2237,28195,0
203,5665,5729,298290298475,298290629076,298304748397,298305124765,0.3306,19.9919,0.0081,14.4957,14.1193,0.3764,28197,0
204,5666,5730,298310310825,298310773070,298324773385,298325268186,0.4622,20.0124,0.0123,14.4951,14.0003,0.4948,28199,0
205,5667,5731,298330295011,298330767082,298344743708,298345054386,0.4721,19.9842,0.0158,14.2873,13.9766,0.3107,28201,0
206,5668,5732,298350294714,298350658495,298364745992,298365137267,0.3638,19.9997,0.0003,14.4788,14.0875,0.3913,28203,0
207,5669,5733,298370293822,298370646387,298384719690,298385092304,0.3526,19.9991,0.0009,14.4459,14.0733,0.3726,28205,0
208,5670,5734,298390292831,298390698002,298404760486,298405133200,0.4052,19.999,0.001,14.4352,14.0625,0.3727,28207,0
209,5671,5735,298410311393,298410760436,298424785004,298425296282,0.449,20.0186,0.0186,14.5358,14.0246,0.5113,28208,0
210,5672,5736,298430300079,298430756666,298444766642,298445232758,0.4566,19.9887,0.0113,14.4761,14.01,0.4661,28210,0
211,5673,5737,298450296507,298450769471,298464750960,298465105014,0.473,19.9964,0.0036,14.3355,13.9815,0.3541,28212,0
212,5674,5738,298470295019,298470669321,298484769523,298485214794,0.3743,19.9985,0.0015,14.5455,14.1002,0.4453,28214,0
213,5675,5739,298490295020,298490759051,298504757613,298505166060,0.464,20.0,0.0,14.407,13.9986,0.4084,28216,0
214,5676,5740,298510298296,298510776025,298524758011,298525122387,0.4777,20.0033,0.0033,14.3464,13.982,0.3644,28218,0
215,5677,5741,298530301871,298530662376,298544740642,298545057870,0.3605,20.0036,0.0036,14.3955,14.0783,0.3172,28220,0
216,5678,5742,298550297107,298550660987,298564755532,298565073058,0.3639,19.9952,0.0048,14.4121,14.0945,0.3175,28222,0
217,5679,5743,298570300384,298570744762,298584754540,298585185320,0.4444,20.0033,0.0033,14.4406,14.0098,0.4308,28224,0
218,5680,5744,298590302172,298590788238,298604772606,298605228895,0.4861,20.0018,0.0018,14.4407,13.9844,0.4563,28225,0
219,5681,5745,298610297210,298610710322,298624741639,298625124179,0.4131,19.995,0.005,14.4139,14.0313,0.3825,28227,0
220,5682,5746,298630299494,298630735237,298644757720,298645133014,0.4357,20.0023,0.0023,14.3978,14.0225,0.3753,28229,0
221,5683,5747,298650318751,298650744469,298664758812,298665315253,0.4257,20.0193,0.0193,14.5708,14.0143,0.5564,28231,0
222,5684,5748,298670310613,298670769582,298684749980,298685050930,0.459,19.9919,0.0081,14.2813,13.9804,0.3009,28233,0
223,5685,5749,298690310515,298690696728,298704754050,298705142646,0.3862,19.9999,0.0001,14.4459,14.0573,0.3886,28235,0
224,5686,5750,298710319151,298710768195,298724770230,298725259970,0.449,20.0086,0.0086,14.4918,14.002,0.4897,28237,0
225,5687,5751,298730319053,298730759461,298744742439,298745036144,0.4404,19.9999,0.0001,14.2767,13.983,0.2937,28239,0
226,5688,5752,298750307540,298750612064,298764752763,298765137884,0.3045,19.9885,0.0115,14.5258,14.1407,0.3851,28241,0
227,5689,5753,298770312008,298770734450,298784730630,298784998329,0.4224,20.0045,0.0045,14.2639,13.9962,0.2677,28242,0
228,5690,5754,298790321637,298790781103,298804748894,298805060962,0.4595,20.0096,0.0096,14.2799,13.9678,0.3121,28244,0
229,5691,5755,298810332457,298810791923,298824760310,298825197740,0.4595,20.0108,0.0108,14.4058,13.9684,0.4374,28246,0
230,5692,5756,298830310324,298830719664,298844754753,298845003890,0.4093,19.9779,0.0221,14.2842,14.0351,0.2491,28248,0
231,5693,5757,298850317769,298850706464,298864748600,298865123001,0.3887,20.0074,0.0074,14.4165,14.0421,0.3744,28250,0
232,5694,5758,298870310723,298870653759,298884781455,298885272882,0.343,19.993,0.007,14.6191,14.1277,0.4914,28252,0
233,5695,5759,298890331370,298890824980,298904741158,298905050843,0.4936,20.0206,0.0206,14.2259,13.9162,0.3097,28254,0
234,5696,5760,298910309137,298910691380,298924712275,298925099480,0.3822,19.9778,0.0222,14.4081,14.0209,0.3872,28256,0
235,5697,5761,298930311818,298930729893,298944731829,298945012233,0.4181,20.0027,0.0027,14.2823,14.0019,0.2804,28258,0
236,5698,5762,298950312415,298950634309,298964742054,298965020076,0.3219,20.0006,0.0006,14.3858,14.1077,0.278,28260,0
237,5699,5763,298970319364,298970736546,298984748904,298985092238,0.4172,20.0069,0.0069,14.3557,14.0124,0.3433,28261,0
238,5700,5764,298990310035,298990790742,299004736498,299005026629,0.4807,19.9907,0.0093,14.2359,13.9458,0.2901,28263,0
239,5701,5765,299010304180,299010656844,299024748211,299025131844,0.3527,19.9941,0.0059,14.475,14.0914,0.3836,28265,0
240,5702,5766,299030313015,299030743497,299044740669,299045039833,0.4305,20.0088,0.0088,14.2963,13.9972,0.2992,28267,0
241,5703,5767,299050302494,299050733473,299064742655,299065052439,0.431,19.9895,0.0105,14.319,14.0092,0.3098,28269,0
242,5704,5768,299070300312,299070659328,299084734914,299085040133,0.359,19.9978,0.0022,14.3808,14.0756,0.3052,28271,0
243,5705,5769,299090313415,299090745386,299104745238,299105084998,0.432,20.0131,0.0131,14.3396,13.9999,0.3398,28273,0
244,5706,5770,299110305972,299110654467,299124738291,299124998347,0.3485,19.9926,0.0074,14.3439,14.0838,0.2601,28275,0
245,5707,5771,299130304087,299130646130,299144727374,299144981772,0.342,19.9981,0.0019,14.3356,14.0812,0.2544,28277,0
246,5708,5772,299150304187,299150652087,299164724496,299164947033,0.3479,20.0001,0.0001,14.2949,14.0724,0.2225,28279,0
247,5709,5773,299170308159,299170626876,299184728765,299184981079,0.3187,20.004,0.004,14.3542,14.1019,0.2523,28280,0
248,5710,5774,299190308557,299190630451,299204727972,299204970261,0.3219,20.0004,0.0004,14.3398,14.0975,0.2423,28282,0
249,5711,5775,299210302007,299210606828,299224727477,299224968575,0.3048,19.9934,0.0066,14.3617,14.1206,0.2411,28284,0
250,5712,5776,299230303993,299230596407,299244734923,299244963613,0.2924,20.002,0.002,14.3672,14.1385,0.2287,28286,0
251,5713,5777,299250303597,299250583604,299264725395,299264961232,0.28,19.9996,0.0004,14.3776,14.1418,0.2358,28288,0
252,5714,5778,299270300323,299270603060,299284725694,299284958255,0.3027,19.9967,0.0033,14.3552,14.1226,0.2326,28290,0
253,5715,5779,299290301912,299290557898,299304723213,299304960539,0.256,20.0016,0.0016,14.4026,14.1653,0.2373,28292,0
254,5716,5780,299310306777,299310591349,299324753530,299325143640,0.2846,20.0049,0.0049,14.5523,14.1622,0.3901,28294,0
255,5717,5781,299330323933,299330687646,299344721181,299344915789,0.3637,20.0172,0.0172,14.2281,14.0335,0.1946,28296,0
256,5718,5782,299350307562,299350666610,299364770506,299365166571,0.359,19.9836,0.0164,14.5,14.1039,0.3961,28297,0
257,5719,5783,299370310047,299370719310,299384749471,299385111794,0.4093,20.0025,0.0025,14.3925,14.0302,0.3623,28299,0
258,5720,5784,299390307470,299390696885,299404728832,299404981794,0.3894,19.9974,0.0026,14.2849,14.0319,0.253,28301,0
259,5721,5785,299410306977,299410625932,299424729729,299424920070,0.319,19.9995,0.0005,14.2941,14.1038,0.1903,28303,0
260,5722,5786,299430308866,299430605294,299444764069,299445135026,0.2964,20.0019,0.0019,14.5297,14.1588,0.371,28305,0
261,5723,5787,299450309663,299450696994,299464739858,299465046408,0.3873,20.0008,0.0008,14.3494,14.0429,0.3065,28307,0
262,5724,5788,299470309369,299470669211,299484751770,299485212241,0.3598,19.9997,0.0003,14.543,14.0826,0.4605,28309,0
263,5725,5789,299490323365,299490926244,299504737880,299505016445,0.6029,20.014,0.014,14.0902,13.8116,0.2786,28311,0
264,5726,5790,299510308284,299510657805,299524727463,299524998883,0.3495,19.9849,0.0151,14.3411,14.0697,0.2714,28313,0
265,5727,5791,299530306898,299530629426,299544729948,299544964152,0.3225,19.9986,0.0014,14.3347,14.1005,0.2342,28315,0
266,5728,5792,299550309581,299550625063,299564721218,299564948377,0.3155,20.0027,0.0027,14.3233,14.0962,0.2272,28316,0
267,5729,5793,299570309584,299570623379,299584714671,299584928929,0.3138,20.0,0.0,14.3056,14.0913,0.2143,28318,0
268,5730,5794,299590307702,299590610283,299604725988,299604951063,0.3026,19.9981,0.0019,14.3408,14.1157,0.2251,28320,0
269,5731,5795,299610303835,299610628447,299624753282,299625097345,0.3246,19.9961,0.0039,14.4689,14.1248,0.3441,28322,0
270,5732,5796,299630303441,299630651474,299644736117,299644998903,0.348,19.9996,0.0004,14.3474,14.0846,0.2628,28324,0
271,5733,5797,299650309597,299650653462,299664741976,299665130994,0.3439,20.0062,0.0062,14.4775,14.0885,0.389,28326,0
272,5734,5798,299670302356,299670615159,299684740490,299685047041,0.3128,19.9928,0.0072,14.4319,14.1253,0.3066,28328,0
273,5735,5799,299690308413,299690671034,299704735036,299705037418,0.3626,20.0061,0.0061,14.3664,14.064,0.3024,28330,0
274,5736,5800,299710305042,299710625288,299724728985,299724986214,0.3202,19.9966,0.0034,14.3609,14.1037,0.2572,28332,0
275,5737,5801,299730303160,299730594924,299744721546,299744922605,0.2918,19.9981,0.0019,14.3277,14.1266,0.2011,28333,0
276,5738,5802,299750299194,299750565949,299764781490,299765173187,0.2668,19.996,0.004,14.6072,14.2155,0.3917,28335,0
277,5739,5803,299770304953,299770624405,299784734156,299784960719,0.3195,20.0058,0.0058,14.3363,14.1098,0.2266,28337,0
278,5740,5804,299790300987,299790562384,299804727113,299804952486,0.2614,19.996,0.004,14.3901,14.1647,0.2254,28339,0
279,5741,5805,299810313892,299810672940,299824745873,299825032178,0.359,20.0129,0.0129,14.3592,14.0729,0.2863,28341,0
280,5742,5806,299830310719,299830720479,299844764632,299845152658,0.4098,19.9968,0.0032,14.4322,14.0442,0.388,28343,0
281,5743,5807,299850307051,299850641984,299864735261,299865034269,0.3349,19.9963,0.0037,14.3923,14.0933,0.299,28345,0
282,5744,5808,299870304375,299870658461,299884728715,299884984554,0.3541,19.9973,0.0027,14.3261,14.0703,0.2558,28347,0
283,5745,5809,299890303981,299890604875,299904728619,299904979992,0.3009,19.9996,0.0004,14.3751,14.1237,0.2514,28349,0
284,5746,5810,299910307557,299910648543,299924735767,299925032691,0.341,20.0036,0.0036,14.3841,14.0872,0.2969,28350,0
285,5747,5811,299930301606,299930579476,299944729717,299944987144,0.2779,19.994,0.006,14.4077,14.1502,0.2574,28352,0
286,5748,5812,299950303594,299950637237,299964719697,299964917481,0.3336,20.002,0.002,14.2802,14.0825,0.1978,28354,0
287,5749,5813,299970310544,299970582659,299984740938,299985034289,0.2721,20.0069,0.0069,14.4516,14.1583,0.2934,28356,0
288,5750,5814,299990302608,299990634465,300004743819,300005063270,0.3319,19.9921,0.0079,14.4288,14.1094,0.3195,28358,0
289,5751,5815,300010306085,300010697584,300024734593,300024971775,0.3915,20.0035,0.0035,14.2742,14.037,0.2372,28360,0
290,5752,5816,300030311051,300030681709,300044780147,300045262153,0.3707,20.005,0.005,14.5804,14.0984,0.482,28362,0
291,5753,5817,300050310756,300050753463,300064760601,300065142176,0.4427,19.9997,0.0003,14.3887,14.0071,0.3816,28364,0
292,5754,5818,300070309966,300070724885,300084746313,300085051077,0.4149,19.9992,0.0008,14.3262,14.0214,0.3048,28366,0
293,5755,5819,300090307389,300090739973,300104750386,300105081944,0.4326,19.9974,0.0026,14.342,14.0104,0.3316,28368,0
294,5756,5820,300110314041,300110797238,300124751381,300125132957,0.4832,20.0067,0.0067,14.3357,13.9541,0.3816,28369,0
295,5757,5821,300130305609,300130695521,300144733224,300145040072,0.3899,19.9916,0.0084,14.3446,14.0377,0.3068,28371,0
296,5758,5822,300150302139,300150658408,300164833955,300165409444,0.3563,19.9965,0.0035,14.751,14.1755,0.5755,28373,0
297,5759,5823,300170326754,300171066682,300184773026,300185263963,0.7399,20.0246,0.0246,14.1973,13.7063,0.4909,28375,0
298,5760,5824,300190323978,300190882994,300204759830,300205191124,0.559,19.9972,0.0028,14.3081,13.8768,0.4313,28377,0
299,5761,5825,300210307310,300210754383,300224782063,300225257916,0.4471,19.9833,0.0167,14.5035,14.0277,0.4759,28379,0
300,5762,5826,300230302946,300230737317,300244764303,300245198772,0.4344,19.9956,0.0044,14.4615,14.027,0.4345,28381,0
301,5763,5827,300250310690,300250716381,300264742870,300265067383,0.4057,20.0077,0.0077,14.351,14.0265,0.3245,28383,0
302,5764,5828,300270308709,300270667261,300284728186,300284976285,0.3586,19.998,0.002,14.309,14.0609,0.2481,28385,0
303,5765,5829,300290298888,300290582018,300304727296,300304970929,0.2831,19.9902,0.0098,14.3889,14.1453,0.2436,28387,0
304,5766,5830,300310308617,300310618243,300324760292,300325167205,0.3096,20.0097,0.0097,14.549,14.142,0.4069,28388,0
305,5767,5831,300330310032,300330786203,300344747571,300345103186,0.4762,20.0014,0.0014,14.317,13.9614,0.3556,28390,0
306,5768,5832,300350308225,300350771993,300364766601,300365108424,0.4638,19.9982,0.0018,14.3364,13.9946,0.3418,28392,0
307,5769,5833,300370318722,300370685748,300384760131,300385144818,0.367,20.0105,0.0105,14.4591,14.0744,0.3847,28394,0
308,5770,5834,300390321777,300390785446,300404749593,300405143409,0.4637,20.0031,0.0031,14.358,13.9641,0.3938,28396,0
309,5771,5835,300410309652,300410783838,300424775568,300425249358,0.4742,19.9879,0.0121,14.4655,13.9917,0.4738,28398,0
310,5772,5836,300430315684,300430737877,300444781104,300445277914,0.4222,20.006,0.006,14.54,14.0432,0.4968,28400,0
311,5773,5837,300450308916,300450740040,300464742288,300465044918,0.4311,19.9932,0.0068,14.3049,14.0022,0.3026,28402,0
312,5774,5838,300470304728,300470681081,300484765783,300485163965,0.3764,19.9958,0.0042,14.4829,14.0847,0.3982,28404,0
313,5775,5839,300490307982,300490802112,300504766159,300505133185,0.4941,20.0033,0.0033,14.3311,13.964,0.367,28405,0
314,5776,5840,300510307564,300510706044,300524729227,300525005266,0.3985,19.9996,0.0004,14.2992,14.0232,0.276,28407,0
315,5777,5841,300530306353,300530596481,300544728711,300544956427,0.2901,19.9988,0.0012,14.3599,14.1322,0.2277,28409,0
316,5778,5842,300550308118,300550626525,300564714997,300564960773,0.3184,20.0018,0.0018,14.3342,14.0885,0.2458,28411,0
317,5779,5843,300570307006,300570644761,300584738393,300585029414,0.3378,19.9989,0.0011,14.3847,14.0936,0.291,28413,0
318,5780,5844,300590310359,300590662104,300604730931,300604980477,0.3517,20.0034,0.0034,14.3184,14.0688,0.2495,28415,0
319,5781,5845,300610308453,300610685203,300624779232,300625250938,0.3767,19.9981,0.0019,14.5657,14.094,0.4717,28417,0
320,5782,5846,300630311310,300630780337,300644749742,300645114188,0.469,20.0029,0.0029,14.3339,13.9694,0.3644,28419,0
321,5783,5847,300650312381,300650703617,300664709536,300665016433,0.3912,20.0011,0.0011,14.3128,14.0059,0.3069,28421,0
322,5784,5848,300670302636,300670653786,300684731543,300685000140,0.3512,19.9903,0.0097,14.3464,14.0778,0.2686,28423,0
323,5785,5849,300690305692,300690598995,300704735293,300705020162,0.2933,20.0031,0.0031,14.4212,14.1363,0.2849,28424,0
324,5786,5850,300710307655,300710616437,300724733585,300724992458,0.3088,20.002,0.002,14.376,14.1171,0.2589,28426,0
325,5787,5851,300730357544,300730656701,300744746761,300745072014,0.2992,20.0499,0.0499,14.4153,14.0901,0.3253,28428,0
326,5788,5852,300750301065,300750679006,300764728781,300764989539,0.3779,19.9435,0.0565,14.3105,14.0498,0.2608,28430,0
327,5789,5853,300770301839,300770607644,300784727967,300784967690,0.3058,20.0008,0.0008,14.36,14.1203,0.2397,28432,0
328,5790,5854,300790305985,300790625186,300804738266,300805034149,0.3192,20.0041,0.0041,14.409,14.1131,0.2959,28434,0
329,5791,5855,300810313406,300810661282,300824732490,300824985707,0.3479,20.0074,0.0074,14.3244,14.0712,0.2532,28436,0
330,5792,5856,300830302670,300830632586,300844732966,300844951653,0.3299,19.9893,0.0107,14.3191,14.1004,0.2187,28438,0
331,5793,5857,300850302649,300850648640,300864738005,300864996779,0.346,20.0,0.0,14.3481,14.0894,0.2588,28440,0
332,5794,5858,300870302033,300870601091,300884747808,300884990209,0.2991,19.9994,0.0006,14.3891,14.1467,0.2424,28441,0
333,5795,5859,300890309653,300890634509,300904729232,300904988899,0.3249,20.0076,0.0076,14.3544,14.0947,0.2597,28443,0
334,5796,5860,300910307747,300910627443,300924721572,300924928749,0.3197,19.9981,0.0019,14.3013,14.0941,0.2072,28445,0
335,5797,5861,300930300284,300930610356,300944725123,300944964945,0.3101,19.9925,0.0075,14.3546,14.1148,0.2398,28447,0
336,5798,5862,300950303836,300950622838,300964734132,300964933074,0.319,20.0036,0.0036,14.3102,14.1113,0.1989,28449,0
337,5799,5863,300970304113,300970644745,300984746911,300985109769,0.3406,20.0003,0.0003,14.465,14.1022,0.3629,28451,0
338,5800,5864,300990302406,300990664371,301004753340,301005104589,0.362,19.9983,0.0017,14.4402,14.089,0.3512,28453,0
339,5801,5865,301010300698,301010631210,301024730399,301024983516,0.3305,19.9983,0.0017,14.3523,14.0992,0.2531,28455,0
340,5802,5866,301030298891,301030600033,301044762725,301045179858,0.3011,19.9982,0.0018,14.5798,14.1627,0.4171,28457,0
341,5803,5867,301050306213,301050718882,301064746035,301065090437,0.4127,20.0073,0.0073,14.3716,14.0272,0.3444,28458,0
342,5804,5868,301070311848,301070868787,301084774590,301085195792,0.5569,20.0056,0.0056,14.327,13.9058,0.4212,28460,0
343,5805,5869,301090304585,301090755751,301104822593,301105166401,0.4512,19.9927,0.0073,14.4107,14.0668,0.3438,28462,0
344,5806,5870,301110303671,301110672185,301124749049,301125111113,0.3685,19.9991,0.0009,14.4389,14.0769,0.3621,28464,0
345,5807,5871,301130312580,301130713838,301144741785,301145081326,0.4013,20.0089,0.0089,14.3675,14.0279,0.3395,28466,0
346,5808,5872,301150301744,301150662718,301164742459,301165032587,0.361,19.9892,0.0108,14.3699,14.0797,0.2901,28468,0
347,5809,5873,301170299342,301170750112,301184745812,301185061341,0.4508,19.9976,0.0024,14.3112,13.9957,0.3155,28470,0
348,5810,5874,301190296345,301190680636,301204739540,301205085729,0.3843,19.997,0.003,14.4051,14.0589,0.3462,28472,0
349,5811,5875,301210310712,301210639041,301224743190,301225056537,0.3283,20.0144,0.0144,14.4175,14.1041,0.3133,28474,0
350,5812,5876,301230304242,301230696569,301244750909,301245050364,0.3923,19.9935,0.0065,14.3538,14.0543,0.2995,28476,0
351,5813,5877,301250307595,301250719370,301264752972,301265086560,0.4118,20.0034,0.0034,14.3672,14.0336,0.3336,28477,0
352,5814,5878,301270302018,301270997670,301284745808,301285066992,0.6957,19.9944,0.0056,14.0693,13.7481,0.3212,28479,0
353,5815,5879,301290305370,301290624670,301304761365,301305169072,0.3193,20.0034,0.0034,14.5444,14.1367,0.4077,28481,0
354,5816,5880,301310305052,301310761379,301324752938,301325145408,0.4563,19.9997,0.0003,14.384,13.9916,0.3925,28483,0
355,5817,5881,301330311103,301330754269,301344752313,301345165319,0.4432,20.0061,0.0061,14.411,13.998,0.413,28485,0
356,5818,5882,301350312264,301350767632,301364763097,301365125704,0.4554,20.0012,0.0012,14.3581,13.9955,0.3626,28487,0
357,5819,5883,301370297948,301370763137,301384743423,301385033112,0.4652,19.9857,0.0143,14.27,13.9803,0.2897,28489,0
358,5820,5884,301390295437,301390640882,301404729603,301404991315,0.3454,19.9975,0.0025,14.3504,14.0887,0.2617,28491,0
359,5821,5885,301410297491,301410624482,301424725902,301424951602,0.327,20.0021,0.0021,14.3271,14.1014,0.2257,28493,0
360,5822,5886,301430308671,301430644989,301444750377,301445100980,0.3363,20.0112,0.0112,14.456,14.1054,0.3506,28495,0
361,5823,5887,301450297629,301450704980,301464763144,301465163352,0.4074,19.989,0.011,14.4584,14.0582,0.4002,28496,0
362,5824,5888,301470303154,301470834814,301484757162,301485190406,0.5317,20.0055,0.0055,14.3556,13.9223,0.4332,28498,0
363,5825,5889,301490306994,301490745297,301504755148,301505142756,0.4383,20.0038,0.0038,14.3975,14.0099,0.3876,28500,0
364,5826,5890,301510299027,301510734652,301524746784,301525100264,0.4356,19.992,0.008,14.3656,14.0121,0.3535,28502,0
365,5827,5891,301530307727,301530760317,301544753401,301545139918,0.4526,20.0087,0.0087,14.3796,13.9931,0.3865,28504,0
366,5828,5892,301550299760,301550692428,301564739283,301565078378,0.3927,19.992,0.008,14.3859,14.0469,0.3391,28506,0
367,5829,5893,301570317885,301570684759,301584730721,301584985191,0.3669,20.0181,0.0181,14.3004,14.046,0.2545,28508,0
368,5830,5894,301590335514,301590674709,301604738231,301605078715,0.3392,20.0176,0.0176,14.404,14.0635,0.3405,28510,0
369,5831,5895,301610307111,301610663567,301624746435,301625065093,0.3565,19.9716,0.0284,14.4015,14.0829,0.3187,28512,0
370,5832,5896,301630309164,301630722963,301644755929,301645129350,0.4138,20.0021,0.0021,14.4064,14.033,0.3734,28513,0
371,5833,5897,301650320642,301650755970,301664744093,301665061958,0.4353,20.0115,0.0115,14.306,13.9881,0.3179,28515,0
372,5834,5898,301670306524,301670668140,301684731364,301685023137,0.3616,19.9859,0.0141,14.355,14.0632,0.2918,28517,0
373,5835,5899,301690309272,301690632295,301704735997,301704992352,0.323,20.0027,0.0027,14.3601,14.1037,0.2564,28519,0
374,5836,5900,301710310532,301710640103,301724723665,301724938749,0.3296,20.0013,0.0013,14.2986,14.0836,0.2151,28521,0
375,5837,5901,301730306632,301730572016,301744728893,301744975625,0.2654,19.9961,0.0039,14.4036,14.1569,0.2467,28523,0
376,5838,5902,301750307793,301750629626,301764730946,301764987004,0.3218,20.0012,0.0012,14.3574,14.1013,0.2561,28525,0
377,5839,5903,301770312624,301770848748,301784747484,301785107215,0.5361,20.0048,0.0048,14.2585,13.8987,0.3597,28527,0
378,5840,5904,301790309518,301790644149,301804735648,301805012738,0.3346,19.9969,0.0031,14.3686,14.0915,0.2771,28529,0
379,5841,5905,301810301452,301810576360,301824726193,301824965584,0.2749,19.9919,0.0081,14.3892,14.1498,0.2394,28531,0
380,5842,5906,301830301025,301830613930,301844724774,301844945216,0.3129,19.9996,0.0004,14.3313,14.1108,0.2204,28532,0
381,5843,5907,301850312305,301850935236,301864766809,301865154417,0.6229,20.0113,0.0113,14.2192,13.8316,0.3876,28534,0
382,5844,5908,301870318327,301870841752,301884748524,301885101409,0.5234,20.006,0.006,14.2597,13.9068,0.3529,28536,0
383,5845,5909,301890307384,301890685468,301904735994,301905047410,0.3781,19.9891,0.0109,14.3619,14.0505,0.3114,28538,0
384,5846,5910,301910309139,301910650616,301924740726,301925003430,0.3415,20.0018,0.0018,14.3528,14.0901,0.2627,28540,0
385,5847,5911,301930301470,301930630446,301944850619,301945364321,0.329,19.9923,0.0077,14.7339,14.2202,0.5137,28542,0
386,5848,5912,301950324159,301950763455,301964745031,301965088392,0.4393,20.0227,0.0227,14.3249,13.9816,0.3434,28544,0
387,5849,5913,301970299823,301970657668,301984733988,301985004927,0.3578,19.9757,0.0243,14.3473,14.0763,0.2709,28546,0
388,5850,5914,301990305745,301990666567,302004743185,302005068887,0.3608,20.0059,0.0059,14.4023,14.0766,0.3257,28548,0
389,5851,5915,302010326350,302010785091,302024760218,302025069749,0.4587,20.0206,0.0206,14.2847,13.9751,0.3095,28550,0
390,5852,5916,302030307867,302030677916,302044733402,302044994222,0.37,19.9815,0.0185,14.3163,14.0555,0.2608,28551,0
391,5853,5917,302050311409,302050642865,302064774047,302065361164,0.3315,20.0035,0.0035,14.7183,14.1312,0.5871,28553,0
392,5854,5918,302070346796,302070868535,302084775704,302085279485,0.5217,20.0354,0.0354,14.4109,13.9072,0.5038,28555,0
393,5855,5919,302090331686,302090850052,302104774682,302105296420,0.5184,19.9849,0.0151,14.4464,13.9246,0.5217,28557,0
394,5856,5920,302110341577,302110827402,302124792708,302125569710,0.4858,20.0099,0.0099,14.7423,13.9653,0.777,28559,0
395,5857,5921,302130334702,302130863682,302144773034,302145144075,0.529,19.9931,0.0069,14.2804,13.9094,0.371,28561,0
396,5858,5922,302150314929,302150683390,302164742646,302165098805,0.3685,19.9802,0.0198,14.4154,14.0593,0.3562,28563,0
397,5859,5923,302170308153,302170662923,302184752835,302185130423,0.3548,19.9932,0.0068,14.4675,14.0899,0.3776,28565,0
398,5860,5924,302190312885,302190717755,302204729590,302204988227,0.4049,20.0047,0.0047,14.2705,14.0118,0.2586,28567,0
399,5861,5925,302210309382,302210670006,302224730056,302224971430,0.3606,19.9965,0.0035,14.3014,14.0601,0.2414,28568,0
400,5862,5926,302230308559,302230612038,302244723180,302244954535,0.3035,19.9992,0.0008,14.3425,14.1111,0.2314,28570,0
401,5863,5927,302250307437,302250598515,302264731980,302264956588,0.2911,19.9989,0.0011,14.3581,14.1335,0.2246,28572,0
402,5864,5928,302270309590,302270652157,302284753478,302285144757,0.3426,20.0022,0.0022,14.4926,14.1013,0.3913,28574,0
403,5865,5929,302290312635,302290748062,302304747297,302305100480,0.4354,20.003,0.003,14.3524,13.9992,0.3532,28576,0
404,5866,5930,302310314788,302310756266,302324748445,302325064683,0.4415,20.0022,0.0022,14.3084,13.9922,0.3162,28578,0
405,5867,5931,302330307297,302330661527,302344751147,302345139202,0.3542,19.9925,0.0075,14.4777,14.0896,0.3881,28580,0
406,5868,5932,302350312677,302350693292,302364755733,302365065621,0.3806,20.0054,0.0054,14.3723,14.0624,0.3099,28582,0
407,5869,5933,302370310418,302370694010,302384737305,302385023486,0.3836,19.9977,0.0023,14.3295,14.0433,0.2862,28584,0
408,5870,5934,302390309052,302390669829,302404729789,302404981648,0.3608,19.9986,0.0014,14.3118,14.06,0.2519,28585,0
409,5871,5935,302410326236,302410758731,302424746080,302425078586,0.4325,20.0172,0.0172,14.3199,13.9873,0.3325,28587,0
410,5872,5936,302430307511,302430659459,302444724776,302444953820,0.3519,19.9813,0.0187,14.2944,14.0653,0.229,28589,0
411,5873,5937,302450307832,302450636568,302464732536,302464957414,0.3287,20.0003,0.0003,14.3208,14.096,0.2249,28591,0
412,5874,5938,302470311227,302470604054,302484763012,302485208502,0.2928,20.0034,0.0034,14.6044,14.159,0.4455,28593,0
413,5875,5939,302490324245,302490812687,302504745081,302505068559,0.4884,20.013,0.013,14.2559,13.9324,0.3235,28595,0
414,5876,5940,302510308595,302510676612,302524731117,302525000633,0.368,19.9843,0.0157,14.324,14.0545,0.2695,28597,0
415,5877,5941,302530311693,302530641421,302544724891,302544948578,0.3297,20.0031,0.0031,14.3072,14.0835,0.2237,28599,0
416,5878,5942,302550306359,302550618926,302564718069,302564910509,0.3126,19.9947,0.0053,14.2916,14.0991,0.1924,28601,0
417,5879,5943,302570318286,302570650097,302584749339,302585133823,0.3318,20.0119,0.0119,14.4837,14.0992,0.3845,28602,0
418,5880,5944,302590309282,302590998496,302604764638,302605184733,0.6892,19.991,0.009,14.1862,13.7661,0.4201,28604,0
419,5881,5945,302610310495,302610756481,302624739267,302625029614,0.446,20.0012,0.0012,14.2731,13.9828,0.2903,28606,0
420,5882,5946,302630307641,302630686670,302644699909,302644967937,0.379,19.9971,0.0029,14.2813,14.0132,0.268,28608,0
421,5883,5947,302650317286,302650774283,302664756473,302665264655,0.457,20.0096,0.0096,14.4904,13.9822,0.5082,28610,0
422,5884,5948,302670323856,302670850588,302684761258,302685224504,0.5267,20.0066,0.0066,14.3739,13.9107,0.4632,28612,0
423,5885,5949,302690322094,302690780975,302704761975,302705128604,0.4589,19.9982,0.0018,14.3476,13.981,0.3666,28614,0
424,5886,5950,302710339476,302710782585,302724752971,302725162849,0.4431,20.0174,0.0174,14.3803,13.9704,0.4099,28616,0
425,5887,5951,302730309641,302730676964,302744764005,302745234988,0.3673,19.9702,0.0298,14.558,14.087,0.471,28618,0
426,5888,5952,302750305696,302750731446,302764735459,302765052887,0.4258,19.9961,0.0039,14.3214,14.004,0.3174,28620,0
427,5889,5953,302770305620,302770715498,302784725959,302784959169,0.4099,19.9999,0.0001,14.2437,14.0105,0.2332,28621,0
428,5890,5954,302790306238,302790675842,302804750583,302805082295,0.3696,20.0006,0.0006,14.4065,14.0747,0.3317,28623,0
429,5891,5955,302810310824,302810694812,302824752887,302825099280,0.384,20.0046,0.0046,14.4045,14.0581,0.3464,28625,0
430,5892,5956,302830308565,302830673111,302844726921,302844977887,0.3645,19.9977,0.0023,14.3048,14.0538,0.251,28627,0
431,5893,5957,302850306703,302850627503,302864725654,302864955293,0.3208,19.9981,0.0019,14.3278,14.0982,0.2296,28629,0
432,5894,5958,302870300774,302870584574,302884756726,302885162438,0.2838,19.9941,0.0059,14.5779,14.1722,0.4057,28631,0
433,5895,5959,302890310023,302890722678,302904742068,302905037771,0.4127,20.0092,0.0092,14.3151,14.0194,0.2957,28633,0
434,5896,5960,302910303003,302910655645,302924699833,302925098006,0.3526,19.993,0.007,14.4424,14.0442,0.3982,28635,0
435,5897,5961,302930304017,302930739290,302944740328,302945004190,0.4353,20.001,0.001,14.2649,14.001,0.2639,28637,0
436,5898,5962,302950308306,302950645870,302964731622,302965012049,0.3376,20.0043,0.0043,14.3662,14.0858,0.2804,28638,0
437,5899,5963,302970302079,302970628633,302984727181,302984994018,0.3266,19.9938,0.0062,14.3654,14.0985,0.2668,28640,0
438,5900,5964,302990303193,302990656332,303004743174,303005095023,0.3531,20.0011,0.0011,14.4387,14.0868,0.3518,28642,0
439,5901,5965,303010307383,303010684626,303024729508,303024987616,0.3772,20.0042,0.0042,14.303,14.0449,0.2581,28644,0
440,5902,5966,303030302446,303030633662,303044729134,303044957781,0.3312,19.9951,0.0049,14.3241,14.0955,0.2286,28646,0
441,5903,5967,303050310404,303050627931,303064728165,303064961078,0.3175,20.008,0.008,14.3331,14.1002,0.2329,28648,0
442,5904,5968,303070312610,303070682016,303084760923,303085161774,0.3694,20.0022,0.0022,14.4798,14.0789,0.4009,28650,0
443,5905,5969,303090312037,303090783814,303104741206,303105048813,0.4718,19.9994,0.0006,14.265,13.9574,0.3076,28652,0
444,5906,5970,303110307993,303110648831,303124748569,303125011042,0.3408,19.996,0.004,14.3622,14.0997,0.2625,28654,0
445,5907,5971,303130303949,303130708967,303144753155,303145138730,0.405,19.996,0.004,14.4298,14.0442,0.3856,28655,0
446,5908,5972,303150313197,303150755116,303164735025,303165048386,0.4419,20.0092,0.0092,14.2933,13.9799,0.3134,28657,0
447,5909,5973,303170303995,303170654554,303184730981,303185007937,0.3506,19.9908,0.0092,14.3534,14.0764,0.277,28659,0
448,5910,5974,303190301836,303190637912,303204729615,303204976118,0.3361,19.9978,0.0022,14.3382,14.0917,0.2465,28661,0
449,5911,5975,303210301859,303210601133,303224758008,303225150726,0.2993,20.0,0.0,14.5496,14.1569,0.3927,28663,0
450,5912,5976,303230306048,303230735468,303244727876,303244986976,0.4294,20.0042,0.0042,14.2515,13.9924,0.2591,28665,0
451,5913,5977,303250303492,303250656927,303264735636,303265004953,0.3534,19.9974,0.0026,14.348,14.0787,0.2693,28667,0
452,5914,5978,303270304606,303270651594,303284744289,303285064891,0.347,20.0011,0.0011,14.4133,14.0927,0.3206,28669,0
453,5915,5979,303290303240,303290696850,303304726853,303304957484,0.3936,19.9986,0.0014,14.2606,14.03,0.2306,28671,0
454,5916,5980,303310304552,303310632098,303324739402,303325072168,0.3275,20.0013,0.0013,14.4401,14.1073,0.3328,28672,0
455,5917,5981,303330310930,303330744171,303344738206,303345029017,0.4332,20.0064,0.0064,14.2848,13.994,0.2908,28674,0
456,5918,5982,303350301502,303350610662,303364726298,303364965830,0.3092,19.9906,0.0094,14.3552,14.1156,0.2395,28676,0
457,5919,5983,303370302885,303370624542,303384729764,303384993795,0.3217,20.0014,0.0014,14.3693,14.1052,0.264,28678,0
458,5920,5984,303390302582,303390629496,303404757134,303405125507,0.3269,19.9997,0.0003,14.496,14.1276,0.3684,28680,0
459,5921,5985,303410310908,303410703284,303424733324,303425006678,0.3924,20.0083,0.0083,14.3034,14.03,0.2734,28682,0
460,5922,5986,303430308323,303430691674,303444795705,303445204943,0.3834,19.9974,0.0026,14.5133,14.104,0.4092,28684,0
461,5923,5987,303450305937,303450619263,303464759398,303465137889,0.3133,19.9976,0.0024,14.5186,14.1401,0.3785,28686,0
462,5924,5988,303470308312,303470649906,303484731819,303484995056,0.3416,20.0024,0.0024,14.3452,14.0819,0.2632,28688,0
463,5925,5989,303490321796,303490640081,303504738756,303505056645,0.3183,20.0135,0.0135,14.4166,14.0987,0.3179,28689,0
464,5926,5990,303510308103,303510640670,303524726154,303524955669,0.3326,19.9863,0.0137,14.315,14.0855,0.2295,28691,0
465,5927,5991,303530305816,303530624994,303544729223,303544975500,0.3192,19.9977,0.0023,14.3505,14.1042,0.2463,28693,0
466,5928,5992,303550304917,303550639965,303564740426,303564961311,0.335,19.9991,0.0009,14.3213,14.1005,0.2209,28695,0
467,5929,5993,303570304813,303570613378,303584709871,303584975588,0.3086,19.9999,0.0001,14.3622,14.0965,0.2657,28697,0
468,5930,5994,303590307386,303590622200,303604737340,303605036482,0.3148,20.0026,0.0026,14.4143,14.1151,0.2991,28699,0
469,5931,5995,303610311149,303610649172,303624729399,303624984206,0.338,20.0038,0.0038,14.335,14.0802,0.2548,28701,0
470,5932,5996,303630304201,303630661466,303644745859,303645059780,0.3573,19.9931,0.0069,14.3983,14.0844,0.3139,28703,0
471,5933,5997,303650301716,303650759951,303664752300,303665129402,0.4582,19.9975,0.0025,14.3695,13.9923,0.3771,28705,0
472,5934,5998,303670308355,303670700732,303684752592,303685151217,0.3924,20.0066,0.0066,14.4505,14.0519,0.3986,28706,0
473,5935,5999,303690300018,303690654704,303704745148,303705021676,0.3547,19.9917,0.0083,14.367,14.0904,0.2765,28708,0
474,5936,6000,303710297335,303710594989,303724736314,303724987055,0.2977,19.9973,0.0027,14.3921,14.1413,0.2507,28710,0
475,5937,6001,303730298222,303730587049,303744733333,303745007878,0.2888,20.0009,0.0009,14.4208,14.1463,0.2745,28712,0
476,5938,6002,303750300101,303750634950,303764743345,303765017592,0.3348,20.0019,0.0019,14.3826,14.1084,0.2742,28714,0
477,5939,6003,303770320825,303770702390,303784730942,303784994377,0.3816,20.0207,0.0207,14.292,14.0286,0.2634,28716,0
478,5940,6004,303790301081,303790625119,303804732325,303805008655,0.324,19.9803,0.0197,14.3835,14.1072,0.2763,28718,0
479,5941,6005,303810303159,303810620849,303824741246,303825015493,0.3177,20.0021,0.0021,14.3946,14.1204,0.2742,28720,0
480,5942,6006,303830309997,303830614991,303844738066,303844969168,0.305,20.0068,0.0068,14.3542,14.1231,0.2311,28722,0
481,5943,6007,303850300569,303850643749,303864748872,303865058230,0.3432,19.9906,0.0094,14.4145,14.1051,0.3094,28723,0
482,5944,6008,303870314548,303870682029,303884734286,303885017956,0.3675,20.014,0.014,14.3359,14.0523,0.2837,28725,0
483,5945,6009,303890303335,303890602180,303904726147,303904971531,0.2988,19.9888,0.0112,14.3694,14.124,0.2454,28727,0
484,5946,6010,303910306999,303910654246,303924731597,303925031434,0.3472,20.0037,0.0037,14.3772,14.0774,0.2998,28729,0
485,5947,6011,303930303026,303930613178,303944740716,303945015261,0.3102,19.996,0.004,14.4021,14.1275,0.2745,28731,0
486,5948,6012,303950311451,303950597997,303964742893,303964973994,0.2865,20.0084,0.0084,14.376,14.1449,0.2311,28733,0
487,5949,6013,303970306585,303970592040,303984736639,303984991544,0.2855,19.9951,0.0049,14.3995,14.1446,0.2549,28735,0
488,5950,6014,303990300133,303990679615,304004766984,304005215499,0.3795,19.9935,0.0065,14.5359,14.0874,0.4485,28737,0
489,5951,6015,304010308955,304010799921,304024756960,304025150725,0.491,20.0088,0.0088,14.3508,13.957,0.3938,28739,0
490,5952,6016,304030324025,304030729197,304044756459,304045139413,0.4052,20.0151,0.0151,14.4102,14.0273,0.383,28740,0
491,5953,6017,304050303191,304050664820,304064758040,304065122050,0.3616,19.9792,0.0208,14.4572,14.0932,0.364,28742,0
492,5954,6018,304070306062,304070664814,304084744843,304085060847,0.3588,20.0029,0.0029,14.396,14.08,0.316,28744,0
493,5955,6019,304090299807,304090650328,304104733431,304105014423,0.3505,19.9937,0.0063,14.3641,14.0831,0.281,28746,0
494,5956,6020,304110300496,304110737407,304124764867,304125234410,0.4369,20.0007,0.0007,14.497,14.0275,0.4695,28748,0
495,5957,6021,304130302474,304130771422,304144765060,304145237776,0.4689,20.002,0.002,14.4664,13.9936,0.4727,28750,0
496,5958,6022,304150298700,304150725196,304164739266,304165048526,0.4265,19.9962,0.0038,14.3233,14.0141,0.3093,28752,0
497,5959,6023,304170303852,304170662902,304184761676,304185151375,0.359,20.0052,0.0052,14.4885,14.0988,0.3897,28754,0
498,5960,6024,304190294225,304190677576,304204744413,304205071426,0.3834,19.9904,0.0096,14.3939,14.0668,0.327,28756,0
499,5961,6025,304210302749,304210677074,304224730323,304225003975,0.3743,20.0085,0.0085,14.3269,14.0532,0.2737,28757,0
500,5962,6026,304230301256,304230633229,304244723374,304244950012,0.332,19.9985,0.0015,14.3168,14.0901,0.2266,28759,0
501,5963,6027,304250297581,304250607733,304264726344,304264940287,0.3102,19.9963,0.0037,14.3326,14.1186,0.2139,28761,0
502,5964,6028,304270297377,304270598205,304284699459,304284951390,0.3008,19.9998,0.0002,14.3532,14.1013,0.2519,28763,0
503,5965,6029,304290310265,304290613871,304304768387,304305132298,0.3036,20.0129,0.0129,14.5184,14.1545,0.3639,28765,0
504,5966,6030,304310304916,304310687672,304324749175,304325051257,0.3828,19.9947,0.0053,14.3636,14.0615,0.3021,28767,0
505,5967,6031,304330299642,304330668722,304344747568,304345087411,0.3691,19.9947,0.0053,14.4187,14.0788,0.3398,28769,0
506,5968,6032,304350295459,304350640555,304364732285,304365017123,0.3451,19.9958,0.0042,14.3766,14.0917,0.2848,28771,0
507,5969,6033,304370308521,304370665510,304384741482,304385071612,0.357,20.0131,0.0131,14.4061,14.076,0.3301,28773,0
508,5970,6034,304390301365,304390680653,304404748696,304405099342,0.3793,19.9928,0.0072,14.4187,14.068,0.3506,28774,0
509,5971,6035,304410309471,304410734845,304424736584,304425015872,0.4254,20.0081,0.0081,14.281,14.0017,0.2793,28776,0
510,5972,6036,304430316983,304430639977,304444743402,304445058171,0.323,20.0075,0.0075,14.4182,14.1034,0.3148,28778,0
511,5973,6037,304450298231,304450711414,304464747842,304465110182,0.4132,19.9812,0.0188,14.3988,14.0364,0.3623,28780,0
512,5974,6038,304470304256,304470694644,304484731865,304485003917,0.3904,20.006,0.006,14.3093,14.0372,0.2721,28782,0
513,5975,6039,304490308993,304490600272,304504733232,304505022034,0.2913,20.0047,0.0047,14.4218,14.133,0.2888,28784,0
514,5976,6040,304510297079,304510713731,304524735689,304524998227,0.4167,19.9881,0.0119,14.2845,14.022,0.2625,28786,0
515,5977,6041,304530304492,304530630360,304544731902,304545017334,0.3259,20.0074,0.0074,14.387,14.1015,0.2854,28788,0
516,5978,6042,304550310913,304550697436,304564723854,304564953884,0.3865,20.0064,0.0064,14.2564,14.0264,0.23,28790,0
517,5979,6043,304570312181,304570691766,304584739195,304585049603,0.3796,20.0013,0.0013,14.3578,14.0474,0.3104,28791,0
518,5980,6044,304590312458,304590690358,304604730552,304604983080,0.3779,20.0003,0.0003,14.2927,14.0402,0.2525,28793,0
519,5981,6045,304610310951,304610641081,304624730631,304624995448,0.3301,19.9985,0.0015,14.3544,14.0895,0.2648,28795,0
520,5982,6046,304630308254,304630635609,304644731304,304645011186,0.3274,19.9973,0.0027,14.3756,14.0957,0.2799,28797,0
521,5983,6047,304650310811,304650660168,304664736933,304664988470,0.3494,20.0026,0.0026,14.3283,14.0768,0.2515,28799,0
522,5984,6048,304670306330,304670619215,304684726605,304684970511,0.3129,19.9955,0.0045,14.3513,14.1074,0.2439,28801,0
523,5985,6049,304690310769,304690636043,304704758002,304705273564,0.3253,20.0044,0.0044,14.6375,14.122,0.5156,28803,0
524,5986,6050,304710336022,304710804309,304724737565,304725063037,0.4683,20.0253,0.0253,14.2587,13.9333,0.3255,28805,0
525,5987,6051,304730308251,304730650769,304744723074,304744997010,0.3425,19.9722,0.0278,14.3462,14.0723,0.2739,28807,0
526,5988,6052,304750306347,304750589698,304764734451,304764996197,0.2834,19.9981,0.0019,14.4065,14.1448,0.2617,28808,0
527,5989,6053,304770305633,304770592651,304784731953,304784970111,0.287,19.9993,0.0007,14.3775,14.1393,0.2382,28810,0
528,5990,6054,304790315226,304790672512,304804732428,304805018554,0.3573,20.0096,0.0096,14.346,14.0599,0.2861,28812,0
529,5991,6055,304810311637,304810634235,304824727452,304824989891,0.3226,19.9964,0.0036,14.3557,14.0932,0.2624,28814,0
530,5992,6056,304830313103,304830588526,304844740217,304845002160,0.2754,20.0015,0.0015,14.4136,14.1517,0.2619,28816,0
531,5993,6057,304850312786,304850659665,304864760612,304865161704,0.3469,19.9997,0.0003,14.502,14.1009,0.4011,28818,0
532,5994,6058,304870323072,304870848743,304884736806,304885027293,0.5257,20.0103,0.0103,14.1785,13.8881,0.2905,28820,0
533,5995,6059,304890311456,304890702439,304904739164,304905002991,0.391,19.9884,0.0116,14.3006,14.0367,0.2638,28822,0
534,5996,6060,304910310147,304910669217,304924735080,304925017242,0.3591,19.9987,0.0013,14.348,14.0659,0.2822,28824,0
535,5997,6061,304930306361,304930608443,304944743682,304945063108,0.3021,19.9962,0.0038,14.4547,14.1352,0.3194,28826,0
536,5998,6062,304950308520,304950637263,304964726714,304964958330,0.3287,20.0022,0.0022,14.3211,14.0895,0.2316,28827,0
537,5999,6063,304970304535,304970598293,304984755336,304985127686,0.2938,19.996,0.004,14.5294,14.157,0.3724,28829,0
538,6000,6064,304990317795,304990779641,305004773155,305005201997,0.4618,20.0133,0.0133,14.4224,13.9935,0.4288,28831,0
539,6001,6065,305010314504,305010738193,305024736266,305025043601,0.4237,19.9967,0.0033,14.3054,13.9981,0.3073,28833,0
540,6002,6066,305030323998,305030707845,305044735651,305044993630,0.3838,20.0095,0.0095,14.2858,14.0278,0.258,28835,0
541,6003,6067,305050307724,305050618429,305064724530,305064992420,0.3107,19.9837,0.0163,14.374,14.1061,0.2679,28837,0
542,6004,6068,305070307208,305070615237,305084732042,305085021636,0.308,19.9995,0.0005,14.4064,14.1168,0.2896,28839,0
543,6005,6069,305090308278,305090595196,305104745500,305105053727,0.2869,20.0011,0.0011,14.4585,14.1503,0.3082,28841,0
544,6006,6070,305110306374,305110627882,305124747858,305125100684,0.3215,19.9981,0.0019,14.4728,14.12,0.3528,28843,0
545,6007,6071,305130312399,305130670973,305144747936,305145067462,0.3586,20.006,0.006,14.3965,14.077,0.3195,28845,0
546,6008,6072,305150310000,305150764908,305164762881,305165116797,0.4549,19.9976,0.0024,14.3519,13.998,0.3539,28846,0
547,6009,6073,305170320782,305170721378,305184758797,305185095469,0.4006,20.0108,0.0108,14.3741,14.0374,0.3367,28848,0
548,6010,6074,305190301634,305190702428,305204738460,305205068590,0.4008,19.9809,0.0191,14.3662,14.036,0.3301,28850,0
549,6011,6075,305210308551,305210662467,305224733583,305224977786,0.3539,20.0069,0.0069,14.3153,14.0711,0.2442,28852,0
550,6012,6076,305230310215,305230642724,305244745158,305244986784,0.3325,20.0017,0.0017,14.3441,14.1024,0.2416,28854,0
551,6013,6077,305250309798,305250694339,305264743254,305265087160,0.3845,19.9996,0.0004,14.3928,14.0489,0.3439,28856,0
552,6014,6078,305270311661,305270735250,305285009058,305285280520,0.4236,20.0019,0.0019,14.5453,14.2738,0.2715,28858,0
553,6015,6079,305290465542,305290770988,305304942840,305305223311,0.3054,20.1539,0.1539,14.4523,14.1719,0.2805,28860,0
554,6016,6080,305310471592,305310916864,305325146448,305325463871,0.4453,20.006,0.006,14.547,14.2296,0.3174,28862,0
555,6017,6081,305330460240,305330835191,305345168672,305345621109,0.375,19.9886,0.0114,14.7859,14.3335,0.4524,28863,0
556,6018,6082,305350468542,305350937665,305365141864,305365455704,0.4691,20.0083,0.0083,14.518,14.2042,0.3138,28865,0
557,6019,6083,305370367420,305370691394,305385132662,305385388566,0.324,19.8989,0.1011,14.6972,14.4413,0.2559,28867,0
558,6020,6084,305390371320,305390780255,305405153350,305405518883,0.4089,20.0039,0.0039,14.7386,14.3731,0.3655,28869,0
559,6021,6085,305410368772,305410740959,305425134526,305425410185,0.3722,19.9975,0.0025,14.6692,14.3936,0.2757,28871,0
560,6022,6086,305430372365,305430684773,305445162788,305445568856,0.3124,20.0036,0.0036,14.8841,14.478,0.4061,28873,0
561,6023,6087,305450378620,305450792263,305465139870,305465429860,0.4136,20.0063,0.0063,14.6376,14.3476,0.29,28875,0
562,6024,6088,305470363993,305470699534,305485133944,305485376438,0.3355,19.9854,0.0146,14.6769,14.4344,0.2425,28877,0
563,6025,6089,305490362264,305490643042,305505160261,305505622424,0.2808,19.9983,0.0017,14.9794,14.5172,0.4622,28879,0
564,6026,6090,305510363708,305510783799,305525178800,305525702686,0.4201,20.0014,0.0014,14.9189,14.395,0.5239,28880,0
565,6027,6091,305530403128,305531227343,305545170929,305545573926,0.8242,20.0394,0.0394,14.3466,13.9436,0.403,28882,0
566,6028,6092,305550361477,305550794569,305565177695,305565668826,0.4331,19.9583,0.0417,14.8743,14.3831,0.4911,28884,0
567,6029,6093,305570363023,305570824060,305585164808,305585561664,0.461,20.0015,0.0015,14.7376,14.3407,0.3969,28886,0
568,6030,6094,305590362113,305590889070,305605188055,305605626367,0.527,19.9991,0.0009,14.7373,14.299,0.4383,28888,0
569,6031,6095,305610380037,305610855813,305625188885,305625640402,0.4758,20.0179,0.0179,14.7846,14.3331,0.4515,28890,0
570,6032,6096,305630371040,305630980910,305645237824,305645785459,0.6099,19.991,0.009,14.8045,14.2569,0.5476,28892,0
571,6033,6097,305650361326,305650844473,305665211221,305665794272,0.4831,19.9903,0.0097,14.9498,14.3667,0.5831,28894,0
572,6034,6098,305670323668,305670781633,305685173256,305685643812,0.458,19.9623,0.0377,14.8622,14.3916,0.4706,28896,0
573,6035,6099,305690301978,305690717566,305705134983,305705441454,0.4156,19.9783,0.0217,14.7239,14.4174,0.3065,28897,0
574,6036,6100,305710377634,305710786159,305725153112,305725507488,0.4085,20.0757,0.0757,14.7213,14.367,0.3544,28899,0
575,6037,6101,305730473455,305730964483,305745193965,305745760024,0.491,20.0958,0.0958,14.7955,14.2295,0.5661,28901,0
576,6038,6102,305750482474,305750945250,305765160913,305765520611,0.4628,20.009,0.009,14.5754,14.2157,0.3597,28903,0
577,6039,6103,305770477264,305770839010,305785159286,305785542323,0.3617,19.9948,0.0052,14.7033,14.3203,0.383,28905,0
578,6040,6104,305790371740,305790756517,305805148242,305805504664,0.3848,19.8945,0.1055,14.7481,14.3917,0.3564,28907,0
579,6041,6105,305810462750,305810803000,305825149481,305825465778,0.3402,20.091,0.091,14.6628,14.3465,0.3163,28909,0
580,6042,6106,305830466446,305830833719,305845173239,305845506528,0.3673,20.0037,0.0037,14.6728,14.3395,0.3333,28911,0
581,6043,6107,305850465842,305850828305,305865135581,305865391894,0.3625,19.9994,0.0006,14.5636,14.3073,0.2563,28913,0
582,6044,6108,305870464830,305870847969,305885147568,305885462637,0.3831,19.999,0.001,14.6147,14.2996,0.3151,28914,0
583,6045,6109,305890466069,305890771823,305905138059,305905435112,0.3058,20.0012,0.0012,14.6633,14.3662,0.2971,28916,0
584,6046,6110,305910465158,305910794353,305925126810,305925376982,0.3292,19.9991,0.0009,14.5826,14.3325,0.2502,28918,0
585,6047,6111,305930364548,305930711451,305945142687,305945400740,0.3469,19.8994,0.1006,14.6893,14.4312,0.2581,28920,0
586,6048,6112,305950460266,305950758855,305965135409,305965416480,0.2986,20.0957,0.0957,14.6576,14.3766,0.2811,28922,0
587,6049,6113,305970464695,305970797577,305985139252,305985377317,0.3329,20.0044,0.0044,14.5797,14.3417,0.2381,28924,0
588,6050,6114,305990361844,305990642402,306005136644,306005393037,0.2806,19.8971,0.1029,14.7506,14.4942,0.2564,28926,0
589,6051,6115,306010372444,306010733792,306025160043,306025485655,0.3613,20.0106,0.0106,14.7519,14.4263,0.3256,28928,0
590,6052,6116,306030374341,306030758113,306045136649,306045406764,0.3838,20.0019,0.0019,14.6487,14.3785,0.2701,28930,0
591,6053,6117,306050344496,306050683215,306065137420,306065393507,0.3387,19.9702,0.0298,14.7103,14.4542,0.2561,28931,0
592,6054,6118,306070329396,306070695761,306085136143,306085387929,0.3664,19.9849,0.0151,14.6922,14.4404,0.2518,28933,0
593,6055,6119,306090325457,306090684040,306105148177,306105463550,0.3586,19.9961,0.0039,14.7795,14.4641,0.3154,28935,0
594,6056,6120,306110357560,306110692490,306125140961,306125412817,0.3349,20.0321,0.0321,14.7203,14.4485,0.2719,28937,0
595,6057,6121,306130363860,306130658345,306145144906,306145435397,0.2945,20.0063,0.0063,14.7771,14.4866,0.2905,28939,0
596,6058,6122,306150365348,306150725262,306165151206,306165468217,0.3599,20.0015,0.0015,14.743,14.4259,0.317,28941,0
597,6059,6123,306170372467,306170777639,306185147574,306185427928,0.4052,20.0071,0.0071,14.6503,14.3699,0.2804,28943,0
598,6060,6124,306190378972,306190759569,306205135853,306205407401,0.3806,20.0065,0.0065,14.6478,14.3763,0.2715,28945,0
599,6061,6125,306210366124,306210676173,306225156591,306225535550,0.31,19.9872,0.0128,14.8594,14.4804,0.379,28947,0
600,6062,6126,306230372117,306230771862,306245143743,306245452050,0.3997,20.006,0.006,14.6802,14.3719,0.3083,28948,0
601,6063,6127,306250362341,306250699626,306265143899,306265455893,0.3373,19.9902,0.0098,14.7563,14.4443,0.312,28950,0
602,6064,6128,306270356661,306270714732,306285006572,306285275002,0.3581,19.9943,0.0057,14.5603,14.2918,0.2684,28952,0
603,6065,6129,306290338967,306290711322,306305085586,306305409701,0.3724,19.9823,0.0177,14.6984,14.3743,0.3241,28954,0
604,6066,6130,306310328640,306310691306,306325102183,306325425992,0.3627,19.9897,0.0103,14.7347,14.4109,0.3238,28956,0
605,6067,6131,306330312601,306330637124,306345075333,306345373339,0.3245,19.984,0.016,14.7362,14.4382,0.298,28958,0
606,6068,6132,306350319305,306351087268,306365098661,306365515890,0.768,20.0067,0.0067,14.4286,14.0114,0.4172,28960,0
607,6069,6133,306370440235,306370803411,306385099042,306385498730,0.3632,20.1209,0.1209,14.6953,14.2956,0.3997,28962,0
608,6070,6134,306390438270,306390800528,306405100443,306405450769,0.3623,19.998,0.002,14.6502,14.2999,0.3503,28964,0
609,6071,6135,306410444159,306410832423,306425092971,306425451150,0.3883,20.0059,0.0059,14.6187,14.2605,0.3582,28965,0
610,6072,6136,306430441888,306430868806,306445088661,306445530571,0.4269,19.9977,0.0023,14.6618,14.2199,0.4419,28967,0
611,6073,6137,306450459913,306450899375,306465103014,306465523099,0.4395,20.018,0.018,14.6237,14.2036,0.4201,28969,0
612,6074,6138,306470458254,306471060998,306485075349,306485379372,0.6027,19.9983,0.0017,14.3184,14.0144,0.304,28971,0
613,6075,6139,306490436912,306490797844,306505080217,306505411777,0.3609,19.9787,0.0213,14.6139,14.2824,0.3316,28973,0
614,6076,6140,306510444840,306510847383,306525089879,306525453259,0.4025,20.0079,0.0079,14.6059,14.2425,0.3634,28975,0
615,6077,6141,306530454808,306531109565,306544756355,306545138806,0.6548,20.01,0.01,14.0292,13.6468,0.3825,28977,0
616,6078,6142,306550360647,306550710973,306564864944,306565234137,0.3503,19.9058,0.0942,14.5232,14.154,0.3692,28979,0
617,6079,6143,306570364190,306570714821,306584829630,306585128146,0.3506,20.0035,0.0035,14.4133,14.1148,0.2985,28981,0
618,6080,6144,306590437593,306590788327,306604774122,306605178704,0.3507,20.0734,0.0734,14.3904,13.9858,0.4046,28982,0
619,6081,6145,306610438076,306610794215,306624770219,306625139209,0.3561,20.0005,0.0005,14.345,13.976,0.369,28984,0
620,6082,6146,306630447126,306630895972,306644759484,306645082375,0.4488,20.009,0.0091,14.1864,13.8635,0.3229,28986,0
621,6083,6147,306650442000,306650842299,306664764352,306665093873,0.4003,19.9949,0.0051,14.2516,13.9221,0.3295,28988,0
622,6084,6148,306670361098,306670721826,306684770445,306685125666,0.3607,19.9191,0.0809,14.4038,14.0486,0.3552,28990,0
623,6085,6149,306690358827,306690743624,306704771438,306705229462,0.3848,19.9977,0.0023,14.4858,14.0278,0.458,28992,0
624,6086,6150,306710376342,306710857109,306724771717,306725185988,0.4808,20.0175,0.0175,14.3289,13.9146,0.4143,28994,0
625,6087,6151,306730381414,306730812514,306744770568,306745130480,0.4311,20.0051,0.0051,14.318,13.9581,0.3599,28996,0
626,6088,6152,306750357216,306750767714,306764746778,306765022449,0.4105,19.9758,0.0242,14.2547,13.9791,0.2757,28998,0
627,6089,6153,306770356986,306770687628,306784756236,306785037312,0.3306,19.9998,0.0002,14.3497,14.0686,0.2811,28999,0
628,6090,6154,306790359814,306790666388,306804746418,306805010361,0.3066,20.0028,0.0028,14.344,14.08,0.2639,29001,0
629,6091,6155,306810363765,306810731938,306824769033,306825043174,0.3682,20.004,0.004,14.3112,14.0371,0.2741,29003,0
630,6092,6156,306830359353,306830715695,306845072519,306845375625,0.3563,19.9956,0.0044,14.6599,14.3568,0.3031,29005,0
631,6093,6157,306850357694,306850647439,306865086465,306865376006,0.2897,19.9983,0.0017,14.7286,14.439,0.2895,29007,0
632,6094,6158,306870395810,306870730940,306885063185,306885305302,0.3351,20.0381,0.0381,14.5744,14.3322,0.2421,29009,0
633,6095,6159,306890368553,306890778337,306905074886,306905343418,0.4098,19.9727,0.0273,14.5651,14.2965,0.2685,29011,0
634,6096,6160,306910360061,306910785755,306925082101,306925425797,0.4257,19.9915,0.0085,14.64,14.2963,0.3437,29013,0
635,6097,6161,306930357994,306930714847,306945067591,306945325619,0.3569,19.9979,0.0021,14.6108,14.3527,0.258,29015,0
636,6098,6162,306950345219,306950712169,306965067871,306965348539,0.3669,19.9872,0.0128,14.6364,14.3557,0.2807,29016,0
637,6099,6163,306970347640,306970635447,306985067028,306985351062,0.2878,20.0024,0.0024,14.7156,14.4316,0.284,29018,0
638,6100,6164,306990333335,306990630933,307005077914,307005346038,0.2976,19.9857,0.0143,14.7151,14.447,0.2681,29020,0
639,6101,6165,307010323109,307010622849,307024836279,307025151419,0.2997,19.9898,0.0102,14.5286,14.2134,0.3151,29022,0
640,6102,6166,307030311048,307030617927,307044863585,307045299172,0.3069,19.9879,0.0121,14.6812,14.2457,0.4356,29024,0
641,6103,6167,307050304800,307050726312,307065076711,307065350546,0.4215,19.9938,0.0062,14.6242,14.3504,0.2738,29026,0
642,6104,6168,307070331901,307070648469,307085110646,307085617624,0.3166,20.0271,0.0271,14.9692,14.4622,0.507,29028,0
643,6105,6169,307090461602,307091146547,307104790379,307105198226,0.6849,20.1297,0.1297,14.0517,13.6438,0.4078,29030,0
644,6106,6170,307110365707,307110828015,307125099068,307125442764,0.4623,19.9041,0.0959,14.6147,14.2711,0.3437,29032,0
645,6107,6171,307130457367,307130880919,307144862125,307145293428,0.4236,20.0917,0.0917,14.4125,13.9812,0.4313,29033,0
646,6108,6172,307150368509,307150812153,307165078208,307165377031,0.4436,19.9111,0.0889,14.5649,14.2661,0.2988,29035,0
647,6109,6173,307170437324,307170803763,307185069003,307185351813,0.3664,20.0688,0.0688,14.548,14.2652,0.2828,29037,0
648,6110,6174,307190438113,307190784563,307205072749,307205357599,0.3464,20.0008,0.0008,14.573,14.2882,0.2848,29039,0
649,6111,6175,307210367205,307210750880,307225075374,307225352473,0.3837,19.9291,0.0709,14.6016,14.3245,0.2771,29041,0
650,6112,6176,307230440099,307230736269,307245080549,307245409049,0.2962,20.0729,0.0729,14.6728,14.3443,0.3285,29043,0
651,6113,6177,307250365315,307250746951,307265079808,307265388523,0.3816,19.9252,0.0748,14.6416,14.3329,0.3087,29045,0
652,6114,6178,307270444328,307270840650,307285047726,307285341237,0.3963,20.079,0.079,14.5006,14.2071,0.2935,29047,0
653,6115,6179,307290422191,307290748326,307304945605,307305217266,0.3261,19.9779,0.0221,14.4689,14.1973,0.2717,29049,0
654,6116,6180,307310424852,307310807494,307324886881,307325183746,0.3826,20.0027,0.0027,14.3763,14.0794,0.2969,29050,0
655,6117,6181,307330417452,307330822554,307345023695,307345509594,0.4051,19.9926,0.0074,14.687,14.2011,0.4859,29052,0
656,6118,6182,307350418486,307350763016,307365011314,307365295374,0.3445,20.001,0.001,14.5324,14.2483,0.2841,29054,0
657,6119,6183,307370412813,307370772893,307385012857,307385290921,0.3601,19.9943,0.0057,14.518,14.24,0.2781,29056,0
658,6120,6184,307390410698,307390680427,307405007489,307405292870,0.2697,19.9979,0.0021,14.6124,14.3271,0.2854,29058,0
659,6121,6185,307410349331,307410666319,307425017163,307425289535,0.317,19.9386,0.0614,14.6232,14.3508,0.2724,29060,0
660,6122,6186,307430349756,307430690322,307445035068,307445420657,0.3406,20.0004,0.0004,14.7303,14.3447,0.3856,29062,0
661,6123,6187,307450365324,307450722456,307465017098,307465287031,0.3571,20.0156,0.0156,14.5646,14.2946,0.2699,29064,0
662,6124,6188,307470347252,307470661394,307485024231,307485352805,0.3141,19.9819,0.0181,14.6914,14.3628,0.3286,29066,0
663,6125,6189,307490370036,307490797802,307505018761,307505314915,0.4278,20.0228,0.0228,14.5171,14.221,0.2962,29067,0
664,6126,6190,307510344748,307510677590,307525011665,307525276618,0.3328,19.9747,0.0253,14.599,14.3341,0.265,29069,0
665,6127,6191,307530350356,307530671816,307545005992,307545239236,0.3215,20.0056,0.0056,14.5674,14.3342,0.2332,29071,0
666,6128,6192,307550373547,307550776819,307565032537,307565438350,0.4033,20.0232,0.0232,14.6615,14.2557,0.4058,29073,0
667,6129,6193,307570351206,307570738625,307585051459,307585521910,0.3874,19.9777,0.0223,14.7833,14.3128,0.4705,29075,0
668,6130,6194,307590361489,307590826961,307605049546,307605671529,0.4655,20.0103,0.0103,14.8446,14.2226,0.622,29077,0
669,6131,6195,307610360390,307610854521,307625065521,307625616464,0.4941,19.9989,0.0011,14.7619,14.211,0.5509,29079,0
670,6132,6196,307630388357,307630918161,307644779447,307645299189,0.5298,20.028,0.028,14.381,13.8613,0.5197,29081,0
671,6133,6197,307650357378,307650786363,307664895630,307665210890,0.429,19.969,0.031,14.4245,14.1093,0.3153,29083,0
672,6134,6198,307670346623,307670678043,307684886197,307685154402,0.3314,19.9892,0.0108,14.4764,14.2082,0.2682,29084,0
673,6135,6199,307690347760,307690693916,307704946076,307705404331,0.3462,20.0011,0.0011,14.7104,14.2522,0.4583,29086,0
674,6136,6200,307710359771,307710841401,307724855541,307725331683,0.4816,20.012,0.012,14.4903,14.0141,0.4761,29088,0
675,6137,6201,307730367716,307730894776,307744860336,307745381908,0.5271,20.0079,0.0079,14.4871,13.9656,0.5216,29090,0
676,6138,6202,307750325761,307750840930,307764780777,307765234358,0.5152,19.958,0.042,14.3934,13.9398,0.4536,29092,0
677,6139,6203,307770386352,307770905383,307784888626,307785322084,0.519,20.0606,0.0606,14.4167,13.9832,0.4335,29094,0
678,6140,6204,307790313501,307790666060,307804879092,307805157358,0.3526,19.9271,0.0729,14.4913,14.213,0.2783,29096,0
679,6141,6205,307810303356,307810617600,307824875045,307825116724,0.3142,19.9899,0.0101,14.4991,14.2574,0.2417,29098,0
680,6142,6206,307830331221,307830619854,307844877401,307845130463,0.2886,20.0279,0.0279,14.5106,14.2575,0.2531,29100,0
681,6143,6207,307850326057,307850629324,307864878639,307865155482,0.3033,19.9948,0.0052,14.5262,14.2493,0.2768,29101,0
682,6144,6208,307870331665,307870675992,307884868494,307885068708,0.3443,20.0056,0.0056,14.3927,14.1925,0.2002,29103,0
683,6145,6209,307890314304,307890621536,307904874610,307905091288,0.3072,19.9826,0.0174,14.4698,14.2531,0.2167,29105,0
684,6146,6210,307910311680,307910573584,307924894752,307925236131,0.2619,19.9974,0.0026,14.6625,14.3212,0.3414,29107,0
685,6147,6211,307930315459,307930695357,307944881965,307945142039,0.3799,20.0038,0.0038,14.4467,14.1866,0.2601,29109,0
686,6148,6212,307950360907,307950738365,307964883813,307965175088,0.3775,20.0454,0.0454,14.4367,14.1454,0.2913,29111,0
687,6149,6213,307970360722,307970753933,307984881798,307985136791,0.3932,19.9998,0.0002,14.3829,14.1279,0.255,29113,0
688,6150,6214,307990350679,307990666346,308004873991,308005105202,0.3157,19.99,0.01,14.4389,14.2076,0.2312,29115,0
689,6151,6215,308010366145,308010747669,308024906227,308025313463,0.3815,20.0155,0.0155,14.5658,14.1586,0.4072,29117,0
690,6152,6216,308030366977,308030809073,308044923828,308045472738,0.4421,20.0008,0.0008,14.6637,14.1148,0.5489,29118,0
691,6153,6217,308050380614,308050883282,308064869473,308065481598,0.5027,20.0136,0.0136,14.5983,13.9862,0.6121,29120,0
692,6154,6218,308070395877,308070968874,308084850283,308085255792,0.573,20.0153,0.0153,14.2869,13.8814,0.4055,29122,0
693,6155,6219,308090374045,308091022046,308104930387,308105439763,0.648,19.9782,0.0218,14.4177,13.9083,0.5094,29124,0
694,6156,6220,308110363798,308110888622,308124856012,308125307864,0.5248,19.9898,0.0102,14.4192,13.9674,0.4519,29126,0
695,6157,6221,308130330787,308130814247,308144837838,308145251274,0.4835,19.967,0.033,14.437,14.0236,0.4134,29128,0
696,6158,6222,308150308345,308150743530,308164891111,308165234727,0.4352,19.9776,0.0224,14.4912,14.1476,0.3436,29130,0
697,6159,6223,308170414669,308170799141,308184944588,308185616574,0.3845,20.1063,0.1063,14.8174,14.1454,0.672,29132,0
698,6160,6224,308190428205,308190873248,308204842365,308205221043,0.445,20.0135,0.0135,14.3478,13.9691,0.3787,29134,0
699,6161,6225,308210426597,308211044210,308224896045,308225249722,0.6176,19.9984,0.0016,14.2055,13.8518,0.3537,29135,0
700,6162,6226,308230444808,308231168626,308244787013,308245259090,0.7238,20.0182,0.0182,14.0905,13.6184,0.4721,29137,0
701,6163,6227,308250433748,308251010099,308264924335,308265387063,0.5764,19.9889,0.0111,14.377,13.9142,0.4627,29139,0
702,6164,6228,308270424213,308270895071,308284907287,308285464547,0.4709,19.9905,0.0095,14.5695,14.0122,0.5573,29141,0
703,6165,6229,308290405008,308290866318,308304824052,308305187891,0.4613,19.9808,0.0192,14.3216,13.9577,0.3638,29143,0
704,6166,6230,308310411441,308310961608,308324876990,308325232623,0.5502,20.0064,0.0064,14.271,13.9154,0.3556,29145,0
705,6167,6231,308330411592,308330874725,308344940568,308345453550,0.4631,20.0002,0.0002,14.5788,14.0658,0.513,29147,0
706,6168,6232,308350404955,308350788653,308364899177,308365312056,0.3837,19.9934,0.0066,14.5234,14.1105,0.4129,29149,0
707,6169,6233,308370396088,308370788703,308385011186,308385545344,0.3926,19.9911,0.0089,14.7566,14.2225,0.5342,29151,0
708,6170,6234,308390352976,308390845289,308404972632,308405324111,0.4923,19.9569,0.0431,14.4788,14.1273,0.3515,29152,0
709,6171,6235,308410351505,308410740169,308424982105,308425408763,0.3887,19.9985,0.0015,14.6686,14.2419,0.4267,29154,0
710,6172,6236,308430347502,308430844477,308444978000,308445365245,0.497,19.996,0.004,14.5208,14.1335,0.3872,29156,0
711,6173,6237,308450361939,308450931054,308465005103,308465502280,0.5691,20.0144,0.0144,14.5712,14.074,0.4972,29158,0
712,6174,6238,308470358747,308470891183,308485001302,308485415903,0.5324,19.9968,0.0032,14.5247,14.1101,0.4146,29160,0
713,6175,6239,308490352211,308490808049,308505029519,308505689416,0.4558,19.9935,0.0065,14.8814,14.2215,0.6599,29162,0
714,6176,6240,308510387317,308511057447,308525021666,308525631206,0.6701,20.0351,0.0351,14.5738,13.9642,0.6095,29164,0
715,6177,6241,308530360112,308530817470,308545021513,308545618490,0.4574,19.9728,0.0272,14.801,14.204,0.597,29166,0
716,6178,6242,308550405350,308551223914,308565020650,308565623707,0.8186,20.0452,0.0452,14.3998,13.7967,0.6031,29168,0
717,6179,6243,308570357678,308570892850,308585004084,308585553643,0.5352,19.9523,0.0477,14.6608,14.1112,0.5496,29169,0
718,6180,6244,308590351953,308590816910,308604997041,308605464227,0.465,19.9943,0.0057,14.6473,14.1801,0.4672,29171,0
719,6181,6245,308610358892,308610846342,308624981183,308625363160,0.4874,20.0069,0.0069,14.5168,14.1348,0.382,29173,0
720,6182,6246,308630351850,308630783574,308644990048,308645386716,0.4317,19.993,0.007,14.6031,14.2065,0.3967,29175,0
721,6183,6247,308650384626,308650991127,308664787863,308665203275,0.6065,20.0328,0.0328,14.2121,13.7967,0.4154,29177,0
722,6184,6248,308670342526,308670783369,308684984575,308685376075,0.4408,19.9579,0.0421,14.5927,14.2012,0.3915,29179,0
723,6185,6249,308690351087,308690735900,308704975607,308705352517,0.3848,20.0086,0.0086,14.6166,14.2397,0.3769,29181,0
724,6186,6250,308710344145,308710750844,308724993996,308725461486,0.4067,19.9931,0.0069,14.7106,14.2432,0.4675,29183,0
725,6187,6251,308730356151,308730825161,308745014512,308745498112,0.469,20.012,0.012,14.673,14.1894,0.4836,29185,0
726,6188,6252,308750351439,308750948213,308764999364,308765420449,0.5968,19.9953,0.0047,14.4722,14.0512,0.4211,29186,0
727,6189,6253,308770340343,308770791825,308784986850,308785409050,0.4515,19.9889,0.0111,14.6172,14.195,0.4222,29188,0
728,6190,6254,308790340595,308790788936,308805031885,308805666148,0.4483,20.0003,0.0003,14.8772,14.2429,0.6343,29190,0
729,6191,6255,308810351892,308810998617,308825021195,308825567918,0.6467,20.0113,0.0113,14.5693,14.0226,0.5467,29192,0
730,6192,6256,308830316378,308830824700,308845012126,308845507581,0.5083,19.9645,0.0355,14.6829,14.1874,0.4955,29194,0
731,6193,6257,308850330309,308850816239,308864783497,308865215525,0.4859,20.0139,0.0139,14.3993,13.9673,0.432,29196,0
732,6194,6258,308870390745,308870922573,308885003613,308885553983,0.5318,20.0604,0.0604,14.6314,14.081,0.5504,29198,0
733,6195,6259,308890420076,308890949371,308905017037,308905583112,0.5293,20.0293,0.0293,14.6337,14.0677,0.5661,29200,0
734,6196,6260,308910418910,308910846581,308925000977,308925583364,0.4277,19.9988,0.0012,14.7368,14.1544,0.5824,29202,0
735,6197,6261,308930413590,308930877635,308945031625,308945638633,0.464,19.9947,0.0053,14.761,14.154,0.607,29203,0
736,6198,6262,308950427014,308950952560,308964997733,308965398048,0.5255,20.0134,0.0134,14.4455,14.0452,0.4003,29205,0
737,6199,6263,308970502547,308971149474,308985030914,308985778858,0.6469,20.0755,0.0755,14.6294,13.8814,0.7479,29207,0
738,6200,6264,308990361154,308990878392,309005003405,309005434927,0.5172,19.8586,0.1414,14.5565,14.125,0.4315,29209,0
739,6201,6265,309010417031,309010841460,309024983596,309025370537,0.4244,20.0559,0.0559,14.5291,14.1421,0.3869,29211,0
740,6202,6266,309030414345,309030896932,309044784451,309045264403,0.4826,19.9973,0.0027,14.3675,13.8875,0.48,29213,0
741,6203,6267,309050415914,309050913699,309064927665,309065655041,0.4978,20.0016,0.0016,14.7413,14.014,0.7274,29215,0
742,6204,6268,309070415761,309070885075,309085002287,309085473931,0.4693,19.9998,0.0002,14.5889,14.1172,0.4716,29217,0
743,6205,6269,309090418749,309090931833,309105025235,309105565473,0.5131,20.003,0.003,14.6336,14.0934,0.5402,29219,0
744,6206,6270,309110447169,309111057013,309125010694,309125503312,0.6098,20.0284,0.0284,14.4463,13.9537,0.4926,29220,0
745,6207,6271,309130417734,309130944091,309145008312,309145546625,0.5264,19.9706,0.0294,14.6025,14.0642,0.5383,29222,0
746,6208,6272,309150411299,309150920027,309165014846,309165405435,0.5087,19.9936,0.0064,14.4854,14.0948,0.3906,29224,0
747,6209,6273,309170401724,309170865769,309184991998,309185410956,0.464,19.9904,0.0096,14.5452,14.1262,0.419,29226,0
748,6210,6274,309190415654,309190923672,309204974215,309205314448,0.508,20.0139,0.0139,14.3908,14.0505,0.3402,29228,0
749,6211,6275,309210329683,309210770425,309224978318,309225360193,0.4407,19.914,0.086,14.5898,14.2079,0.3819,29230,0
750,6212,6276,309230343918,309230732378,309245000962,309245431572,0.3885,20.0142,0.0142,14.6992,14.2686,0.4306,29232,0
751,6213,6277,309250350553,309250752591,309264983584,309265332936,0.402,20.0066,0.0066,14.5803,14.231,0.3494,29234,0
752,6214,6278,309270346246,309270755680,309285017335,309285581382,0.4094,19.9957,0.0043,14.8257,14.2617,0.564,29236,0
753,6215,6279,309290353250,309290948622,309304833259,309305350117,0.5954,20.007,0.007,14.4015,13.8846,0.5169,29237,0
754,6216,6280,309310376120,309310968056,309324990118,309325573870,0.5919,20.0229,0.0229,14.6058,14.0221,0.5838,29239,0
755,6217,6281,309330349881,309330859565,309344985402,309345579562,0.5097,19.9738,0.0262,14.72,14.1258,0.5942,29241,0
756,6218,6282,309350367193,309350865863,309364880851,309365457934,0.4987,20.0173,0.0173,14.5921,14.015,0.5771,29243,0
757,6219,6283,309370371875,309371000593,309385006285,309385537795,0.6287,20.0047,0.0047,14.5372,14.0057,0.5315,29245,0
758,6220,6284,309390373121,309391012044,309404804930,309405449209,0.6389,20.0012,0.0012,14.4372,13.7929,0.6443,29247,0
759,6221,6285,309410375882,309411205078,309424959061,309425433176,0.8292,20.0028,0.0028,14.2281,13.754,0.4741,29249,0
760,6222,6286,309430356312,309430846191,309444954244,309445388849,0.4899,19.9804,0.0196,14.5427,14.1081,0.4346,29251,0
761,6223,6287,309450338359,309450760334,309465005912,309465741437,0.422,19.982,0.018,14.9811,14.2456,0.7355,29253,0
762,6224,6288,309470353752,309470925074,309484975935,309485465510,0.5713,20.0154,0.0154,14.5404,14.0509,0.4896,29254,0
763,6225,6289,309490349945,309490819210,309504957880,309505446647,0.4693,19.9962,0.0038,14.6274,14.1387,0.4888,29256,0
764,6226,6290,309510357759,309511011840,309524955185,309525372310,0.6541,20.0078,0.0078,14.3605,13.9433,0.4171,29258,0
765,6227,6291,309530341625,309530849287,309545046060,309545456515,0.5077,19.9839,0.0161,14.6072,14.1968,0.4105,29260,0
766,6228,6292,309550340749,309550741806,309564926655,309565423506,0.4011,19.9991,0.0009,14.6817,14.1848,0.4969,29262,0
767,6229,6293,309570343510,309570787513,309584939522,309585352907,0.444,20.0028,0.0028,14.5654,14.152,0.4134,29264,0
768,6230,6294,309590346979,309590857471,309604961583,309605411952,0.5105,20.0035,0.0035,14.5545,14.1041,0.4504,29266,0
769,6231,6295,309610340848,309610885798,309624884416,309625353883,0.545,19.9939,0.0061,14.4681,13.9986,0.4695,29268,0
770,6232,6296,309630335627,309630813380,309644827964,309645326431,0.4778,19.9948,0.0052,14.5131,14.0146,0.4985,29270,0
771,6233,6297,309650338490,309650909913,309664901358,309665436708,0.5714,20.0029,0.0029,14.5268,13.9914,0.5353,29271,0
772,6234,6298,309670312251,309670782324,309684808326,309685188871,0.4701,19.9738,0.0262,14.4065,14.026,0.3805,29273,0
773,6235,6299,309690328350,309690705965,309704920623,309705210428,0.3776,20.0161,0.0161,14.5045,14.2147,0.2898,29275,0
774,6236,6300,309710300798,309710634558,309724913684,309725164282,0.3338,19.9724,0.0276,14.5297,14.2791,0.2506,29277,0
775,6237,6301,309730302549,309730608824,309744911798,309745132890,0.3063,20.0018,0.0018,14.5241,14.303,0.2211,29279,0
776,6238,6302,309750303997,309750657461,309764912033,309765157680,0.3535,20.0014,0.0014,14.5002,14.2546,0.2456,29281,0
777,6239,6303,309770328585,309770622734,309784913885,309785168121,0.2941,20.0246,0.0246,14.5454,14.2912,0.2542,29283,0
778,6240,6304,309790400968,309790719268,309804931602,309805319725,0.3183,20.0724,0.0724,14.6005,14.2123,0.3881,29285,0
779,6241,6305,309810393423,309810834697,309824947297,309825291566,0.4413,19.9925,0.0075,14.4569,14.1126,0.3443,29287,0
780,6242,6306,309830389919,309830833013,309844977140,309845570794,0.4431,19.9965,0.0035,14.7378,14.1441,0.5937,29288,0
781,6243,6307,309850440476,309850997046,309864975960,309865468466,0.5566,20.0506,0.0506,14.4714,13.9789,0.4925,29290,0
782,6244,6308,309870408983,309870944130,309884979530,309885610774,0.5351,19.9685,0.0315,14.6666,14.0354,0.6312,29292,0
783,6245,6309,309890413765,309891027427,309904973703,309905475909,0.6137,20.0048,0.0048,14.4485,13.9463,0.5022,29294,0
784,6246,6310,309910413293,309911158216,309924948777,309925368024,0.7449,19.9995,0.0005,14.2098,13.7906,0.4192,29296,0
785,6247,6311,309930334509,309930758707,309944947699,309945232653,0.4242,19.9212,0.0788,14.4739,14.189,0.285,29298,0
786,6248,6312,309950382136,309950740552,309964910244,309965163368,0.3584,20.0476,0.0476,14.4228,14.1697,0.2531,29300,0
787,6249,6313,309970383382,309970710372,309984917148,309985185531,0.327,20.0012,0.0012,14.4752,14.2068,0.2684,29302,0
788,6250,6314,309990406555,309990778208,310004931126,310005259025,0.3717,20.0232,0.0232,14.4808,14.1529,0.3279,29304,0
789,6251,6315,310010375264,310010743178,310024915497,310025200855,0.3679,19.9687,0.0313,14.4577,14.1723,0.2854,29305,0
790,6252,6316,310030377015,310030738664,310044912398,310045146828,0.3616,20.0018,0.0018,14.4082,14.1737,0.2344,29307,0
791,6253,6317,310050381898,310050704543,310064796328,310065089264,0.3226,20.0049,0.0049,14.3847,14.0918,0.2929,29309,0
792,6254,6318,310070382033,310070753584,310084966121,310085408001,0.3716,20.0001,0.0001,14.6544,14.2125,0.4419,29311,0
793,6255,6319,310090389644,310090798180,310104929171,310105272227,0.4085,20.0076,0.0076,14.474,14.131,0.3431,29313,0
794,6256,6320,310110383918,310110755066,310124927890,310125290651,0.3711,19.9943,0.0057,14.5356,14.1728,0.3628,29315,0
795,6257,6321,310130390822,310130861603,310144801412,310145115973,0.4708,20.0069,0.0069,14.2544,13.9398,0.3146,29317,0
796,6258,6322,310150386309,310150771401,310164962111,310165459871,0.3851,19.9955,0.0045,14.6885,14.1907,0.4978,29319,0
797,6259,6323,310170558628,310171056691,310184794607,310185312779,0.4981,20.1723,0.1723,14.2561,13.7379,0.5182,29321,0
798,6260,6324,310190353838,310190857459,310204895284,310205512684,0.5036,19.7952,0.2048,14.6552,14.0378,0.6174,29322,0
799,6261,6325,310210368927,310210996634,310224956855,310225432688,0.6277,20.0151,0.0151,14.4361,13.9602,0.4758,29324,0
800,6262,6326,310230356734,310230863588,310244932536,310245309746,0.5069,19.9878,0.0122,14.4462,14.0689,0.3772,29326,0
801,6263,6327,310250336760,310250709827,310264940249,310265256528,0.3731,19.98,0.02,14.5467,14.2304,0.3163,29328,0
802,6264,6328,310270339420,310270730676,310284888916,310285165234,0.3913,20.0027,0.0027,14.4346,14.1582,0.2763,29330,0
803,6265,6329,310290335231,310290698144,310304888747,310305235329,0.3629,19.9958,0.0042,14.5372,14.1906,0.3466,29332,0
804,6266,6330,310310326897,310310704831,310324873457,310325133142,0.3779,19.9917,0.0083,14.4283,14.1686,0.2597,29334,0
805,6267,6331,310330334894,310330673109,310344838207,310345073294,0.3382,20.008,0.008,14.4002,14.1651,0.2351,29336,0
806,6268,6332,310350330895,310350614975,310364879976,310365147624,0.2841,19.996,0.004,14.5326,14.265,0.2676,29338,0
807,6269,6333,310370326795,310370669849,310384747243,310384998762,0.3431,19.9959,0.0041,14.3289,14.0774,0.2515,29339,0
808,6270,6334,310390344974,310390722101,310404880848,310405173800,0.3771,20.0182,0.0182,14.4517,14.1587,0.293,29341,0
809,6271,6335,310410333616,310410707416,310424903564,310425314159,0.3738,19.9886,0.0114,14.6067,14.1961,0.4106,29343,0
810,6272,6336,310430332641,310430767330,310444908839,310445358347,0.4347,19.999,0.001,14.591,14.1415,0.4495,29345,0
811,6273,6337,310450340033,310450794783,310464908065,310465274809,0.4547,20.0074,0.0074,14.48,14.1133,0.3667,29347,0
812,6274,6338,310470330691,310470717596,310484902352,310485359824,0.3869,19.9907,0.0093,14.6422,14.1848,0.4575,29349,0
813,6275,6339,310490334252,310490711077,310504902688,310505242919,0.3768,20.0036,0.0036,14.5318,14.1916,0.3402,29351,0
814,6276,6340,310510337814,310510739841,310524889011,310525197790,0.402,20.0036,0.0036,14.4579,14.1492,0.3088,29353,0
815,6277,6341,310530342182,310530740076,310544885214,310545211835,0.3979,20.0044,0.0044,14.4718,14.1451,0.3266,29355,0
816,6278,6342,310550328505,310550707447,310564779195,310565061562,0.3789,19.9863,0.0137,14.3541,14.0717,0.2824,29356,0
817,6279,6343,310570329546,310570683588,310584874796,310585153634,0.354,20.001,0.001,14.47,14.1912,0.2788,29358,0
818,6280,6344,310590335930,310590717291,310604873014,310605113444,0.3814,20.0064,0.0064,14.3962,14.1557,0.2404,29360,0
819,6281,6345,310610353000,310610725893,310624880406,310625162571,0.3729,20.0171,0.0171,14.4367,14.1545,0.2822,29362,0
820,6282,6346,310630331561,310630658888,310644890218,310645224703,0.3273,19.9786,0.0214,14.5658,14.2313,0.3345,29364,0
821,6283,6347,310650339356,310650728177,310664814443,310665092172,0.3888,20.0078,0.0078,14.364,14.0863,0.2777,29366,0
822,6284,6348,310670327292,310670700589,310684891494,310685210353,0.3733,19.9879,0.0121,14.5098,14.1909,0.3189,29368,0
823,6285,6349,310690331862,310690709392,310704888604,310705215730,0.3775,20.0046,0.0046,14.5063,14.1792,0.3271,29370,0
824,6286,6350,310710318387,310710635028,310724884101,310725162132,0.3166,19.9865,0.0135,14.5271,14.2491,0.278,29372,0
825,6287,6351,310730316000,310730651897,310744875666,310745144826,0.3359,19.9976,0.0024,14.4929,14.2238,0.2692,29373,0
826,6288,6352,310750314521,310750630760,310764872070,310765122480,0.3162,19.9985,0.0015,14.4917,14.2413,0.2504,29375,0
827,6289,6353,310770314353,310770597728,310784776536,310785023821,0.2834,19.9998,0.0002,14.4261,14.1788,0.2473,29377,0
828,6290,6354,310790317007,310790590805,310804872136,310805113776,0.2738,20.0027,0.0027,14.523,14.2813,0.2416,29379,0
829,6291,6355,310810311294,310810660699,310824874790,310825106248,0.3494,19.9943,0.0057,14.4455,14.2141,0.2315,29381,0
830,6292,6356,310830311126,310830629985,310844878856,310845133197,0.3189,19.9998,0.0002,14.5032,14.2489,0.2543,29383,0
831,6293,6357,310850305312,310850628304,310864737454,310864955504,0.323,19.9942,0.0058,14.3272,14.1091,0.218,29385,0
832,6294,6358,310870320063,310870631664,310884839102,310885042636,0.3116,20.0148,0.0148,14.411,14.2074,0.2035,29387,0
833,6295,6359,310890298826,310890624439,310904869681,310905074223,0.3256,19.9788,0.0212,14.4498,14.2452,0.2045,29389,0
834,6296,6360,310910442512,310910947667,310924885138,310925130003,0.5052,20.1437,0.1437,14.1823,13.9375,0.2449,29390,0
835,6297,6361,310930368349,310930696887,310944873779,310945138706,0.3285,19.9258,0.0742,14.4418,14.1769,0.2649,29392,0
836,6298,6362,310950368383,310950680387,310964908088,310965377959,0.312,20.0,0.0,14.6976,14.2277,0.4699,29394,0
837,6299,6363,310970377791,310970832239,310984882213,310985182120,0.4544,20.0094,0.0094,14.3499,14.05,0.2999,29396,0
838,6300,6364,310990365828,310990726120,311004874988,311005208263,0.3603,19.988,0.012,14.4821,14.1489,0.3333,29398,0
839,6301,6365,311010378462,311010750448,311024878751,311025189848,0.372,20.0126,0.0126,14.4394,14.1283,0.3111,29400,0
840,6302,6366,311030380411,311030759655,311044876969,311045151775,0.3792,20.0019,0.0019,14.3921,14.1173,0.2748,29402,0
841,6303,6367,311050368548,311050681258,311064878615,311065153522,0.3127,19.9881,0.0119,14.4723,14.1974,0.2749,29404,0
842,6304,6368,311070367069,311070710526,311084872600,311085132688,0.3435,19.9985,0.0015,14.4222,14.1621,0.2601,29406,0
843,6305,6369,311090362566,311090694329,311104877573,311105184033,0.3318,19.9955,0.0045,14.4897,14.1832,0.3065,29408,0
844,6306,6370,311110369253,311110768054,311124871457,311125172070,0.3988,20.0067,0.0067,14.404,14.1034,0.3006,29409,0
845,6307,6371,311130367673,311130739759,311144883587,311145201841,0.3721,19.9984,0.0016,14.4621,14.1438,0.3183,29411,0
846,6308,6372,311150389582,311150829009,311164899649,311165278389,0.4394,20.0219,0.0219,14.4494,14.0706,0.3787,29413,0
847,6309,6373,311170370663,311170731459,311184888895,311185233562,0.3608,19.9811,0.0189,14.5021,14.1574,0.3447,29415,0
848,6310,6374,311190333195,311190656792,311204880864,311205186517,0.3236,19.9625,0.0375,14.5297,14.2241,0.3057,29417,0
849,6311,6375,311210437868,311210957237,311224881502,311225170622,0.5194,20.1047,0.1047,14.2134,13.9243,0.2891,29419,0
850,6312,6376,311230367536,311230725610,311244883954,311245185474,0.3581,19.9297,0.0703,14.4599,14.1583,0.3015,29421,0
851,6313,6377,311250363033,311250673323,311264873705,311265100021,0.3103,19.9955,0.0045,14.4267,14.2004,0.2263,29423,0
852,6314,6378,311270365788,311270634343,311284849769,311285094731,0.2686,20.0028,0.0028,14.4604,14.2154,0.245,29425,0
853,6315,6379,311290323548,311290661666,311304843432,311305101171,0.3381,19.9578,0.0422,14.4395,14.1818,0.2577,29426,0
854,6316,6380,311310330792,311310695268,311324834882,311325053789,0.3645,20.0072,0.0072,14.3585,14.1396,0.2189,29428,0
855,6317,6381,311330349002,311330662071,311344725027,311344932365,0.3131,20.0182,0.0182,14.2703,14.063,0.2073,29430,0
856,6318,6382,311350346186,311350653420,311364860939,311365223403,0.3072,19.9972,0.0028,14.57,14.2075,0.3625,29432,0
857,6319,6383,311370355341,311370771325,311384842128,311385091617,0.416,20.0092,0.0092,14.3203,14.0708,0.2495,29434,0
858,6320,6384,311390351922,311390694064,311404844040,311405156808,0.3421,19.9966,0.0034,14.4627,14.15,0.3128,29436,0
859,6321,6385,311410353130,311410758550,311424843438,311425142020,0.4054,20.0012,0.0012,14.3835,14.0849,0.2986,29438,0
860,6322,6386,311430329691,311430712577,311444848670,311445140512,0.3829,19.9766,0.0234,14.4279,14.1361,0.2918,29440,0
861,6323,6387,311450337136,311450712678,311464835693,311465095243,0.3755,20.0074,0.0074,14.3826,14.123,0.2596,29442,0
862,6324,6388,311470332409,311470729882,311484852897,311485236688,0.3975,19.9953,0.0047,14.5068,14.123,0.3838,29443,0
863,6325,6389,311490328486,311490701815,311504867384,311505177838,0.3733,19.9961,0.0039,14.476,14.1656,0.3105,29445,0
864,6326,6390,311510327682,311510687330,311524837406,311525089612,0.3596,19.9992,0.0008,14.4023,14.1501,0.2522,29447,0
865,6327,6391,311530331506,311530745075,311544854006,311545134179,0.4136,20.0038,0.0038,14.3891,14.1089,0.2802,29449,0
866,6328,6392,311550328690,311550669928,311564849178,311565142731,0.3412,19.9972,0.0028,14.4728,14.1792,0.2936,29451,0
867,6329,6393,311570325472,311570635925,311584849984,311585126032,0.3105,19.9968,0.0032,14.4901,14.2141,0.276,29453,0
868,6330,6394,311590332213,311590672042,311604736508,311605011650,0.3398,20.0067,0.0067,14.3396,14.0645,0.2751,29455,0
869,6331,6395,311610322858,311610666610,311624845761,311625118690,0.3438,19.9906,0.0094,14.4521,14.1792,0.2729,29457,0
870,6332,6396,311630326481,311630630898,311644848679,311645106317,0.3044,20.0036,0.0036,14.4754,14.2178,0.2576,29459,0
871,6333,6397,311650318534,311650644883,311664760051,311665132172,0.3263,19.9921,0.0079,14.4873,14.1152,0.3721,29460,0
872,6334,6398,311670327489,311670731702,311684851799,311685200984,0.4042,20.009,0.009,14.4693,14.1201,0.3492,29462,0
873,6335,6399,311690318536,311690672147,311704838823,311705080566,0.3536,19.991,0.009,14.4084,14.1667,0.2417,29464,0
874,6336,6400,311710315117,311710645590,311724833894,311725091834,0.3305,19.9966,0.0034,14.4462,14.1883,0.2579,29466,0
875,6337,6401,311730325379,311730618428,311744842446,311745099682,0.293,20.0103,0.0103,14.4813,14.224,0.2572,29468,0
876,6338,6402,311750331416,311750636638,311764836713,311765048880,0.3052,20.006,0.006,14.4122,14.2001,0.2122,29470,0
877,6339,6403,311770318339,311770643279,311784842348,311785101595,0.3249,19.9869,0.0131,14.4583,14.1991,0.2592,29472,0
878,6340,6404,311790319446,311790624668,311804840437,311805076044,0.3052,20.0011,0.0011,14.4514,14.2158,0.2356,29474,0
879,6341,6405,311810336348,311810652334,311824843657,311825129564,0.316,20.0169,0.0169,14.4772,14.1913,0.2859,29476,0
880,6342,6406,311830334035,311830701831,311844837522,311845067394,0.3678,19.9977,0.0023,14.3656,14.1357,0.2299,29477,0
881,6343,6407,311850322668,311850663201,311864834203,311865076147,0.3405,19.9886,0.0114,14.4129,14.171,0.2419,29479,0
882,6344,6408,311870318947,311870689056,311884833499,311885052909,0.3701,19.9963,0.0037,14.3639,14.1444,0.2194,29481,0
883,6345,6409,311890327499,311890677388,311904833098,311905074338,0.3499,20.0086,0.0086,14.397,14.1557,0.2412,29483,0
884,6346,6410,311910322369,311910660387,311924749600,311925045265,0.338,19.9949,0.0051,14.3849,14.0892,0.2957,29485,0
885,6347,6411,311930317441,311930703847,311944844367,311945134902,0.3864,19.9951,0.0049,14.4311,14.1405,0.2905,29487,0
886,6348,6412,311950327401,311950702943,311964853724,311965192547,0.3755,20.01,0.01,14.4896,14.1508,0.3388,29489,0
887,6349,6413,311970341285,311970828594,311984804732,311985113475,0.4873,20.0139,0.0139,14.2849,13.9761,0.3087,29491,0
888,6350,6414,311990330119,311990679505,312004857951,312005199993,0.3494,19.9888,0.0112,14.5205,14.1784,0.342,29493,0
889,6351,6415,312010323883,312010701034,312024853425,312025171926,0.3772,19.9938,0.0062,14.4709,14.1524,0.3185,29494,0
890,6352,6416,312030325795,312030732221,312044736930,312045019920,0.4064,20.0019,0.0019,14.2877,14.0047,0.283,29496,0
891,6353,6417,312050321068,312050661500,312064869824,312065192350,0.3404,19.9953,0.0047,14.5308,14.2083,0.3225,29498,0
892,6354,6418,312070314429,312070681018,312084857452,312085196576,0.3666,19.9934,0.0066,14.5156,14.1764,0.3391,29500,0
893,6355,6419,312090322981,312090639672,312104873549,312105336613,0.3167,20.0086,0.0086,14.6969,14.2339,0.4631,29502,0
894,6356,6420,312110335155,312110829707,312124839647,312125255128,0.4946,20.0122,0.0122,14.4254,14.0099,0.4155,29504,0
895,6357,6421,312130333848,312130910893,312144748202,312145093262,0.577,19.9987,0.0013,14.1824,13.8373,0.3451,29506,0
896,6358,6422,312150321072,312150681323,312164822245,312165138634,0.3603,19.9872,0.0128,14.4573,14.1409,0.3164,29508,0
897,6359,6423,312170309504,312170638267,312184850414,312185151512,0.3288,19.9884,0.0116,14.5132,14.2121,0.3011,29510,0
898,6360,6424,312190307393,312190679112,312204843373,312205164792,0.3717,19.9979,0.0021,14.4857,14.1643,0.3214,29511,0
899,6361,6425,312210317353,312210688971,312224847599,312225203826,0.3716,20.01,0.01,14.5149,14.1586,0.3562,29513,0
900,6362,6426,312230322183,312230759996,312244769031,312245228776,0.4378,20.0048,0.0048,14.4688,14.009,0.4597,29515,0
901,6363,6427,312250329024,312250864521,312264882711,312265377263,0.5355,20.0068,0.0068,14.5127,14.0182,0.4946,29517,0
902,6364,6428,312270320977,312270835247,312284812584,312285308951,0.5143,19.992,0.008,14.4737,13.9773,0.4964,29519,0
903,6365,6429,312290348433,312290882054,312304865675,312305361540,0.5336,20.0275,0.0275,14.4795,13.9836,0.4959,29521,0
904,6366,6430,312310325608,312310708703,312324840742,312325232774,0.3831,19.9772,0.0228,14.5241,14.132,0.392,29523,0
905,6367,6431,312330325578,312330750849,312344756562,312345038134,0.4253,20.0,0.0,14.2873,14.0057,0.2816,29525,0
906,6368,6432,312350324444,312350631121,312364800917,312365048347,0.3067,19.9989,0.0011,14.4172,14.1698,0.2474,29527,0
907,6369,6433,312370323912,312370656396,312384789941,312385002225,0.3325,19.9995,0.0005,14.3458,14.1335,0.2123,29528,0
908,6370,6434,312390317957,312390614090,312404815418,312405051802,0.2961,19.994,0.006,14.4377,14.2013,0.2364,29530,0
909,6371,6435,312410320639,312410622797,312424805246,312425044241,0.3022,20.0027,0.0027,14.4214,14.1824,0.239,29532,0
910,6372,6436,312430333462,312430655202,312444737534,312444970002,0.3217,20.0128,0.0128,14.3148,14.0823,0.2325,29534,0
911,6373,6437,312450325198,312450641314,312464804182,312465020281,0.3161,19.9917,0.0083,14.379,14.1629,0.2161,29536,0
912,6374,6438,312470323963,312470654640,312484802445,312485032703,0.3307,19.9988,0.0012,14.3781,14.1478,0.2303,29538,0
913,6375,6439,312490331666,312490684033,312504827218,312505176372,0.3524,20.0077,0.0077,14.4923,14.1432,0.3492,29540,0
914,6376,6440,312510317477,312510714430,312524806101,312525104342,0.397,19.9858,0.0142,14.3899,14.0917,0.2982,29542,0
915,6377,6441,312530322870,312530660777,312544805368,312545055610,0.3379,20.0054,0.0054,14.3948,14.1446,0.2502,29544,0
916,6378,6442,312550321836,312550683441,312564806744,312565048852,0.3616,19.999,0.001,14.3654,14.1233,0.2421,29545,0
917,6379,6443,312570328333,312570660215,312584812137,312585062077,0.3319,20.0065,0.0065,14.4019,14.1519,0.2499,29547,0
918,6380,6444,312590322680,312590683482,312604803571,312605032926,0.3608,19.9943,0.0057,14.3494,14.1201,0.2294,29549,0
919,6381,6445,312610318432,312610627318,312624798721,312625019139,0.3089,19.9958,0.0042,14.3918,14.1714,0.2204,29551,0
920,6382,6446,312630324327,312630627590,312644802407,312645017302,0.3033,20.0059,0.0059,14.3897,14.1748,0.2149,29553,0
921,6383,6447,312650324699,312650632079,312664763716,312664990159,0.3074,20.0004,0.0004,14.3581,14.1316,0.2264,29555,0
922,6384,6448,312670328585,312670684568,312684820021,312685157225,0.356,20.0039,0.0039,14.4727,14.1355,0.3372,29557,0
923,6385,6449,312690329962,312690757441,312704822301,312705136408,0.4275,20.0014,0.0014,14.379,14.0649,0.3141,29559,0
924,6386,6450,312710323404,312710667738,312724813133,312725086672,0.3443,19.9934,0.0066,14.4189,14.1454,0.2735,29561,0
925,6387,6451,312730322672,312730674135,312744802559,312745057721,0.3515,19.9993,0.0007,14.3836,14.1284,0.2552,29562,0
926,6388,6452,312750336600,312750613453,312764739667,312764960286,0.2769,20.0139,0.0139,14.3468,14.1262,0.2206,29564,0
927,6389,6453,312770342595,312770625373,312784736525,312784984156,0.2828,20.006,0.006,14.3588,14.1112,0.2476,29566,0
928,6390,6454,312790336339,312790646431,312804801465,312805052711,0.3101,19.9937,0.0063,14.4063,14.155,0.2512,29568,0
929,6391,6455,312810336310,312810648208,312824799126,312825034305,0.3119,20.0,0.0,14.3861,14.1509,0.2352,29570,0
930,6392,6456,312830335577,312830655308,312844807029,312845050342,0.3197,19.9993,0.0007,14.395,14.1517,0.2433,29572,0
931,6393,6457,312850330426,312850631680,312864724556,312864987149,0.3013,19.9948,0.0052,14.3555,14.0929,0.2626,29574,0
932,6394,6458,312870333007,312870716202,312884829363,312885270198,0.3832,20.0026,0.0026,14.554,14.1132,0.4408,29576,0
933,6395,6459,312890355872,312890808959,312904790370,312905123859,0.4531,20.0229,0.0229,14.3149,13.9814,0.3335,29578,0
934,6396,6460,312910338370,312910716845,312924783211,312925106356,0.3785,19.9825,0.0175,14.3895,14.0664,0.3231,29579,0
935,6397,6461,312930341654,312930675644,312944811800,312945089155,0.334,20.0033,0.0033,14.4135,14.1362,0.2774,29581,0
936,6398,6462,312950334293,312950647899,312964806549,312965077678,0.3136,19.9926,0.0074,14.4298,14.1586,0.2711,29583,0
937,6399,6463,312970325226,312970599970,312984814954,312985051238,0.2747,19.9909,0.0091,14.4513,14.215,0.2363,29585,0
938,6400,6464,312990337748,312990648040,313004804681,313005044681,0.3103,20.0125,0.0125,14.3966,14.1566,0.24,29587,0
939,6401,6465,313010336614,313010641985,313024800233,313025054391,0.3054,19.9989,0.0011,14.4124,14.1582,0.2542,29589,0
940,6402,6466,313030341806,313030653905,313044803618,313045044019,0.3121,20.0052,0.0052,14.3901,14.1497,0.2404,29591,0
941,6403,6467,313050339165,313050636804,313064806801,313065041277,0.2976,19.9974,0.0026,14.4045,14.17,0.2345,29593,0
942,6404,6468,313070338934,313070622615,313084806269,313085041951,0.2837,19.9998,0.0002,14.4193,14.1837,0.2357,29595,0
943,6405,6469,313090340612,313090685447,313104769185,313104992716,0.3448,20.0017,0.0017,14.3073,14.0837,0.2235,29596,0
944,6406,6470,313110327929,313110673769,313124786226,313125128050,0.3458,19.9873,0.0127,14.4543,14.1125,0.3418,29598,0
945,6407,6471,313130328000,313130673639,313144757979,313145149810,0.3456,20.0001,0.0001,14.4762,14.0843,0.3918,29600,0
946,6408,6472,313150330681,313150747316,313164774719,313165056894,0.4166,20.0027,0.0027,14.3096,14.0274,0.2822,29602,0
947,6409,6473,313170327840,313170675387,313184787241,313185100144,0.3475,19.9972,0.0028,14.4248,14.1119,0.3129,29604,0
948,6410,6474,313190323592,313190693432,313204749756,313205001604,0.3698,19.9958,0.0042,14.3082,14.0563,0.2518,29606,0
949,6411,6475,313210322558,313210661168,313224771416,313225040537,0.3386,19.999,0.001,14.3794,14.1102,0.2691,29608,0
950,6412,6476,313230322930,313230633824,313244816675,313245130281,0.3109,20.0004,0.0004,14.4965,14.1829,0.3136,29610,0
951,6413,6477,313250323201,313250627368,313264804896,313265070803,0.3042,20.0003,0.0003,14.4434,14.1775,0.2659,29612,0
952,6414,6478,313270318854,313270627840,313284787063,313285040616,0.309,19.9957,0.0043,14.4128,14.1592,0.2536,29613,0
953,6415,6479,313290315211,313290645161,313304786108,313305069438,0.33,19.9964,0.0036,14.4243,14.1409,0.2833,29615,0
954,6416,6480,313310313855,313310651626,313324775228,313325024771,0.3378,19.9986,0.0014,14.3731,14.1236,0.2495,29617,0
955,6417,6481,313330317914,313330674232,313344778184,313345014894,0.3563,20.0041,0.0041,14.3407,14.104,0.2367,29619,0
956,6418,6482,313350314754,313350573421,313364777931,313365009829,0.2587,19.9968,0.0032,14.4364,14.2045,0.2319,29621,0
957,6419,6483,313370328638,313370706512,313384797731,313385178311,0.3779,20.0139,0.0139,14.4718,14.0912,0.3806,29623,0
958,6420,6484,313390320164,313390678588,313404791663,313405092839,0.3584,19.9915,0.0085,14.4143,14.1131,0.3012,29625,0
959,6421,6485,313410317305,313410636728,313424782588,313425061707,0.3194,19.9971,0.0029,14.425,14.1459,0.2791,29627,0
960,6422,6486,313430313744,313430612213,313444782536,313445060051,0.2985,19.9964,0.0036,14.4478,14.1703,0.2775,29629,0
961,6423,6487,313450310483,313450633015,313464782885,313465034533,0.3225,19.9967,0.0033,14.4015,14.1499,0.2516,29630,0
962,6424,6488,313470308827,313470615417,313484769699,313484980542,0.3066,19.9983,0.0017,14.3651,14.1543,0.2108,29632,0
963,6425,6489,313490325919,313490726853,313504801729,313505206573,0.4009,20.0171,0.0171,14.4797,14.0749,0.4048,29634,0
964,6426,6490,313510316142,313510669052,313524787441,313525067863,0.3529,19.9902,0.0098,14.3988,14.1184,0.2804,29636,0
965,6427,6491,313530315589,313530638421,313544766435,313545196343,0.3228,19.9994,0.0006,14.5579,14.128,0.4299,29638,0
966,6428,6492,313550320750,313550645086,313564779216,313565034574,0.3243,20.0052,0.0052,14.3895,14.1341,0.2554,29640,0
967,6429,6493,313570312176,313570624180,313584756906,313585007051,0.312,19.9914,0.0086,14.3829,14.1327,0.2501,29642,0
968,6430,6494,313590320847,313590602573,313604771291,313605019631,0.2817,20.0087,0.0087,14.4171,14.1687,0.2483,29644,0
969,6431,6495,313610309566,313610602420,313624779761,313625028603,0.2929,19.9887,0.0113,14.4262,14.1773,0.2488,29646,0
970,6432,6496,313630310516,313630612896,313644770987,313644994362,0.3024,20.0009,0.0009,14.3815,14.1581,0.2234,29647,0
971,6433,6497,313650307958,313650632995,313664772238,313664985087,0.325,19.9974,0.0026,14.3521,14.1392,0.2128,29649,0
972,6434,6498,313670309309,313670632041,313684790232,313685108052,0.3227,20.0014,0.0014,14.476,14.1582,0.3178,29651,0
973,6435,6499,313690318882,313690693046,313704791183,313705067194,0.3742,20.0096,0.0096,14.3741,14.0981,0.276,29653,0
974,6436,6500,313710318028,313710666125,313724798751,313725102935,0.3481,19.9991,0.0009,14.4368,14.1326,0.3042,29655,0
975,6437,6501,313730309354,313730646222,313744776140,313745036511,0.3369,19.9913,0.0087,14.3903,14.1299,0.2604,29657,0
976,6438,6502,313750311507,313750592933,313764782806,313765053403,0.2814,20.0022,0.0022,14.4605,14.1899,0.2706,29659,0
977,6439,6503,313770309250,313770636994,313784782954,313785041721,0.3277,19.9977,0.0023,14.4047,14.146,0.2588,29661,0
978,6440,6504,313790312205,313790630927,313804776285,313805008082,0.3187,20.003,0.003,14.3772,14.1454,0.2318,29663,0
979,6441,6505,313810317768,313810583252,313824777737,313825015851,0.2655,20.0056,0.0056,14.4326,14.1945,0.2381,29664,0
980,6442,6506,313830308291,313830616085,313844778387,313845010485,0.3078,19.9905,0.0095,14.3944,14.1623,0.2321,29666,0
981,6443,6507,313850308139,313850612223,313864776530,313865006222,0.3041,19.9998,0.0002,14.394,14.1643,0.2297,29668,0
982,6444,6508,313870309190,313870624502,313884797231,313885114649,0.3153,20.0011,0.0011,14.4901,14.1727,0.3174,29670,0
983,6445,6509,313890321470,313890738845,313904778431,313905044818,0.4174,20.0123,0.0123,14.306,14.0396,0.2664,29672,0
984,6446,6510,313910308885,313910646355,313924782189,313925044665,0.3375,19.9874,0.0126,14.3983,14.1358,0.2625,29674,0
985,6447,6511,313930306226,313930628357,313944780232,313945039299,0.3221,19.9973,0.0027,14.4109,14.1519,0.2591,29676,0
986,6448,6512,313950310485,313950623191,313964777473,313965012879,0.3127,20.0043,0.0043,14.3897,14.1543,0.2354,29678,0
987,6449,6513,313970306063,313970626950,313984771652,313985003849,0.3209,19.9956,0.0044,14.3769,14.1447,0.2322,29680,0
988,6450,6514,313990328656,313990832636,314004802663,314005213043,0.504,20.0226,0.0226,14.3804,13.97,0.4104,29681,0
989,6451,6515,314010306354,314010700198,314024781463,314025112873,0.3938,19.9777,0.0223,14.4127,14.0813,0.3314,29683,0
990,6452,6516,314030306900,314030655347,314044780106,314045072632,0.3484,20.0005,0.0005,14.4173,14.1248,0.2925,29685,0
991,6453,6517,314050308249,314050640059,314064768627,314065032291,0.3318,20.0013,0.0013,14.3922,14.1286,0.2637,29687,0
992,6454,6518,314070305388,314070627378,314084773282,314085021714,0.322,19.9971,0.0029,14.3943,14.1459,0.2484,29689,0
993,6455,6519,314090308540,314090581725,314104767415,314105004923,0.2732,20.0032,0.0032,14.4232,14.1857,0.2375,29691,0
994,6456,6520,314110303575,314110637791,314124769565,314124977811,0.3342,19.995,0.005,14.34,14.1318,0.2082,29693,0
995,6457,6521,314130303921,314130631522,314144775523,314145019746,0.3276,20.0003,0.0003,14.3882,14.144,0.2442,29695,0
996,6458,6522,314150314489,314150623952,314164769856,314165004458,0.3095,20.0106,0.0106,14.3805,14.1459,0.2346,29697,0
997,6459,6523,314170316639,314170621792,314184770302,314184996186,0.3052,20.0022,0.0022,14.3744,14.1485,0.2259,29699,0
998,6460,6524,314190317586,314190657414,314204749603,314205032309,0.3398,20.0009,0.0009,14.3749,14.0922,0.2827,29700,0
999,6461,6525,314210308011,314210632105,314224774001,314225008603,0.3241,19.9904,0.0096,14.3765,14.1419,0.2346,29702,0
1000,6462,6526,314230302745,314230605193,314244770539,314245013058,0.3024,19.9947,0.0053,14.4079,14.1653,0.2425,29704,0
1001,6463,6527,314250311008,314250643220,314264771486,314265014707,0.3322,20.0083,0.0083,14.3715,14.1283,0.2432,29706,0
1002,6464,6528,314270304640,314270618412,314284775646,314285019629,0.3138,19.9936,0.0064,14.4012,14.1572,0.244,29708,0
1003,6465,6529,314290311793,314290624928,314304750208,314304986385,0.3131,20.0072,0.0072,14.3615,14.1253,0.2362,29710,0
1004,6466,6530,314310302467,314310607296,314324742784,314324931625,0.3048,19.9907,0.0093,14.3243,14.1355,0.1888,29712,0
1005,6467,6531,314330301147,314330599871,314344747569,314344966833,0.2987,19.9987,0.0013,14.367,14.1477,0.2193,29714,0
1006,6468,6532,314350297426,314350588344,314364746649,314365009046,0.2909,19.9963,0.0037,14.4207,14.1583,0.2624,29716,0
1007,6469,6533,314370305813,314370617046,314384749332,314384961291,0.3112,20.0084,0.0084,14.3442,14.1323,0.212,29717,0
1008,6470,6534,314390314301,314390679174,314404742908,314404956769,0.3649,20.0085,0.0085,14.2776,14.0637,0.2139,29719,0
1009,6471,6535,314410300972,314410627416,314424746692,314424973162,0.3264,19.9867,0.0133,14.3457,14.1193,0.2265,29721,0
1010,6472,6536,314430302154,314430611485,314444752077,314444991857,0.3093,20.0012,0.0012,14.3804,14.1406,0.2398,29723,0
1011,6473,6537,314450299133,314450639187,314464787685,314465227815,0.3401,19.997,0.003,14.5886,14.1485,0.4401,29725,0
1012,6474,6538,314470306619,314470788880,314484771854,314485193871,0.4823,20.0075,0.0075,14.405,13.983,0.422,29727,0
1013,6475,6539,314490317208,314490709702,314504794553,314505260802,0.3925,20.0106,0.0106,14.5511,14.0849,0.4662,29729,0
1014,6476,6540,314510327797,314510736103,314524775920,314525128784,0.4083,20.0106,0.0106,14.3927,14.0398,0.3529,29731,0
1015,6477,6541,314530316470,314530681844,314544755085,314545063416,0.3654,19.9887,0.0113,14.3816,14.0732,0.3083,29733,0
1016,6478,6542,314550321154,314550779998,314564756167,314565040880,0.4588,20.0047,0.0047,14.2609,13.9762,0.2847,29734,0
1017,6479,6543,314570312829,314570620960,314584761052,314585049668,0.3081,19.9917,0.0083,14.4287,14.1401,0.2886,29736,0
1018,6480,6544,314590315112,314590706305,314604752426,314605022128,0.3912,20.0023,0.0023,14.3158,14.0461,0.2697,29738,0
1019,6481,6545,314610318095,314610667757,314624763116,314625053833,0.3497,20.003,0.003,14.3861,14.0954,0.2907,29740,0
1020,6482,6546,314630313673,314630638216,314644747785,314645004077,0.3245,19.9956,0.0044,14.3659,14.1096,0.2563,29742,0
1021,6483,6547,314650316256,314650695941,314664757474,314665064403,0.3797,20.0026,0.0026,14.3685,14.0615,0.3069,29744,0
1022,6484,6548,314670312735,314670646285,314684766161,314685112721,0.3336,19.9965,0.0035,14.4664,14.1199,0.3466,29746,0
1023,6485,6549,314690321422,314690714617,314704757135,314705043450,0.3932,20.0087,0.0087,14.3288,14.0425,0.2863,29748,0
1024,6486,6550,314710324205,314710680773,314724750512,314725011607,0.3566,20.0028,0.0028,14.3308,14.0697,0.2611,29750,0
1025,6487,6551,314730324287,314730660539,314744753795,314745025699,0.3363,20.0001,0.0001,14.3652,14.0933,0.2719,29751,0
1026,6488,6552,314750320465,314750691843,314764749373,314764999861,0.3714,19.9962,0.0038,14.308,14.0575,0.2505,29753,0
1027,6489,6553,314770318444,314770660801,314784747653,314784986231,0.3424,19.998,0.002,14.3254,14.0869,0.2386,29755,0
1028,6490,6554,314790316424,314790597635,314804748134,314804954189,0.2812,19.998,0.002,14.3566,14.1505,0.2061,29757,0
1029,6491,6555,314810326513,314810643150,314824746414,314824967980,0.3166,20.0101,0.0101,14.3248,14.1033,0.2216,29759,0
1030,6492,6556,314830320289,314830631622,314844741091,314845015997,0.3113,19.9938,0.0062,14.3844,14.1095,0.2749,29761,0
1031,6493,6557,314850318769,314850617293,314864680727,314864888382,0.2985,19.9985,0.0015,14.2711,14.0634,0.2077,29763,0
1032,6494,6558,314870317749,314870614872,314884746157,314884952712,0.2971,19.999,0.001,14.3378,14.1313,0.2066,29765,0
1033,6495,6559,314890319232,314890610550,314904745838,314904951192,0.2913,20.0015,0.0015,14.3406,14.1353,0.2054,29767,0
1034,6496,6560,314910325117,314910641154,314924755426,314924961581,0.316,20.0059,0.0059,14.3204,14.1143,0.2062,29768,0
1035,6497,6561,314930318793,314930609111,314944748502,314944959560,0.2903,19.9937,0.0063,14.3504,14.1394,0.2111,29770,0
1036,6498,6562,314950313971,314950609993,314964748883,314964972751,0.296,19.9952,0.0048,14.3628,14.1389,0.2239,29772,0
1037,6499,6563,314970315253,314970612576,314984751366,314984991746,0.2973,20.0013,0.0013,14.3792,14.1388,0.2404,29774,0
1038,6500,6564,314990314534,314990635074,315004746043,315004966409,0.3205,19.9993,0.0007,14.3313,14.111,0.2204,29776,0
1039,6501,6565,315010322721,315010643661,315024756232,315024999715,0.3209,20.0082,0.0082,14.3561,14.1126,0.2435,29778,0
1040,6502,6566,315030324503,315030734110,315044765020,315045096668,0.4096,20.0018,0.0018,14.3626,14.0309,0.3316,29780,0
1041,6503,6567,315050325685,315050813651,315064794223,315065277985,0.488,20.0012,0.0012,14.4643,13.9806,0.4838,29782,0
1042,6504,6568,315070340878,315070796219,315084790801,315085273363,0.4553,20.0152,0.0152,14.4771,13.9946,0.4826,29784,0
1043,6505,6569,315090332252,315090818717,315104787580,315105246224,0.4865,19.9914,0.0086,14.4275,13.9689,0.4586,29785,0
1044,6506,6570,315110344242,315110838312,315124823488,315125354486,0.4941,20.012,0.012,14.5162,13.9852,0.531,29787,0
1045,6507,6571,315130335517,315130900340,315144796349,315145330149,0.5648,19.9913,0.0087,14.4298,13.896,0.5338,29789,0
1046,6508,6572,315150330194,315150831770,315164873087,315165379667,0.5016,19.9947,0.0053,14.5479,14.0413,0.5066,29791,0
1047,6509,6573,315170329074,315170826147,315184780799,315185259058,0.4971,19.9989,0.0011,14.4329,13.9547,0.4783,29793,0
1048,6510,6574,315190328355,315190821624,315204782882,315205254235,0.4933,19.9993,0.0007,14.4326,13.9613,0.4714,29795,0
1049,6511,6575,315210346449,315210834115,315224805380,315225301652,0.4877,20.0181,0.0181,14.4675,13.9713,0.4963,29797,0
1050,6512,6576,315230332520,315230835197,315244789849,315245268208,0.5027,19.9861,0.0139,14.433,13.9547,0.4784,29799,0
1051,6513,6577,315250326096,315250826371,315264785527,315265235664,0.5003,19.9936,0.0064,14.4093,13.9592,0.4501,29801,0
1052,6514,6578,315270384621,315270955949,315284775012,315285244289,0.5713,20.0585,0.0585,14.2883,13.8191,0.4693,29802,0
1053,6515,6579,315290319788,315290788066,315304761954,315305205744,0.4683,19.9352,0.0648,14.4177,13.9739,0.4438,29804,0
1054,6516,6580,315310335816,315310839978,315324772884,315325278645,0.5042,20.016,0.016,14.4387,13.9329,0.5058,29806,0
1055,6517,6581,315330329355,315330894088,315344780317,315345357844,0.5647,19.9935,0.0065,14.4638,13.8862,0.5775,29808,0
1056,6518,6582,315350326792,315350789573,315364767059,315365475524,0.4628,19.9974,0.0026,14.686,13.9775,0.7085,29810,0
1057,6519,6583,315370327528,315370807201,315384766295,315385229976,0.4797,20.0007,0.0007,14.4228,13.9591,0.4637,29812,0
1058,6520,6584,315390327064,315391019337,315404762033,315405216918,0.6923,19.9995,0.0005,14.1976,13.7427,0.4549,29814,0
1059,6521,6585,315410330498,315410842356,315424764768,315425222352,0.5119,20.0034,0.0034,14.38,13.9224,0.4576,29816,0
1060,6522,6586,315430312343,315430759831,315444772400,315445274563,0.4475,19.9818,0.0182,14.5147,14.0126,0.5022,29818,0
1061,6523,6587,315450317876,315450819139,315464772336,315465278197,0.5013,20.0055,0.0055,14.4591,13.9532,0.5059,29819,0
1062,6524,6588,315470350097,315470874549,315484770873,315485260042,0.5245,20.0322,0.0322,14.3855,13.8963,0.4892,29821,0
1063,6525,6589,315490314550,315490786826,315504778306,315505334842,0.4723,19.9645,0.0355,14.548,13.9915,0.5565,29823,0
1064,6526,6590,315510344072,315510871822,315524804729,315525283003,0.5278,20.0295,0.0295,14.4112,13.9329,0.4783,29825,0
1065,6527,6591,315530316821,315530783400,315544776278,315545280340,0.4666,19.9727,0.0273,14.4969,13.9929,0.5041,29827,0
1066,6528,6592,315550320655,315550776039,315564766319,315565230200,0.4554,20.0038,0.0038,14.4542,13.9903,0.4639,29829,0
1067,6529,6593,315570311295,315570726299,315584770953,315585180559,0.415,19.9906,0.0094,14.4543,14.0447,0.4096,29831,0
1068,6530,6594,315590315329,315590750423,315604761593,315605164103,0.4351,20.004,0.004,14.4137,14.0112,0.4025,29833,0
1069,6531,6595,315610329259,315610828023,315624777222,315625602931,0.4988,20.0139,0.0139,14.7749,13.9492,0.8257,29835,0
1070,6532,6596,315630318600,315630802371,315644774559,315645183566,0.4838,19.9893,0.0107,14.3812,13.9722,0.409,29836,0
1071,6533,6597,315650317236,315650766024,315664771896,315665240874,0.4488,19.9986,0.0014,14.4748,14.0059,0.469,29838,0
1072,6534,6598,315670317572,315670795246,315684779429,315685297384,0.4777,20.0003,0.0003,14.5021,13.9842,0.518,29840,0
1073,6535,6599,315690318108,315690794382,315704762073,315705203264,0.4763,20.0005,0.0005,14.4089,13.9677,0.4412,29842,0
1074,6536,6600,315710389910,315710980930,315724790495,315725357427,0.591,20.0718,0.0718,14.3765,13.8096,0.5669,29844,0
1075,6537,6601,315730320179,315730838334,315744763544,315745175749,0.5182,19.9303,0.0697,14.3374,13.9252,0.4122,29846,0
1076,6538,6602,315750315417,315750764704,315764755984,315765155595,0.4493,19.9952,0.0048,14.3909,13.9913,0.3996,29848,0
1077,6539,6603,315770314154,315770745150,315784772412,315785218701,0.431,19.9987,0.0013,14.4736,14.0273,0.4463,29850,0
1078,6540,6604,315790314489,315790768275,315804758554,315805197847,0.4538,20.0003,0.0003,14.4296,13.9903,0.4393,29852,0
1079,6541,6605,315810343712,315810842875,315824768186,315825230167,0.4992,20.0292,0.0292,14.3873,13.9253,0.462,29853,0
1080,6542,6606,315830314261,315830775543,315844770921,315845272883,0.4613,19.9705,0.0295,14.4973,13.9954,0.502,29855,0
1081,6543,6607,315850320594,315850986479,315864763860,315865181962,0.6659,20.0063,0.0063,14.1955,13.7774,0.4181,29857,0
1082,6544,6608,315870318032,315870805301,315884778189,315885227676,0.4873,19.9974,0.0026,14.4224,13.9729,0.4495,29859,0
1083,6545,6609,315890308072,315890744966,315904756935,315905168840,0.4369,19.99,0.01,14.4239,14.012,0.4119,29861,0
1084,6546,6610,315910320502,315910783783,315924788756,315925242941,0.4633,20.0124,0.0124,14.4592,14.005,0.4542,29863,0
1085,6547,6611,315930324836,315930830697,315944781495,315945304648,0.5059,20.0043,0.0043,14.474,13.9508,0.5232,29865,0
1086,6548,6612,315950327071,315950816440,315964769537,315965204631,0.4894,20.0022,0.0022,14.3882,13.9531,0.4351,29867,0
1087,6549,6613,315970315912,315970746409,315984750282,315985139098,0.4305,19.9888,0.0112,14.3927,14.0039,0.3888,29869,0
1088,6550,6614,315990316648,315990754441,316004752117,316005107149,0.4378,20.0007,0.0007,14.3527,13.9977,0.355,29870,0
1089,6551,6615,316010320682,316010782164,316024771944,316025229427,0.4615,20.004,0.004,14.4473,13.9898,0.4575,29872,0
1090,6552,6616,316030316320,316030785398,316044765683,316045219668,0.4691,19.9956,0.0044,14.4343,13.9803,0.454,29874,0
1091,6553,6617,316050321354,316050771841,316064767118,316065253488,0.4505,20.005,0.005,14.4816,13.9953,0.4864,29876,0
1092,6554,6618,316070380762,316070931201,316084766954,316085224138,0.5504,20.0594,0.0594,14.2929,13.8358,0.4572,29878,0
1093,6555,6619,316090317627,316090766115,316104781883,316105299438,0.4485,19.9369,0.0631,14.5333,14.0158,0.5176,29880,0
1094,6556,6620,316110327459,316110908584,316124772723,316125232506,0.5811,20.0098,0.0098,14.3239,13.8641,0.4598,29882,0
1095,6557,6621,316130324196,316130806868,316144797947,316145407659,0.4827,19.9967,0.0033,14.6008,13.9911,0.6097,29884,0
1096,6558,6622,316150309139,316150758927,316164771696,316165200493,0.4498,19.9849,0.0151,14.4416,14.0128,0.4288,29886,0
1097,6559,6623,316170312974,316170751266,316184773231,316185166845,0.4383,20.0038,0.0038,14.4156,14.022,0.3936,29887,0
1098,6560,6624,316190317807,316191030270,316204758574,316205155886,0.7125,20.0048,0.0048,14.1256,13.7283,0.3973,29889,0
1099,6561,6625,316210314745,316210828601,316224785097,316225356227,0.5139,19.9969,0.0031,14.5276,13.9565,0.5711,29891,0
1100,6562,6626,316230318079,316230821041,316244776337,316245272802,0.503,20.0033,0.0033,14.4518,13.9553,0.4965,29893,0
1101,6563,6627,316250332808,316250981601,316264782071,316265236256,0.6488,20.0147,0.0147,14.2547,13.8005,0.4542,29895,0
1102,6564,6628,316270308356,316270788328,316284757548,316285196670,0.48,19.9755,0.0245,14.4083,13.9692,0.4391,29897,0
1103,6565,6629,316290304877,316290753983,316304751954,316305185784,0.4491,19.9965,0.0035,14.4318,13.998,0.4338,29899,0
1104,6566,6630,316310345212,316310801307,316324750254,316325183784,0.4561,20.0403,0.0403,14.3825,13.9489,0.4335,29901,0
1105,6567,6631,316330303374,316330775644,316344851895,316345322468,0.4723,19.9582,0.0418,14.5468,14.0763,0.4706,29903,0
1106,6568,6632,316350329331,316350763261,316364744458,316365145239,0.4339,20.026,0.026,14.382,13.9812,0.4008,29905,0
1107,6569,6633,316370302969,316370738796,316384740961,316385141442,0.4358,19.9736,0.0264,14.4026,14.0022,0.4005,29906,0
1108,6570,6634,316390305663,316390750276,316404740759,316405115180,0.4446,20.0027,0.0027,14.3649,13.9905,0.3744,29908,0
1109,6571,6635,316410323233,316410729505,316424748943,316425197151,0.4063,20.0176,0.0176,14.4676,14.0194,0.4482,29910,0
1110,6572,6636,316430305957,316430761653,316444742351,316445170989,0.4557,19.9827,0.0173,14.4093,13.9807,0.4286,29912,0
1111,6573,6637,316450302959,316450783217,316464758523,316465186562,0.4803,19.997,0.003,14.4033,13.9753,0.428,29914,0
1112,6574,6638,316470302457,316470757554,316484764411,316485208825,0.4551,19.9995,0.0005,14.4513,14.0069,0.4444,29916,0
1113,6575,6639,316490304252,316490774026,316504775891,316505275519,0.4698,20.0018,0.0018,14.5015,14.0019,0.4996,29918,0
1114,6576,6640,316510305447,316510804077,316524771495,316525227291,0.4986,20.0012,0.0012,14.4232,13.9674,0.4558,29920,0
1115,6577,6641,316530304846,316530735680,316544765702,316545235576,0.4308,19.9994,0.0006,14.4999,14.03,0.4699,29922,0
1116,6578,6642,316550311433,316550857689,316564773786,316565246756,0.5463,20.0066,0.0066,14.3891,13.9161,0.473,29923,0
1117,6579,6643,316570317221,316570983991,316584744230,316585197329,0.6668,20.0058,0.0058,14.2133,13.7602,0.4531,29925,0
1118,6580,6644,316590378724,316590853490,316604757906,316605195130,0.4748,20.0615,0.0615,14.3416,13.9044,0.4372,29927,0
1119,6581,6645,316610303537,316610784893,316624758402,316625246249,0.4814,19.9248,0.0752,14.4614,13.9735,0.4878,29929,0
1120,6582,6646,316630303934,316630762525,316644751411,316645229672,0.4586,20.0004,0.0004,14.4671,13.9889,0.4783,29931,0
1121,6583,6647,316650301635,316650743053,316664751907,316665252733,0.4414,19.9977,0.0023,14.5097,14.0089,0.5008,29933,0
1122,6584,6648,316670300434,316670811944,316684753502,316685215388,0.5115,19.9988,0.0012,14.4034,13.9416,0.4619,29935,0
1123,6585,6649,316690300931,316690930757,316704729537,316705083889,0.6298,20.0005,0.0005,14.1531,13.7988,0.3544,29937,0
1124,6586,6650,316710304123,316710719781,316724752099,316725208993,0.4157,20.0032,0.0032,14.4892,14.0323,0.4569,29939,0
1125,6587,6651,316730321494,316730812335,316744758886,316745235749,0.4908,20.0174,0.0174,14.4234,13.9466,0.4769,29941,0
1126,6588,6652,316750312305,316750791065,316764728530,316765117529,0.4788,19.9908,0.0092,14.3265,13.9375,0.389,29942,0
1127,6589,6653,316770310306,316770768098,316784749695,316785214876,0.4578,19.998,0.002,14.4468,13.9816,0.4652,29944,0
1128,6590,6654,316790325180,316790821813,316804748195,316805171740,0.4966,20.0149,0.0149,14.3499,13.9264,0.4235,29946,0
1129,6591,6655,316810326076,316810851764,316824746594,316825181522,0.5257,20.0009,0.0009,14.3298,13.8948,0.4349,29948,0
1130,6592,6656,316830309998,316830791354,316844755578,316845153863,0.4814,19.9839,0.0161,14.3625,13.9642,0.3983,29950,0
1131,6593,6657,316850307599,316850835883,316864753978,316865133891,0.5283,19.9976,0.0024,14.298,13.9181,0.3799,29952,0
1132,6594,6658,316870316383,316870787156,316884745089,316885162045,0.4708,20.0088,0.0088,14.3749,13.9579,0.417,29954,0
1133,6595,6659,316890314184,316890764488,316904750578,316905215859,0.4503,19.9978,0.0022,14.4514,13.9861,0.4653,29956,0
1134,6596,6660,316910335748,316910805322,316924750775,316925184704,0.4696,20.0216,0.0216,14.3794,13.9455,0.4339,29958,0
1135,6597,6661,316930309985,316930797132,316944748675,316945243711,0.4871,19.9742,0.0258,14.4466,13.9515,0.495,29959,0
1136,6598,6662,316950340336,316950792337,316964742482,316965197280,0.452,20.0304,0.0304,14.4049,13.9501,0.4548,29961,0
1137,6599,6663,316970312676,316970738218,316984751666,316985184197,0.4255,19.9723,0.0277,14.446,14.0134,0.4325,29963,0
1138,6600,6664,316990319163,316990862324,317004759950,317005290131,0.5432,20.0065,0.0065,14.4278,13.8976,0.5302,29965,0
1139,6601,6665,317010336633,317010921829,317024777221,317025223332,0.5852,20.0175,0.0175,14.3015,13.8554,0.4461,29967,0
1140,6602,6666,317030320356,317030924023,317044747764,317045196470,0.6037,19.9837,0.0163,14.2724,13.8237,0.4487,29969,0
1141,6603,6667,317050321951,317050831164,317064766432,317065248687,0.5092,20.0016,0.0016,14.4175,13.9353,0.4823,29971,0
1142,6604,6668,317070316157,317070778842,317084752351,317085191273,0.4627,19.9942,0.0058,14.4124,13.9735,0.4389,29973,0
1143,6605,6669,317090311861,317090833655,317104768025,317105239396,0.5218,19.9957,0.0043,14.4057,13.9344,0.4714,29975,0
1144,6606,6670,317110358786,317110915825,317124749051,317125187773,0.557,20.0469,0.0469,14.2719,13.8332,0.4387,29976,0
1145,6607,6671,317130312255,317130782728,317144757735,317145159015,0.4705,19.9535,0.0465,14.3763,13.975,0.4013,29978,0
1146,6608,6672,317150306961,317150742887,317164742356,317165125764,0.4359,19.9947,0.0053,14.3829,13.9995,0.3834,29980,0
1147,6609,6673,317170308057,317170731602,317184740956,317185137643,0.4235,20.0011,0.0011,14.406,14.0094,0.3967,29982,0
1148,6610,6674,317190316042,317190939878,317204732866,317205140037,0.6238,20.008,0.008,14.2002,13.793,0.4072,29984,0
1149,6611,6675,317210310448,317210785314,317224745244,317225338128,0.4749,19.9944,0.0056,14.5528,13.9599,0.5929,29986,0
1150,6612,6676,317230306851,317230752861,317244746140,317245206029,0.446,19.9964,0.0036,14.4532,13.9933,0.4599,29988,0
1151,6613,6677,317250321825,317250778719,317264765208,317265175075,0.4569,20.015,0.015,14.3964,13.9865,0.4099,29990,0
1152,6614,6678,317270317429,317270760844,317284728213,317285127022,0.4434,19.9956,0.0044,14.3662,13.9674,0.3988,29992,0
1153,6615,6679,317290311937,317290829152,317304725720,317305111860,0.5172,19.9945,0.0055,14.2827,13.8966,0.3861,29993,0
1154,6616,6680,317310314632,317310766509,317324726718,317325159144,0.4519,20.0027,0.0027,14.3926,13.9602,0.4324,29995,0
1155,6617,6681,317330313934,317330782969,317344721432,317345133808,0.469,19.9993,0.0007,14.3508,13.9385,0.4124,29997,0
1156,6618,6682,317350327801,317350769104,317364743079,317365217101,0.4413,20.0139,0.0139,14.448,13.974,0.474,29999,0
1157,6619,6683,317370347353,317370803220,317384726322,317385115056,0.4559,20.0196,0.0196,14.3118,13.9231,0.3887,30001,0
1158,6620,6684,317390330197,317390800129,317404715949,317405107775,0.4699,19.9828,0.0172,14.3076,13.9158,0.3918,30003,0
1159,6621,6685,317410310247,317410755840,317424751461,317425171019,0.4456,19.98,0.0199,14.4152,13.9956,0.4196,30005,0
1160,6622,6686,317430327904,317430729905,317444728220,317445130021,0.402,20.0177,0.0177,14.4001,13.9983,0.4018,30007,0
1161,6623,6687,317450313241,317450768809,317464728520,317465113663,0.4556,19.9853,0.0147,14.3449,13.9597,0.3851,30009,0
1162,6624,6688,317470309352,317470742176,317484723434,317485105285,0.4328,19.9961,0.0039,14.3631,13.9813,0.3819,30010,0
1163,6625,6689,317490310151,317490829959,317504745380,317505220100,0.5198,20.0008,0.0008,14.3901,13.9154,0.4747,30012,0
1164,6626,6690,317510329803,317510891108,317524738398,317525178305,0.5613,20.0197,0.0197,14.2872,13.8473,0.4399,30014,0
1165,6627,6691,317530319330,317530846220,317544749771,317545365241,0.5269,19.9895,0.0105,14.519,13.9036,0.6155,30016,0
1166,6628,6692,317550311650,317550769013,317564742191,317565175913,0.4574,19.9923,0.0077,14.4069,13.9732,0.4337,30018,0
1167,6629,6693,317570318234,317570773702,317584737004,317585120451,0.4555,20.0066,0.0066,14.3467,13.9633,0.3834,30020,0
1168,6630,6694,317590317138,317590820088,317604727928,317605109978,0.503,19.9989,0.0011,14.2899,13.9078,0.3821,30022,0
1169,6631,6695,317610316241,317610767919,317624725734,317625131426,0.4517,19.9991,0.0009,14.3635,13.9578,0.4057,30024,0
1170,6632,6696,317630305269,317630716248,317644738004,317645202151,0.411,19.989,0.011,14.4859,14.0218,0.4641,30026,0
1171,6633,6697,317650344872,317650891713,317664731721,317665168735,0.5468,20.0396,0.0396,14.277,13.84,0.437,30027,0
1172,6634,6698,317670324922,317670867873,317684736310,317685214722,0.543,19.98,0.0199,14.3468,13.8684,0.4784,30029,0
1173,6635,6699,317690351756,317690971017,317704774117,317705207042,0.6193,20.0268,0.0268,14.236,13.8031,0.4329,30031,0
1174,6636,6700,317710319837,317710827176,317724749380,317725154772,0.5073,19.9681,0.0319,14.3276,13.9222,0.4054,30033,0
1175,6637,6701,317730309762,317730714756,317744730228,317745177118,0.405,19.9899,0.0101,14.4624,14.0155,0.4469,30035,0
1176,6638,6702,317750318242,317750791167,317764749282,317765245748,0.4729,20.0085,0.0085,14.4546,13.9581,0.4965,30037,0
1177,6639,6703,317770334702,317770888526,317784742500,317785213130,0.5538,20.0165,0.0165,14.3246,13.854,0.4706,30039,0
1178,6640,6704,317790325127,317790843938,317804754471,317805289441,0.5188,19.9904,0.0096,14.4455,13.9105,0.535,30041,0
1179,6641,6705,317810335602,317810897206,317824788587,317825273681,0.5616,20.0105,0.0105,14.3765,13.8914,0.4851,30043,0
1180,6642,6706,317830315353,317830801645,317844739410,317845071983,0.4863,19.9798,0.0202,14.2703,13.9378,0.3326,30045,0
1181,6643,6707,317850309070,317850657903,317864729934,317864991285,0.3488,19.9937,0.0063,14.3334,14.072,0.2614,30046,0
1182,6644,6708,317870313060,317870704588,317884721456,317884997969,0.3915,20.004,0.004,14.2934,14.0169,0.2765,30048,0
1183,6645,6709,317890306079,317890583888,317904726644,317904973730,0.2778,19.993,0.007,14.3898,14.1428,0.2471,30050,0
1184,6646,6710,317910314658,317910645436,317924734027,317924992784,0.3308,20.0086,0.0086,14.3473,14.0886,0.2588,30052,0
1185,6647,6711,317930301691,317930620798,317944730935,317944988595,0.3191,19.987,0.013,14.3678,14.1101,0.2577,30054,0
1186,6648,6712,317950302091,317950608131,317964730537,317965002362,0.306,20.0004,0.0004,14.3942,14.1224,0.2718,30056,0
1187,6649,6713,317970308975,317970647933,317984730638,317984999769,0.339,20.0069,0.0069,14.3518,14.0827,0.2691,30058,0
1188,6650,6714,317990299300,317990606437,318004803059,318005088150,0.3071,19.9903,0.0097,14.4817,14.1966,0.2851,30060,0
1189,6651,6715,318010309974,318010634568,318024731936,318024993886,0.3246,20.0107,0.0107,14.3593,14.0974,0.262,30062,0
1190,6652,6716,318030300100,318030606439,318044722760,318045036281,0.3063,19.9901,0.0099,14.4298,14.1163,0.3135,30063,0
1191,6653,6717,318050301497,318050643946,318064718472,318064937228,0.3424,20.0014,0.0014,14.2933,14.0745,0.2188,30065,0
1192,6654,6718,318070309678,318070646042,318084718672,318084966456,0.3364,20.0082,0.0082,14.3204,14.0726,0.2478,30067,0
1193,6655,6719,318090311873,318090642352,318104729247,318104971046,0.3305,20.0022,0.0022,14.3287,14.0869,0.2418,30069,0
1194,6656,6720,318110309480,318110665396,318124733736,318125018030,0.3559,19.9976,0.0024,14.3526,14.0683,0.2843,30071,0
1195,6657,6721,318130300104,318130680459,318144759274,318145258932,0.3804,19.9906,0.0094,14.5785,14.0788,0.4997,30073,0
1196,6658,6722,318150322649,318150768342,318164736531,318165036486,0.4457,20.0225,0.0225,14.2681,13.9682,0.3,30075,0
1197,6659,6723,318170305592,318170637867,318184739425,318185004167,0.3323,19.9829,0.0171,14.3663,14.1016,0.2647,30077,0
1198,6660,6724,318190308885,318190620112,318204737630,318204984617,0.3112,20.0033,0.0033,14.3645,14.1175,0.247,30079,0
1199,6661,6725,318210306292,318210818320,318224737332,318225012548,0.512,19.9974,0.0026,14.1942,13.919,0.2752,30080,0
1200,6662,6726,318230308588,318230633181,318244745014,318245081976,0.3246,20.0023,0.0023,14.4488,14.1118,0.337,30082,0
1201,6663,6727,318250318364,318250761264,318264747508,318265100930,0.4429,20.0098,0.0098,14.3397,13.9862,0.3534,30084,0
1202,6664,6728,318270304300,318270699917,318284730563,318285010935,0.3956,19.9859,0.0141,14.311,14.0306,0.2804,30086,0
1203,6665,6729,318290308806,318290606521,318304737864,318305026609,0.2977,20.0045,0.0045,14.4201,14.1313,0.2887,30088,0
1204,6666,6730,318310309130,318310625882,318324738288,318325010288,0.3168,20.0003,0.0003,14.3844,14.1124,0.272,30090,0
1205,6667,6731,318330306464,318330629894,318344733229,318344972438,0.3234,19.9973,0.0027,14.3425,14.1033,0.2392,30092,0
1206,6668,6732,318350304794,318350614569,318364726377,318364967679,0.3098,19.9983,0.0017,14.3531,14.1118,0.2413,30094,0
1207,6669,6733,318370306115,318370630342,318384736369,318384965411,0.3242,20.0013,0.0013,14.3351,14.106,0.229,30096,0
1208,6670,6734,318390315210,318390633756,318404733204,318404960353,0.3185,20.0091,0.0091,14.3266,14.0994,0.2271,30098,0
1209,6671,6735,318410308856,318410618033,318424735522,318424971840,0.3092,19.9936,0.0064,14.3538,14.1175,0.2363,30099,0
1210,6672,6736,318430311074,318430634802,318444727473,318444926714,0.3237,20.0022,0.0022,14.2919,14.0927,0.1992,30101,0
1211,6673,6737,318450304221,318450574328,318464726302,318464940892,0.2701,19.9931,0.0069,14.3666,14.152,0.2146,30103,0
1212,6674,6738,318470316605,318470602559,318484737590,318484974506,0.286,20.0124,0.0124,14.3719,14.135,0.2369,30105,0
1213,6675,6739,318490318723,318490725677,318504863299,318505391551,0.407,20.0021,0.0021,14.6659,14.1376,0.5283,30107,0
1214,6676,6740,318510308382,318510774241,318524756677,318525095057,0.4659,19.9897,0.0103,14.3208,13.9824,0.3384,30109,0
1215,6677,6741,318530309902,318530704198,318544748230,318545060197,0.3943,20.0015,0.0015,14.356,14.044,0.312,30111,0
1216,6678,6742,318550307137,318550651497,318564743570,318565025936,0.3444,19.9972,0.0028,14.3744,14.0921,0.2824,30113,0
1217,6679,6743,318570309055,318570847075,318584738213,318585011409,0.538,20.0019,0.0019,14.1643,13.8911,0.2732,30115,0
1218,6680,6744,318590311074,318590635799,318604741228,318605010537,0.3247,20.002,0.002,14.3747,14.1054,0.2693,30117,0
1219,6681,6745,318610304720,318610595159,318624727997,318624993119,0.2904,19.9936,0.0064,14.398,14.1328,0.2651,30118,0
1220,6682,6746,318630305841,318630586512,318644731111,318644956665,0.2807,20.0011,0.0011,14.3702,14.1446,0.2256,30120,0
1221,6683,6747,318650306065,318650569693,318664738811,318664991973,0.2636,20.0002,0.0002,14.4223,14.1691,0.2532,30122,0
1222,6684,6748,318670310376,318670650949,318684753587,318685120772,0.3406,20.0043,0.0043,14.4698,14.1026,0.3672,30124,0
1223,6685,6749,318690316281,318690664230,318704742349,318705073753,0.3479,20.0059,0.0059,14.4095,14.0781,0.3314,30126,0
1224,6686,6750,318710305941,318710618506,318724738487,318725028129,0.3126,19.9897,0.0103,14.4096,14.12,0.2896,30128,0
1225,6687,6751,318730306962,318730614445,318744755256,318745137392,0.3075,20.001,0.001,14.5229,14.1408,0.3821,30130,0
1226,6688,6752,318750313864,318750778826,318764733952,318765019407,0.465,20.0069,0.0069,14.2406,13.9551,0.2855,30132,0
1227,6689,6753,318770306912,318770682171,318784731784,318785010761,0.3753,19.993,0.007,14.3286,14.0496,0.279,30134,0
1228,6690,6754,318790300758,318790615217,318804742175,318805018261,0.3145,19.9938,0.0062,14.403,14.127,0.2761,30135,0
1229,6691,6755,318810298789,318810621721,318824751469,318825083171,0.3229,19.998,0.002,14.4614,14.1297,0.3317,30137,0
1230,6692,6756,318830304595,318830695203,318844732756,318845009440,0.3906,20.0058,0.0058,14.3142,14.0376,0.2767,30139,0
1231,6693,6757,318850298440,318850706291,318864714641,318865038569,0.4079,19.9938,0.0062,14.3323,14.0084,0.3239,30141,0
1232,6694,6758,318870306937,318870721366,318884685562,318884943808,0.4144,20.0085,0.0085,14.2224,13.9642,0.2582,30143,0
1233,6695,6759,318890299387,318890620425,318904678809,318904917320,0.321,19.9925,0.0076,14.2969,14.0584,0.2385,30145,0
1234,6696,6760,318910296621,318910607194,318924679133,318924927412,0.3106,19.9972,0.0028,14.3202,14.0719,0.2483,30147,0
1235,6697,6761,318930302926,318930625159,318944709956,318945121594,0.3222,20.0063,0.0063,14.4964,14.0848,0.4116,30149,0
1236,6698,6762,318950307236,318950746782,318964690745,318965020653,0.4395,20.0043,0.0043,14.2739,13.944,0.3299,30151,0
1237,6699,6763,318970317029,318970724182,318984710505,318985055961,0.4072,20.0098,0.0098,14.3318,13.9863,0.3455,30152,0
1238,6700,6764,318990299014,318990680352,319004735746,319005031767,0.3813,19.982,0.018,14.3514,14.0554,0.296,30154,0
1239,6701,6765,319010309703,319010647386,319024727299,319024984049,0.3377,20.0107,0.0107,14.3367,14.0799,0.2567,30156,0
1240,6702,6766,319030298565,319030659172,319044683668,319044947595,0.3606,19.9889,0.0111,14.2884,14.0245,0.2639,30158,0
1241,6703,6767,319050296597,319050647535,319064678610,319064920310,0.3509,19.998,0.002,14.2728,14.0311,0.2417,30160,0
1242,6704,6768,319070301206,319070651547,319084676143,319084909073,0.3503,20.0046,0.0046,14.2575,14.0246,0.2329,30162,0
1243,6705,6769,319090298141,319090629047,319104678959,319104912885,0.3309,19.9969,0.0031,14.2838,14.0499,0.2339,30164,0
1244,6706,6770,319110296572,319110627078,319124686359,319124930252,0.3305,19.9984,0.0016,14.3032,14.0593,0.2439,30166,0
1245,6707,6771,319130297992,319130603381,319144682298,319144912536,0.3054,20.0014,0.0014,14.3092,14.0789,0.2302,30168,0
1246,6708,6772,319150297120,319150607593,319164678535,319164897610,0.3105,19.9991,0.0009,14.29,14.0709,0.2191,30169,0
1247,6709,6773,319170297045,319170583099,319184668494,319184868631,0.2861,19.9999,0.0001,14.2855,14.0854,0.2001,30171,0
1248,6710,6774,319190303050,319190630367,319204685163,319204942213,0.3273,20.006,0.006,14.3118,14.0548,0.2571,30173,0
1249,6711,6775,319210299288,319210609362,319224735721,319225000844,0.3101,19.9962,0.0038,14.3915,14.1264,0.2651,30175,0
1250,6712,6776,319230299213,319230631414,319244684017,319244956017,0.3322,19.9999,0.0001,14.3246,14.0526,0.272,30177,0
1251,6713,6777,319250295749,319250642901,319264685138,319264958235,0.3472,19.9965,0.0035,14.3153,14.0422,0.2731,30179,0
1252,6714,6778,319270294977,319270634952,319284679517,319284956700,0.34,19.9992,0.0008,14.3217,14.0446,0.2772,30181,0
1253,6715,6779,319290313807,319290591588,319304731992,319304997821,0.2778,20.0188,0.0188,14.4062,14.1404,0.2658,30183,0
1254,6716,6780,319310295468,319310606315,319324739847,319325009161,0.3108,19.9817,0.0183,14.4028,14.1335,0.2693,30185,0
1255,6717,6781,319330294657,319330568354,319344741726,319344996698,0.2737,19.9992,0.0008,14.4283,14.1734,0.255,30186,0
1256,6718,6782,319350298229,319350571229,319364705458,319365120884,0.273,20.0036,0.0036,14.5497,14.1342,0.4154,30188,0
1257,6719,6783,319370314151,319370716530,319384735723,319384983922,0.4024,20.0159,0.0159,14.2674,14.0192,0.2482,30190,0
1258,6720,6784,319390298600,319390674485,319404708718,319405123645,0.3759,19.9844,0.0156,14.4492,14.0342,0.4149,30192,0
1259,6721,6785,319410293806,319410745685,319424743763,319425068255,0.4519,19.9952,0.0048,14.3226,13.9981,0.3245,30194,0
1260,6722,6786,319430304450,319430641093,319444724427,319444938963,0.3366,20.0106,0.0106,14.2979,14.0833,0.2145,30196,0
1261,6723,6787,319450305830,319450578133,319464671228,319464999107,0.2723,20.0014,0.0014,14.421,14.0931,0.3279,30198,0
1262,6724,6788,319470321354,319470747835,319484723205,319485169705,0.4265,20.0155,0.0155,14.4219,13.9754,0.4465,30200,0
1263,6725,6789,319490334886,319490748419,319504687236,319505008242,0.4135,20.0135,0.0135,14.2598,13.9388,0.321,30202,0
1264,6726,6790,319510308678,319510643130,319524733934,319525001556,0.3345,19.9738,0.0262,14.3584,14.0908,0.2676,30203,0
1265,6727,6791,319530311055,319530640726,319544736510,319545014092,0.3297,20.0024,0.0024,14.3734,14.0958,0.2776,30205,0
1266,6728,6792,319550308551,319550636828,319564726836,319564949239,0.3283,19.9975,0.0025,14.3124,14.09,0.2224,30207,0
1267,6729,6793,319570307940,319570647970,319584675429,319584949923,0.34,19.9994,0.0006,14.302,14.0275,0.2745,30209,0
1268,6730,6794,319590308425,319590705922,319604728004,319604966841,0.3975,20.0005,0.0005,14.2609,14.0221,0.2388,30211,0
1269,6731,6795,319610309905,319610627724,319624731177,319624979975,0.3178,20.0015,0.0015,14.3523,14.1035,0.2488,30213,0
1270,6732,6796,319630306704,319630578907,319644735945,319644974184,0.2722,19.9968,0.0032,14.3953,14.157,0.2382,30215,0
1271,6733,6797,319650313762,319650568934,319664729656,319664979051,0.2552,20.0071,0.0071,14.4101,14.1607,0.2494,30217,0
1272,6734,6798,319670309565,319670694115,319684689604,319684985213,0.3846,19.9958,0.0042,14.2911,13.9955,0.2956,30219,0
1273,6735,6799,319690308755,319690665019,319704760405,319705237681,0.3563,19.9992,0.0008,14.5727,14.0954,0.4773,30220,0
1274,6736,6800,319710308443,319710670185,319724754615,319725083091,0.3617,19.9997,0.0003,14.4129,14.0844,0.3285,30222,0
1275,6737,6801,319730307433,319730647064,319744717252,319744951806,0.3396,19.999,0.001,14.3047,14.0702,0.2346,30224,0
1276,6738,6802,319750379828,319750777126,319764740345,319765086151,0.3973,20.0724,0.0724,14.309,13.9632,0.3458,30226,0
1277,6739,6803,319770307207,319770684287,319784738240,319785008152,0.3771,19.9274,0.0726,14.3239,14.054,0.2699,30228,0
1278,6740,6804,319790308687,319790642044,319804730757,319805009433,0.3334,20.0015,0.0015,14.3674,14.0887,0.2787,30230,0
1279,6741,6805,319810331980,319810666133,319824729149,319825089796,0.3342,20.0233,0.0233,14.4237,14.063,0.3606,30232,0
1280,6742,6806,319830306867,319830578373,319844729136,319844967973,0.2715,19.9749,0.0251,14.3896,14.1508,0.2388,30234,0
1281,6743,6807,319850312232,319850645987,319864726134,319864953119,0.3338,20.0054,0.0054,14.3071,14.0801,0.227,30236,0
1282,6744,6808,319870314410,319870617488,319884724328,319884931393,0.3031,20.0022,0.0022,14.3139,14.1068,0.2071,30237,0
1283,6745,6809,319890309815,319890660202,319904738557,319905089044,0.3504,19.9954,0.0046,14.4288,14.0784,0.3505,30239,0
1284,6746,6810,319910307411,319910606804,319924728783,319924980468,0.2994,19.9976,0.0024,14.3737,14.122,0.2517,30241,0
1285,6747,6811,319930315066,319930608981,319944723789,319944934839,0.2939,20.0077,0.0077,14.3259,14.1148,0.211,30243,0
1286,6748,6812,319950314853,319950664743,319964669793,319964893392,0.3499,19.9998,0.0002,14.2286,14.0051,0.2236,30245,0
1287,6749,6813,319970315437,319970609452,319984739598,319985047557,0.294,20.0006,0.0006,14.4381,14.1301,0.308,30247,0
1288,6750,6814,319990308352,319990592706,320004728131,320004973741,0.2844,19.9929,0.0071,14.381,14.1354,0.2456,30249,0
1289,6751,6815,320010305351,320010645878,320024749332,320025095536,0.3405,19.997,0.003,14.4497,14.1035,0.3462,30251,0
1290,6752,6816,320030308325,320030673653,320044728602,320044967240,0.3653,20.003,0.003,14.2936,14.0549,0.2386,30253,0
1291,6753,6817,320050308411,320050613581,320064686757,320064946311,0.3052,20.0001,0.0001,14.3327,14.0732,0.2596,30254,0
1292,6754,6818,320070308796,320070631197,320084733156,320084987332,0.3224,20.0004,0.0004,14.3561,14.102,0.2542,30256,0
1293,6755,6819,320090324917,320090789246,320104746090,320105060722,0.4643,20.0161,0.0161,14.2715,13.9568,0.3146,30258,0
1294,6756,6820,320110309665,320110646010,320124746774,320125105528,0.3363,19.9847,0.0153,14.4595,14.1008,0.3588,30260,0
1295,6757,6821,320130308955,320130722388,320144740784,320145052129,0.4134,19.9993,0.0007,14.3297,14.0184,0.3113,30262,0
1296,6758,6822,320150306152,320150629449,320164729616,320165013770,0.3233,19.9972,0.0028,14.3843,14.1002,0.2842,30264,0
1297,6759,6823,320170305541,320170612504,320184729801,320185063656,0.307,19.9994,0.0006,14.4512,14.1173,0.3339,30266,0
1298,6760,6824,320190306424,320190635995,320204729489,320204999302,0.3296,20.0009,0.0009,14.3633,14.0935,0.2698,30268,0
1299,6761,6825,320210342067,320210796933,320224767323,320225242109,0.4549,20.0356,0.0356,14.4452,13.9704,0.4748,30270,0
1300,6762,6826,320230326217,320230941736,320244770497,320245216499,0.6155,19.9841,0.0158,14.2748,13.8288,0.446,30271,0
1301,6763,6827,320250338055,320250852980,320264764407,320265237102,0.5149,20.0118,0.0118,14.3841,13.9114,0.4727,30273,0
1302,6764,6828,320270323301,320270962126,320284772018,320285260739,0.6388,19.9852,0.0148,14.2986,13.8099,0.4887,30275,0
1303,6765,6829,320290320047,320290754421,320304748464,320305086189,0.4344,19.9967,0.0033,14.3318,13.994,0.3377,30277,0
1304,6766,6830,320310304754,320310623268,320324735958,320325025806,0.3185,19.9847,0.0153,14.4025,14.1127,0.2898,30279,0
1305,6767,6831,320330307476,320330669488,320344734799,320345027733,0.362,20.0027,0.0027,14.3582,14.0653,0.2929,30281,0
1306,6768,6832,320350302336,320350636577,320364729758,320364987655,0.3342,19.9949,0.0051,14.3511,14.0932,0.2579,30283,0
1307,6769,6833,320370310235,320370663189,320384735267,320384995952,0.353,20.0079,0.0079,14.3328,14.0721,0.2607,30285,0
1308,6770,6834,320390312559,320390611863,320404733212,320405001860,0.2993,20.0023,0.0023,14.39,14.1213,0.2686,30287,0
1309,6771,6835,320410320259,320410677194,320424731954,320424985074,0.3569,20.0077,0.0077,14.3079,14.0548,0.2531,30289,0
1310,6772,6836,320430307753,320430646473,320444728705,320444967491,0.3387,19.9875,0.0125,14.321,14.0822,0.2388,30290,0
1311,6773,6837,320450311272,320450657656,320464736006,320464968422,0.3464,20.0035,0.0035,14.3108,14.0784,0.2324,30292,0
1312,6774,6838,320470310113,320470636292,320484746393,320485169122,0.3262,19.9988,0.0012,14.5328,14.1101,0.4227,30294,0
1313,6775,6839,320490314428,320490740043,320504763150,320505242515,0.4256,20.0043,0.0043,14.5025,14.0231,0.4794,30296,0
1314,6776,6840,320510313468,320510788254,320524735913,320524995901,0.4748,19.999,0.001,14.2076,13.9477,0.26,30298,0
1315,6777,6841,320530323756,320530999206,320544760534,320545126626,0.6754,20.0103,0.0103,14.1274,13.7613,0.3661,30300,0
1316,6778,6842,320550311249,320550787728,320564805460,320565321453,0.4765,19.9875,0.0125,14.5337,14.0177,0.516,30302,0
1317,6779,6843,320570321338,320570755414,320584753935,320585114056,0.4341,20.0101,0.0101,14.3586,13.9985,0.3601,30304,0
1318,6780,6844,320590301964,320590716331,320604763626,320605149128,0.4144,19.9806,0.0194,14.4328,14.0473,0.3855,30306,0
1319,6781,6845,320610304288,320610659930,320624742261,320625025042,0.3556,20.0023,0.0023,14.3651,14.0823,0.2828,30308,0
1320,6782,6846,320630360761,320630694902,320644733836,320644996710,0.3341,20.0565,0.0565,14.3018,14.0389,0.2629,30309,0
1321,6783,6847,320650318891,320650719921,320664728496,320664988285,0.401,19.9581,0.0419,14.2684,14.0086,0.2598,30311,0
1322,6784,6848,320670309670,320670731602,320684736395,320685032116,0.4219,19.9908,0.0092,14.3005,14.0048,0.2957,30313,0
1323,6785,6849,320690301643,320690587709,320704738421,320705011945,0.2861,19.992,0.008,14.4242,14.1507,0.2735,30315,0
1324,6786,6850,320710306456,320710609742,320724738058,320724996055,0.3033,20.0048,0.0048,14.3863,14.1283,0.258,30317,0
1325,6787,6851,320730303903,320730592557,320744729832,320744981359,0.2887,19.9974,0.0026,14.3888,14.1373,0.2515,30319,0
1326,6788,6852,320750304237,320750626634,320764754353,320765108104,0.3224,20.0003,0.0003,14.4815,14.1277,0.3538,30321,0
1327,6789,6853,320770301287,320770663697,320784754289,320785116002,0.3624,19.9971,0.0029,14.4523,14.0906,0.3617,30323,0
1328,6790,6854,320790308488,320790709817,320804729341,320805031133,0.4013,20.0072,0.0072,14.3213,14.0195,0.3018,30325,0
1329,6791,6855,320810301258,320810639182,320824736941,320825034454,0.3379,19.9928,0.0072,14.3953,14.0978,0.2975,30326,0
1330,6792,6856,320830299302,320830611447,320844724236,320844949485,0.3121,19.998,0.002,14.338,14.1128,0.2252,30328,0
1331,6793,6857,320850306803,320850626512,320864723674,320864953502,0.3197,20.0075,0.0075,14.327,14.0972,0.2298,30330,0
1332,6794,6858,320870306042,320870664670,320884733663,320885010173,0.3586,19.9992,0.0008,14.3455,14.069,0.2765,30332,0
1333,6795,6859,320890303191,320890643205,320904727328,320904970394,0.34,19.9971,0.0029,14.3272,14.0841,0.2431,30334,0
1334,6796,6860,320910302330,320910612086,320924711636,320924948034,0.3098,19.9991,0.0009,14.3359,14.0996,0.2364,30336,0
1335,6797,6861,320930307342,320930613813,320944730484,320944969370,0.3065,20.005,0.005,14.3556,14.1167,0.2389,30338,0
1336,6798,6862,320950305487,320950610166,320964729026,320964969903,0.3047,19.9981,0.0019,14.3597,14.1189,0.2409,30340,0
1337,6799,6863,320970299052,320970592683,320984728763,320984961478,0.2936,19.9936,0.0064,14.3688,14.1361,0.2327,30342,0
1338,6800,6864,320990306453,320990639301,321004742037,321004988089,0.3328,20.0074,0.0074,14.3488,14.1027,0.2461,30343,0
1339,6801,6865,321010309574,321010604996,321024736399,321024966824,0.2954,20.0031,0.0031,14.3618,14.1314,0.2304,30345,0
1340,6802,6866,321030304235,321030618071,321044732154,321044941677,0.3138,19.9947,0.0053,14.3236,14.1141,0.2095,30347,0
1341,6803,6867,321050305066,321050613329,321064747518,321065069616,0.3083,20.0008,0.0008,14.4563,14.1342,0.3221,30349,0
1342,6804,6868,321070306196,321070693391,321084755715,321085125391,0.3872,20.0011,0.0011,14.432,14.0623,0.3697,30351,0
1343,6805,6869,321090313398,321090714229,321104739626,321105030768,0.4008,20.0072,0.0072,14.3165,14.0254,0.2911,30353,0
1344,6806,6870,321110300295,321110602287,321124735580,321125002535,0.302,19.9869,0.0131,14.4002,14.1333,0.267,30355,0
1345,6807,6871,321130303715,321130634970,321144728747,321144986047,0.3313,20.0034,0.0034,14.3511,14.0938,0.2573,30357,0
1346,6808,6872,321150302755,321150684375,321164739732,321165016939,0.3816,19.999,0.001,14.3326,14.0554,0.2772,30359,0
1347,6809,6873,321170302491,321170592439,321184737876,321184992588,0.2899,19.9997,0.0003,14.4001,14.1454,0.2547,30360,0
1348,6810,6874,321190302726,321190583019,321204729351,321204968735,0.2803,20.0002,0.0002,14.3857,14.1463,0.2394,30362,0
1349,6811,6875,321210309231,321210662484,321224741331,321225004902,0.3533,20.0065,0.0065,14.3424,14.0788,0.2636,30364,0
1350,6812,6876,321230313745,321230670084,321244733105,321244964924,0.3563,20.0045,0.0045,14.2948,14.063,0.2318,30366,0
1351,6813,6877,321250303130,321250628911,321264738714,321265016220,0.3258,19.9894,0.0106,14.3873,14.1098,0.2775,30368,0
1352,6814,6878,321270305057,321270606053,321284733337,321285015166,0.301,20.0019,0.0019,14.4091,14.1273,0.2818,30370,0
1353,6815,6879,321290300988,321290592865,321304729609,321304990647,0.2919,19.9959,0.0041,14.3978,14.1367,0.261,30372,0
1354,6816,6880,321310300643,321310596897,321324731651,321324992192,0.2963,19.9997,0.0003,14.3953,14.1348,0.2605,30374,0
1355,6817,6881,321330304675,321330597746,321344738270,321345000302,0.2931,20.004,0.004,14.4026,14.1405,0.262,30376,0
1356,6818,6882,321350311393,321350692405,321364744192,321365000256,0.381,20.0067,0.0067,14.3079,14.0518,0.2561,30377,0
1357,6819,6883,321370301895,321370692457,321384729521,321384971857,0.3906,19.9905,0.0095,14.2794,14.0371,0.2423,30379,0
1358,6820,6884,321390300257,321390636900,321404730966,321404994193,0.3366,19.9984,0.0016,14.3573,14.0941,0.2632,30381,0
1359,6821,6885,321410307372,321410701118,321424729228,321424965197,0.3937,20.0071,0.0071,14.2641,14.0281,0.236,30383,0
1360,6822,6886,321430303943,321430654216,321444725998,321444953611,0.3503,19.9966,0.0034,14.2994,14.0718,0.2276,30385,0
1361,6823,6887,321450306582,321450661332,321464722569,321464923023,0.3548,20.0026,0.0026,14.2617,14.0612,0.2005,30387,0
1362,6824,6888,321470304745,321470637409,321484755152,321485156856,0.3327,19.9982,0.0018,14.5194,14.1177,0.4017,30389,0
1363,6825,6889,321490308976,321490741420,321504738193,321505030568,0.4324,20.0042,0.0042,14.2891,13.9968,0.2924,30391,0
1364,6826,6890,321510308531,321510717000,321524736754,321525087225,0.4085,19.9996,0.0004,14.3702,14.0198,0.3505,30393,0
1365,6827,6891,321530310175,321530618566,321544735314,321545018537,0.3084,20.0016,0.0016,14.4,14.1167,0.2832,30395,0
1366,6828,6892,321550301374,321550604493,321564735268,321565013516,0.3031,19.9912,0.0088,14.409,14.1308,0.2782,30396,0
1367,6829,6893,321570305605,321570632897,321584734524,321585048486,0.3273,20.0042,0.0042,14.4156,14.1016,0.314,30398,0
1368,6830,6894,321590302773,321590595943,321604736666,321605004469,0.2932,19.9972,0.0028,14.4085,14.1407,0.2678,30400,0
1369,6831,6895,321610302825,321610602263,321624735624,321625040733,0.2994,20.0001,0.0001,14.4385,14.1334,0.3051,30402,0
1370,6832,6896,321630302779,321630631165,321644730504,321644997909,0.3284,20.0,0.0,14.3667,14.0993,0.2674,30404,0
1371,6833,6897,321650304125,321650634003,321664740903,321665064315,0.3299,20.0013,0.0013,14.4303,14.1069,0.3234,30406,0
1372,6834,6898,321670305470,321670693645,321684739065,321685030147,0.3882,20.0013,0.0013,14.3365,14.0454,0.2911,30408,0
1373,6835,6899,321690303732,321690649926,321704730165,321704987721,0.3462,19.9983,0.0017,14.3378,14.0802,0.2576,30410,0
1374,6836,6900,321710307665,321710673357,321724728924,321724981009,0.3657,20.0039,0.0039,14.3077,14.0556,0.2521,30412,0
1375,6837,6901,321730302246,321730623570,321744785581,321745049604,0.3213,19.9946,0.0054,14.426,14.162,0.264,30413,0
1376,6838,6902,321750303194,321750624518,321764737485,321765044782,0.3213,20.0009,0.0009,14.4203,14.113,0.3073,30415,0
1377,6839,6903,321770303346,321770655409,321784748580,321785104523,0.3521,20.0002,0.0002,14.4491,14.0932,0.3559,30417,0
1378,6840,6904,321790411336,321790872728,321804738187,321805021310,0.4614,20.108,0.108,14.1486,13.8655,0.2831,30419,0
1379,6841,6905,321810306834,321810636812,321824734360,321825030018,0.33,19.8955,0.1045,14.3932,14.0975,0.2957,30421,0
1380,6842,6906,321830295347,321830626220,321844742968,321845044893,0.3309,19.9885,0.0115,14.4187,14.1167,0.3019,30423,0
1381,6843,6907,321850307138,321850694617,321864740236,321864995205,0.3875,20.0118,0.0118,14.3006,14.0456,0.255,30425,0
1382,6844,6908,321870301719,321870631399,321884763965,321885230530,0.3297,19.9946,0.0054,14.5991,14.1326,0.4666,30427,0
1383,6845,6909,321890323558,321890934173,321904775259,321905257642,0.6106,20.0218,0.0218,14.3235,13.8411,0.4824,30429,0
1384,6846,6910,321910318239,321910895328,321924780982,321925438153,0.5771,19.9947,0.0053,14.5428,13.8857,0.6572,30431,0
1385,6847,6911,321930298793,321930744568,321944751190,321945106138,0.4458,19.9806,0.0194,14.3616,14.0066,0.3549,30433,0
1386,6848,6912,321950297851,321950609824,321964723090,321964918172,0.312,19.9991,0.0009,14.3083,14.1133,0.1951,30434,0
1387,6849,6913,321970295118,321970637830,321984731973,321984979588,0.3427,19.9973,0.0027,14.3418,14.0941,0.2476,30436,0
1388,6850,6914,321990292928,321990619271,322004737516,322005008888,0.3263,19.9978,0.0022,14.3896,14.1182,0.2714,30438,0
1389,6851,6915,322010307914,322010746882,322024753595,322025093060,0.439,20.015,0.015,14.3462,14.0067,0.3395,30440,0
1390,6852,6916,322030294769,322030645168,322044736872,322045040054,0.3504,19.9869,0.0131,14.3949,14.0917,0.3032,30442,0
1391,6853,6917,322050294348,322050646139,322064729890,322064984165,0.3518,19.9996,0.0004,14.338,14.0838,0.2543,30444,0
1392,6854,6918,322070315895,322070718580,322084728375,322084975891,0.4027,20.0215,0.0215,14.2573,14.0098,0.2475,30446,0
1393,6855,6919,322090310404,322090633368,322104726463,322104959167,0.323,19.9945,0.0055,14.3258,14.0931,0.2327,30448,0
1394,6856,6920,322110296166,322110594676,322124723556,322124960535,0.2985,19.9858,0.0142,14.3659,14.1289,0.237,30450,0
1395,6857,6921,322130297335,322130619006,322144727111,322144979299,0.3217,20.0012,0.0012,14.3603,14.1081,0.2522,30451,0
1396,6858,6922,322150298206,322150611925,322164725000,322164948758,0.3137,20.0009,0.0009,14.3368,14.1131,0.2238,30453,0
1397,6859,6923,322170295001,322170576116,322184727660,322184973884,0.2811,19.9968,0.0032,14.3978,14.1515,0.2462,30455,0
1398,6860,6924,322190307403,322190619531,322204727338,322204953184,0.3121,20.0124,0.0124,14.3337,14.1078,0.2258,30457,0
1399,6861,6925,322210303801,322210605591,322224734273,322224957137,0.3018,19.9964,0.0036,14.3515,14.1287,0.2229,30459,0
1400,6862,6926,322230300795,322230597317,322244741108,322245042004,0.2965,19.997,0.003,14.4447,14.1438,0.3009,30461,0
1401,6863,6927,322250298883,322250631389,322264733033,322265019018,0.3325,19.9981,0.0019,14.3876,14.1016,0.286,30463,0
1402,6864,6928,322270298064,322270606713,322284749414,322285084840,0.3086,19.9992,0.0008,14.4781,14.1427,0.3354,30465,0
1403,6865,6929,322290313943,322290827017,322304764272,322305055882,0.5131,20.0159,0.0159,14.2289,13.9373,0.2916,30467,0
1404,6866,6930,322310297901,322310697908,322324769293,322325270345,0.4,19.984,0.016,14.5724,14.0714,0.5011,30469,0
1405,6867,6931,322330300439,322330861204,322344775209,322345323355,0.5608,20.0025,0.0025,14.4622,13.914,0.5481,30470,0
1406,6868,6932,322350334869,322350852017,322364779038,322365291714,0.5171,20.0344,0.0344,14.4397,13.927,0.5127,30472,0
1407,6869,6933,322370338400,322370869756,322384788729,322385199764,0.5314,20.0035,0.0035,14.33,13.919,0.411,30474,0
1408,6870,6934,322390318185,322390794895,322404752617,322405133249,0.4767,19.9798,0.0202,14.3384,13.9577,0.3806,30476,0
1409,6871,6935,322410309495,322410728678,322424735680,322425037126,0.4192,19.9913,0.0087,14.3084,14.007,0.3014,30478,0
1410,6872,6936,322430321670,322430698130,322444731362,322445008963,0.3765,20.0122,0.0122,14.3108,14.0332,0.2776,30480,0
1411,6873,6937,322450309801,322450649996,322464729230,322464975732,0.3402,19.9881,0.0119,14.3257,14.0792,0.2465,30482,0
1412,6874,6938,322470307470,322470616268,322484747565,322485071465,0.3088,19.9977,0.0023,14.4552,14.1313,0.3239,30484,0
1413,6875,6939,322490310405,322490698092,322504742352,322504987861,0.3877,20.0029,0.0029,14.2898,14.0443,0.2455,30486,0
1414,6876,6940,322510310558,322510595610,322524728397,322524971223,0.2851,20.0002,0.0002,14.3756,14.1328,0.2428,30488,0
1415,6877,6941,322530309717,322530617720,322544728053,322544957962,0.308,19.9992,0.0008,14.3402,14.1103,0.2299,30489,0
1416,6878,6942,322550308876,322550624729,322564730391,322564977291,0.3159,19.9992,0.0008,14.3526,14.1057,0.2469,30491,0
1417,6879,6943,322570311115,322570640778,322584729650,322584999004,0.3297,20.0022,0.0022,14.3582,14.0889,0.2694,30493,0
1418,6880,6944,322590307691,322590635963,322604738546,322604998859,0.3283,19.9966,0.0034,14.3629,14.1026,0.2603,30495,0
1419,6881,6945,322610319668,322610733386,322624742475,322625063295,0.4137,20.012,0.012,14.3299,14.0091,0.3208,30497,0
1420,6882,6946,322630309984,322630672534,322644685796,322644976611,0.3625,19.9903,0.0097,14.3041,14.0133,0.2908,30499,0
1421,6883,6947,322650316496,322650767373,322664752716,322665141794,0.4509,20.0065,0.0065,14.3744,13.9853,0.3891,30501,0
1422,6884,6948,322670327081,322670968324,322684744423,322685090878,0.6412,20.0106,0.0106,14.1226,13.7761,0.3465,30503,0
1423,6885,6949,322690312927,322690718299,322704760871,322705135542,0.4054,19.9858,0.0142,14.4172,14.0426,0.3747,30505,0
1424,6886,6950,322710314967,322710753425,322724750989,322725062966,0.4385,20.002,0.002,14.3095,13.9976,0.312,30507,0
1425,6887,6951,322730318300,322730787061,322744748558,322745093224,0.4688,20.0033,0.0033,14.3062,13.9615,0.3447,30508,0
1426,6888,6952,322750312888,322750728097,322764734900,322765041016,0.4152,19.9946,0.0054,14.3129,14.0068,0.3061,30510,0
1427,6889,6953,322770309564,322770656614,322784749758,322785105552,0.3471,19.9967,0.0033,14.4489,14.0931,0.3558,30512,0
1428,6890,6954,322790308226,322790863229,322804732126,322805043905,0.555,19.9987,0.0013,14.1807,13.8689,0.3118,30514,0
1429,6891,6955,322810309174,322810646090,322824741618,322824998752,0.3369,20.0009,0.0009,14.3527,14.0955,0.2571,30516,0
1430,6892,6956,322830308333,322830617628,322844731836,322844995129,0.3093,19.9992,0.0008,14.3775,14.1142,0.2633,30518,0
1431,6893,6957,322850311069,322850660703,322864726524,322864975411,0.3496,20.0027,0.0027,14.3147,14.0658,0.2489,30520,0
1432,6894,6958,322870315097,322870638600,322884743170,322885034183,0.3235,20.004,0.004,14.3956,14.1046,0.291,30522,0
1433,6895,6959,322890316939,322890639250,322904742329,322905010690,0.3223,20.0018,0.0018,14.3714,14.1031,0.2684,30524,0
1434,6896,6960,322910310435,322910680834,322924732348,322925015810,0.3704,19.9935,0.0065,14.335,14.0515,0.2835,30526,0
1435,6897,6961,322930320822,322930676416,322944738959,322945038616,0.3556,20.0104,0.0104,14.3622,14.0625,0.2997,30527,0
1436,6898,6962,322950309946,322950669813,322964731461,322965015520,0.3599,19.9891,0.0109,14.3457,14.0616,0.2841,30529,0
1437,6899,6963,322970305628,322970593064,322984731117,322985020044,0.2874,19.9957,0.0043,14.427,14.1381,0.2889,30531,0
1438,6900,6964,322990308861,322990646174,323004738126,323005003009,0.3373,20.0032,0.0032,14.3568,14.092,0.2649,30533,0
1439,6901,6965,323010312888,323010736343,323024769774,323025185480,0.4235,20.004,0.004,14.4491,14.0334,0.4157,30535,0
1440,6902,6966,323030309266,323030705497,323044743498,323045071075,0.3962,19.9964,0.0036,14.3656,14.038,0.3276,30537,0
1441,6903,6967,323050317665,323050668193,323064738485,323065047680,0.3505,20.0084,0.0084,14.3795,14.0703,0.3092,30539,0
1442,6904,6968,323070306491,323070654933,323084737843,323085029949,0.3484,19.9888,0.0112,14.375,14.0829,0.2921,30541,0
1443,6905,6969,323090302074,323090607395,323104732034,323104989664,0.3053,19.9956,0.0044,14.3823,14.1246,0.2576,30543,0
1444,6906,6970,323110308883,323110683555,323124763683,323125045258,0.3747,20.0068,0.0068,14.3617,14.0801,0.2816,30544,0
1445,6907,6971,323130310328,323130732988,323144737208,323145067666,0.4227,20.0014,0.0014,14.3347,14.0042,0.3305,30546,0
1446,6908,6972,323150307897,323150661008,323164728717,323164988235,0.3531,19.9976,0.0024,14.3272,14.0677,0.2595,30548,0
1447,6909,6973,323170310634,323170645066,323184742283,323185192664,0.3344,20.0027,0.0027,14.5476,14.0972,0.4504,30550,0
1448,6910,6974,323190320225,323190693406,323204730414,323204997085,0.3732,20.0096,0.0096,14.3037,14.037,0.2667,30552,0
1449,6911,6975,323210307362,323210632356,323224728282,323224994456,0.325,19.9871,0.0129,14.3621,14.0959,0.2662,30554,0
1450,6912,6976,323230310496,323230644829,323244731514,323245015573,0.3343,20.0031,0.0031,14.3707,14.0867,0.2841,30556,0
1451,6913,6977,323250327639,323250673298,323264728488,323264974990,0.3457,20.0171,0.0171,14.3017,14.0552,0.2465,30558,0
1452,6914,6978,323270309709,323270633708,323284736571,323285034711,0.324,19.9821,0.0179,14.401,14.1029,0.2981,30560,0
1453,6915,6979,323290309076,323290650120,323304731048,323305009822,0.341,19.9994,0.0006,14.3597,14.0809,0.2788,30562,0
1454,6916,6980,323310308320,323310644101,323324727214,323324972817,0.3358,19.9992,0.0008,14.3287,14.0831,0.2456,30563,0
1455,6917,6981,323330306273,323330625369,323344703814,323344955774,0.3191,19.998,0.002,14.3304,14.0784,0.252,30565,0
1456,6918,6982,323350306511,323350597004,323364727987,323364964850,0.2905,20.0002,0.0002,14.3678,14.131,0.2369,30567,0
1457,6919,6983,323370309926,323370629419,323384688101,323384995776,0.3195,20.0034,0.0034,14.3664,14.0587,0.3077,30569,0
1458,6920,6984,323390310760,323390656471,323404731044,323405000582,0.3457,20.0008,0.0008,14.3441,14.0746,0.2695,30571,0
1459,6921,6985,323410305237,323410613011,323424722641,323424946494,0.3078,19.9945,0.0055,14.3335,14.1096,0.2239,30573,0
1460,6922,6986,323430316101,323430632118,323444726553,323444965999,0.316,20.0109,0.0109,14.3339,14.0944,0.2394,30575,0
1461,6923,6987,323450317530,323450645365,323464741290,323465039927,0.3278,20.0014,0.0014,14.3946,14.0959,0.2986,30577,0
1462,6924,6988,323470312305,323470697544,323484740534,323485047414,0.3852,19.9948,0.0052,14.3499,14.043,0.3069,30579,0
1463,6925,6989,323490305491,323490626970,323504774737,323505366549,0.3215,19.9932,0.0068,14.7396,14.1478,0.5918,30580,0
1464,6926,6990,323510317746,323510784223,323524744386,323525013825,0.4665,20.0123,0.0123,14.2296,13.9602,0.2694,30582,0
1465,6927,6991,323530315898,323530730136,323544759719,323545187067,0.4142,19.9982,0.0018,14.4569,14.0296,0.4273,30584,0
1466,6928,6992,323550315043,323550971408,323564794021,323565447308,0.6564,19.9991,0.0009,14.4759,13.8226,0.6533,30586,0
1467,6929,6993,323570313890,323570811154,323584765755,323585186151,0.4973,19.9988,0.0012,14.375,13.9546,0.4204,30588,0
1468,6930,6994,323590307672,323590741773,323604755863,323605186289,0.4341,19.9938,0.0062,14.4445,14.0141,0.4304,30590,0
1469,6931,6995,323610310491,323610734562,323624757391,323625120185,0.4241,20.0028,0.0028,14.3856,14.0228,0.3628,30592,0
1470,6932,6996,323630305564,323630656341,323644765375,323645155182,0.3508,19.9951,0.0049,14.4988,14.109,0.3898,30594,0
1471,6933,6997,323650330630,323650888675,323664772962,323665226926,0.558,20.0251,0.0251,14.3383,13.8843,0.454,30596,0
1472,6934,6998,323670307430,323670738055,323684752145,323685088720,0.4306,19.9768,0.0232,14.3507,14.0141,0.3366,30598,0
1473,6935,6999,323690303297,323690665892,323704735499,323705044266,0.3626,19.9959,0.0041,14.3784,14.0696,0.3088,30600,0
1474,6936,7000,323710305322,323710659674,323724731466,323725014808,0.3544,20.002,0.002,14.3551,14.0718,0.2833,30601,0
1475,6937,7001,323730322244,323730724267,323744734881,323745022792,0.402,20.0169,0.0169,14.2985,14.0106,0.2879,30603,0
1476,6938,7002,323750304307,323750678820,323764737304,323764988965,0.3745,19.9821,0.0179,14.3101,14.0585,0.2517,30605,0
1477,6939,7003,323770311100,323770636750,323784748267,323785105102,0.3256,20.0068,0.0068,14.4684,14.1115,0.3568,30607,0
1478,6940,7004,323790313721,323790760733,323804739268,323805029563,0.447,20.0026,0.0026,14.2688,13.9785,0.2903,30609,0
1479,6941,7005,323810306708,323810665728,323824734242,323825008646,0.359,19.993,0.007,14.3429,14.0685,0.2744,30611,0
1480,6942,7006,323830304860,323830659709,323844729613,323845009281,0.3548,19.9982,0.0018,14.3496,14.0699,0.2797,30613,0
1481,6943,7007,323850308673,323850620121,323864738491,323864990252,0.3114,20.0038,0.0038,14.3701,14.1184,0.2518,30615,0
1482,6944,7008,323870299872,323870571397,323884750646,323885005783,0.2715,19.9912,0.0088,14.4344,14.1792,0.2551,30617,0
1483,6945,7009,323890302593,323890619404,323904750486,323905093914,0.3168,20.0027,0.0027,14.4745,14.1311,0.3434,30618,0
1484,6946,7010,323910302234,323910660062,323924722518,323925060682,0.3578,19.9996,0.0004,14.4006,14.0625,0.3382,30620,0
1485,6947,7011,323930302869,323930829531,323944742321,323945072639,0.5267,20.0006,0.0006,14.2431,13.9128,0.3303,30622,0
1486,6948,7012,323950312144,323950852610,323964774934,323965294346,0.5405,20.0093,0.0093,14.4417,13.9223,0.5194,30624,0
1487,6949,7013,323970312679,323970806170,323984776562,323985170938,0.4935,20.0005,0.0005,14.3648,13.9704,0.3944,30626,0
1488,6950,7014,323990304972,323990758737,324004755646,324005079409,0.4538,19.9923,0.0077,14.3207,13.9969,0.3238,30628,0
1489,6951,7015,324010300144,324010677438,324024742079,324025129403,0.3773,19.9952,0.0048,14.452,14.0646,0.3873,30630,0
1490,6952,7016,324030299488,324030668240,324044745991,324045080281,0.3688,19.9993,0.0007,14.412,14.0778,0.3343,30632,0
1491,6953,7017,324050310054,324050718731,324064772844,324065215685,0.4087,20.0106,0.0106,14.497,14.0541,0.4428,30634,0
1492,6954,7018,324070313569,324070802193,324084762157,324085183943,0.4886,20.0035,0.0035,14.3818,13.96,0.4218,30635,0
1493,6955,7019,324090303577,324090800146,324104769843,324105227382,0.4966,19.99,0.01,14.4272,13.9697,0.4575,30637,0
1494,6956,7020,324110306992,324110767213,324124743365,324125089077,0.4602,20.0034,0.0034,14.3219,13.9762,0.3457,30639,0
1495,6957,7021,324130306137,324130707564,324144766047,324145255169,0.4014,19.9991,0.0009,14.5476,14.0585,0.4891,30641,0
1496,6958,7022,324150320278,324150859255,324164778898,324165183105,0.539,20.0141,0.0141,14.3239,13.9196,0.4042,30643,0
1497,6959,7023,324170305420,324170721844,324184768211,324185226743,0.4164,19.9851,0.0149,14.5049,14.0464,0.4585,30645,0
1498,6960,7024,324190308736,324190701126,324204764178,324205179906,0.3924,20.0033,0.0033,14.4788,14.0631,0.4157,30647,0
1499,6961,7025,324210303412,324210777239,324224771168,324225193054,0.4738,19.9947,0.0053,14.4158,13.9939,0.4219,30649,0
1500,6962,7026,324230316362,324230782343,324244757899,324245213055,0.466,20.013,0.0129,14.4307,13.9756,0.4552,30651,0
1501,6963,7027,324250302397,324250700746,324264769756,324265139899,0.3983,19.986,0.014,14.4392,14.069,0.3701,30653,0
1502,6964,7028,324270317234,324270756797,324284773412,324285242596,0.4396,20.0148,0.0148,14.4858,14.0166,0.4692,30654,0
1503,6965,7029,324290316255,324290780872,324304775480,324305187182,0.4646,19.999,0.001,14.4063,13.9946,0.4117,30656,0
1504,6966,7030,324310307303,324310770530,324324745679,324325096227,0.4632,19.991,0.009,14.3257,13.9751,0.3505,30658,0
1505,6967,7031,324330302719,324330701615,324344758866,324345138701,0.3989,19.9954,0.0046,14.4371,14.0573,0.3798,30660,0
1506,6968,7032,324350309652,324350744883,324364790320,324365232798,0.4352,20.0069,0.0069,14.4879,14.0454,0.4425,30662,0
1507,6969,7033,324370313605,324370843051,324384810158,324385718445,0.5294,20.004,0.004,14.8754,13.9671,0.9083,30664,0
1508,6970,7034,324390317659,324390833900,324404776287,324405242394,0.5162,20.0041,0.0041,14.4085,13.9424,0.4661,30666,0
1509,6971,7035,324410338688,324410885308,324424768229,324425234434,0.5466,20.021,0.021,14.3491,13.8829,0.4662,30668,0
1510,6972,7036,324430309087,324430825626,324444781217,324445284254,0.5165,19.9704,0.0296,14.4586,13.9556,0.503,30670,0
1511,6973,7037,324450310062,324450852016,324464840369,324465690281,0.542,20.001,0.001,14.8383,13.9884,0.8499,30671,0
1512,6974,7038,324470320469,324470924869,324484821886,324485481980,0.6044,20.0104,0.0104,14.5571,13.897,0.6601,30673,0
1513,6975,7039,324490318665,324491100374,324504774514,324505235756,0.7817,19.9982,0.0018,14.1354,13.6741,0.4612,30675,0
1514,6976,7040,324510317953,324510902398,324524756230,324525189078,0.5844,19.9993,0.0007,14.2867,13.8538,0.4328,30677,0
1515,6977,7041,324530303640,324530745622,324544750355,324545130984,0.442,19.9857,0.0143,14.3854,14.0047,0.3806,30679,0
1516,6978,7042,324550301141,324550640669,324564768010,324565131066,0.3395,19.9975,0.0025,14.4904,14.1273,0.3631,30681,0
1517,6979,7043,324570308669,324570740127,324584749130,324585081212,0.4315,20.0075,0.0075,14.3411,14.009,0.3321,30683,0
1518,6980,7044,324590303291,324590688983,324604754772,324605092910,0.3857,19.9946,0.0054,14.4039,14.0658,0.3381,30685,0
1519,6981,7045,324610310422,324610764218,324624771234,324625303856,0.4538,20.0071,0.0071,14.5396,14.007,0.5326,30687,0
1520,6982,7046,324630298293,324630759336,324644769530,324645147577,0.461,19.9879,0.0121,14.3882,14.0102,0.378,30688,0
1521,6983,7047,324650299665,324650669175,324664728412,324664983852,0.3695,20.0014,0.0014,14.3147,14.0592,0.2554,30690,0
1522,6984,7048,324670304711,324670655855,324684738024,324685008853,0.3511,20.005,0.005,14.353,14.0822,0.2708,30692,0
1523,6985,7049,324690296653,324690591506,324704740886,324705043285,0.2949,19.9919,0.0081,14.4518,14.1494,0.3024,30694,0
1524,6986,7050,324710300011,324710680441,324724686366,324724939324,0.3804,20.0034,0.0034,14.2589,14.0059,0.253,30696,0
1525,6987,7051,324730296321,324730589784,324744725663,324744969388,0.2935,19.9963,0.0037,14.3796,14.1359,0.2437,30698,0
1526,6988,7052,324750298190,324750576265,324764733886,324765011762,0.2781,20.0019,0.0019,14.4355,14.1576,0.2779,30700,0
1527,6989,7053,324770296386,324770574163,324784742704,324785072205,0.2778,19.9982,0.0018,14.498,14.1685,0.3295,30702,0
1528,6990,7054,324790307785,324790715020,324804739113,324805030392,0.4072,20.0114,0.0114,14.3154,14.0241,0.2913,30704,0
1529,6991,7055,324810295954,324810678171,324824730359,324824965150,0.3822,19.9882,0.0118,14.287,14.0522,0.2348,30705,0
1530,6992,7056,324830295342,324830648371,324844726768,324844971685,0.353,19.9994,0.0006,14.3233,14.0784,0.2449,30707,0
1531,6993,7057,324850292148,324850556523,324864721688,324864945657,0.2644,19.9968,0.0032,14.3891,14.1652,0.224,30709,0
1532,6994,7058,324870305036,324870579141,324884729017,324884968474,0.2741,20.0129,0.0129,14.3893,14.1499,0.2395,30711,0
1533,6995,7059,324890309090,324890586470,324904730489,324904996056,0.2774,20.0041,0.0041,14.4096,14.144,0.2656,30713,0
1534,6996,7060,324910294578,324910599756,324924705355,324924933296,0.3052,19.9855,0.0145,14.3335,14.1056,0.2279,30715,0
1535,6997,7061,324930294859,324930611851,324944703849,324944942710,0.317,20.0003,0.0003,14.3309,14.092,0.2389,30717,0
1536,6998,7062,324950298217,324950564081,324964747712,324964971682,0.2659,20.0034,0.0034,14.4076,14.1836,0.224,30719,0
1537,6999,7063,324970296413,324970617376,324984730222,324985000157,0.321,19.9982,0.0018,14.3828,14.1128,0.2699,30721,0
1538,7000,7064,324990306423,324990612395,325004727227,325004973335,0.306,20.01,0.01,14.3609,14.1148,0.2461,30722,0
1539,7001,7065,325010298761,325010608010,325024735152,325025025438,0.3092,19.9923,0.0077,14.4174,14.1271,0.2903,30724,0
1540,7002,7066,325030317805,325030772396,325044788645,325045357603,0.4546,20.019,0.019,14.5852,14.0162,0.569,30726,0
1541,7003,7067,325050309747,325050764436,325064761128,325065158634,0.4547,19.9919,0.0081,14.3942,13.9967,0.3975,30728,0
1542,7004,7068,325070299802,325070728481,325084739866,325085066091,0.4287,19.9901,0.0099,14.3376,14.0114,0.3262,30730,0
1543,7005,7069,325090297104,325090596028,325104762285,325105070243,0.2989,19.9973,0.0027,14.4742,14.1663,0.308,30732,0
1544,7006,7070,325110302547,325110755946,325124753532,325125109242,0.4534,20.0054,0.0054,14.3533,13.9976,0.3557,30734,0
1545,7007,7071,325130300446,325130666878,325144737333,325145036554,0.3664,19.9979,0.0021,14.3697,14.0705,0.2992,30736,0
1546,7008,7072,325150304201,325150637077,325164739102,325165041798,0.3329,20.0038,0.0038,14.4047,14.102,0.3027,30738,0
1547,7009,7073,325170314310,325170711816,325184738390,325185000978,0.3975,20.0101,0.0101,14.2892,14.0266,0.2626,30739,0
1548,7010,7074,325190308932,325190635752,325204739366,325204999075,0.3268,19.9946,0.0054,14.3633,14.1036,0.2597,30741,0
1549,7011,7075,325210305142,325210624517,325224734881,325225015439,0.3194,19.9962,0.0038,14.3909,14.1104,0.2806,30743,0
1550,7012,7076,325230307706,325230604148,325244704585,325244961117,0.2964,20.0026,0.0026,14.357,14.1004,0.2565,30745,0
1551,7013,7077,325250309575,325250645430,325264730677,325265012327,0.3359,20.0019,0.0019,14.3669,14.0852,0.2817,30747,0
1552,7014,7078,325270310353,325270642335,325284735965,325285035784,0.332,20.0008,0.0008,14.3934,14.0936,0.2998,30749,0
1553,7015,7079,325290311252,325290681932,325304728278,325304957831,0.3707,20.0009,0.0009,14.2759,14.0463,0.2296,30751,0
1554,7016,7080,325310308626,325310645364,325324757013,325325064970,0.3367,19.9974,0.0026,14.4196,14.1116,0.308,30753,0
1555,7017,7081,325330313344,325330746152,325344737019,325345030983,0.4328,20.0047,0.0047,14.2848,13.9909,0.294,30755,0
1556,7018,7082,325350309229,325350665618,325364739355,325365012180,0.3564,19.9959,0.0041,14.3466,14.0737,0.2728,30756,0
1557,7019,7083,325370304420,325370611682,325384730576,325384983254,0.3073,19.9952,0.0048,14.3716,14.1189,0.2527,30758,0
1558,7020,7084,325390317673,325390672970,325404729041,325404988170,0.3553,20.0133,0.0133,14.3152,14.0561,0.2591,30760,0
1559,7021,7085,325410306810,325410579833,325424755494,325425130045,0.273,19.9891,0.0109,14.5502,14.1757,0.3746,30762,0
1560,7022,7086,325430311131,325430682307,325444754158,325445156200,0.3712,20.0043,0.0043,14.4739,14.0719,0.402,30764,0
1561,7023,7087,325450325078,325450743396,325464771679,325465503511,0.4183,20.0139,0.0139,14.7601,14.0283,0.7318,30766,0
1562,7024,7088,325470310841,325470711493,325484746524,325485034632,0.4007,19.9858,0.0142,14.3231,14.035,0.2881,30768,0
1563,7025,7089,325490313475,325490738243,325504778634,325505371126,0.4248,20.0026,0.0026,14.6329,14.0404,0.5925,30770,0
1564,7026,7090,325510327522,325510777697,325524744745,325525025807,0.4502,20.014,0.014,14.2481,13.967,0.2811,30772,0
1565,7027,7091,325530312986,325530656870,325544740730,325545042038,0.3439,19.9855,0.0145,14.3852,14.0839,0.3013,30773,0
1566,7028,7092,325550314628,325550637075,325564729271,325564989194,0.3224,20.0016,0.0016,14.3521,14.0922,0.2599,30775,0
1567,7029,7093,325570307337,325570608347,325584745501,325585043633,0.301,19.9927,0.0073,14.4353,14.1372,0.2981,30777,0
1568,7030,7094,325590306993,325590632120,325604729477,325604991087,0.3251,19.9997,0.0003,14.359,14.0974,0.2616,30779,0
1569,7031,7095,325610305856,325610581856,325624736478,325625039175,0.276,19.9989,0.0011,14.4573,14.1546,0.3027,30781,0
1570,7032,7096,325630306803,325630660413,325644742883,325645046077,0.3536,20.0009,0.0009,14.3857,14.0825,0.3032,30783,0
1571,7033,7097,325650317872,325650697088,325664731722,325664986583,0.3792,20.0111,0.0111,14.2895,14.0346,0.2549,30785,0
1572,7034,7098,325670316834,325670700317,325684767603,325685048367,0.3835,19.999,0.001,14.3481,14.0673,0.2808,30787,0
1573,7035,7099,325690307857,325690638442,325704726371,325704957115,0.3306,19.991,0.009,14.3187,14.0879,0.2307,30789,0
1574,7036,7100,325710309498,325710644251,325724723447,325724955680,0.3348,20.0016,0.0016,14.3114,14.0792,0.2322,30790,0
1575,7037,7101,325730302009,325730620585,325744739082,325744975483,0.3186,19.9925,0.0075,14.3549,14.1185,0.2364,30792,0
1576,7038,7102,325750313178,325750609821,325764730203,325764958070,0.2966,20.0112,0.0112,14.3482,14.1204,0.2279,30794,0
1577,7039,7103,325770320178,325770713685,325784752388,325785282357,0.3935,20.007,0.007,14.5687,14.0387,0.53,30796,0
1578,7040,7104,325790322316,325790720487,325804734181,325805042237,0.3982,20.0021,0.0021,14.3217,14.0137,0.3081,30798,0
1579,7041,7105,325810310659,325810622884,325824727188,325824967262,0.3122,19.9883,0.0117,14.3444,14.1043,0.2401,30800,0
1580,7042,7106,325830311705,325830649733,325844729822,325844984782,0.338,20.001,0.001,14.335,14.0801,0.255,30802,0
1581,7043,7107,325850311857,325850616937,325864729577,325864972529,0.3051,20.0002,0.0002,14.3556,14.1126,0.243,30804,0
1582,7044,7108,325870309628,325870633663,325884738762,325884976255,0.324,19.9978,0.0022,14.3426,14.1051,0.2375,30806,0
1583,7045,7109,325890309880,325890657536,325904726112,325904964895,0.3477,20.0003,0.0003,14.3074,14.0686,0.2388,30807,0
1584,7046,7110,325910308644,325910630198,325924698873,325924921281,0.3216,19.9988,0.0012,14.2911,14.0687,0.2224,30809,0
1585,7047,7111,325930307804,325930625785,325944720363,325944918258,0.318,19.9992,0.0008,14.2925,14.0946,0.1979,30811,0
1586,7048,7112,325950304483,325950576216,325964723295,325964919205,0.2717,19.9967,0.0033,14.343,14.1471,0.1959,30813,0
1587,7049,7113,325970308407,325970608028,325984726524,325984959155,0.2996,20.0039,0.0039,14.3511,14.1185,0.2326,30815,0
1588,7050,7114,325990306774,325990617113,326004730448,326004989279,0.3103,19.9984,0.0016,14.3722,14.1133,0.2588,30817,0
1589,7051,7115,326010307224,326010637015,326024733777,326024946062,0.3298,20.0005,0.0004,14.309,14.0968,0.2123,30819,0
1590,7052,7116,326030311148,326030617617,326044724501,326044913762,0.3065,20.0039,0.0039,14.2961,14.1069,0.1893,30821,0
1591,7053,7117,326050305743,326050556039,326064731998,326064973660,0.2503,19.9946,0.0054,14.4176,14.176,0.2417,30823,0
1592,7054,7118,326070306094,326070606311,326084727189,326084965774,0.3002,20.0004,0.0004,14.3595,14.1209,0.2386,30824,0
1593,7055,7119,326090305652,326090603188,326104731609,326104944291,0.2975,19.9996,0.0004,14.3411,14.1284,0.2127,30826,0
1594,7056,7120,326110307293,326110564139,326124726204,326124961117,0.2568,20.0016,0.0016,14.397,14.1621,0.2349,30828,0
1595,7057,7121,326130306553,326130653116,326144730128,326144960674,0.3466,19.9993,0.0007,14.3076,14.077,0.2305,30830,0
1596,7058,7122,326150308492,326150608807,326164728594,326164925297,0.3003,20.0019,0.0019,14.3165,14.1198,0.1967,30832,0
1597,7059,7123,326170319562,326170628214,326184728350,326184946986,0.3087,20.0111,0.0111,14.3188,14.1001,0.2186,30834,0
1598,7060,7124,326190313164,326190627572,326204725327,326204940291,0.3144,19.9936,0.0064,14.3127,14.0978,0.215,30836,0
1599,7061,7125,326210313912,326210576813,326224723693,326224953644,0.2629,20.0007,0.0007,14.3768,14.1469,0.23,30838,0
1600,7062,7126,326230317142,326230604655,326244736946,326244969973,0.2875,20.0032,0.0032,14.3653,14.1323,0.233,30840,0
1601,7063,7127,326250304988,326250582676,326264738786,326265255654,0.2777,19.9878,0.0122,14.673,14.1561,0.5169,30841,0
1602,7064,7128,326270306530,326270630367,326284760826,326285074947,0.3238,20.0015,0.0015,14.4446,14.1305,0.3141,30843,0
1603,7065,7129,326290306156,326290658872,326304729213,326304975172,0.3527,19.9996,0.0004,14.3163,14.0703,0.246,30845,0
1604,7066,7130,326310310757,326310611087,326324731334,326324992572,0.3003,20.0046,0.0046,14.3815,14.1202,0.2612,30847,0
1605,7067,7131,326330310497,326330620550,326344732364,326344993999,0.3101,19.9997,0.0003,14.3734,14.1118,0.2616,30849,0
1606,7068,7132,326350308650,326350745700,326364741728,326365050590,0.437,19.9982,0.0018,14.3049,13.996,0.3089,30851,0
1607,7069,7133,326370308588,326370663883,326384732439,326385039713,0.3553,19.9999,0.0001,14.3758,14.0686,0.3073,30853,0
1608,7070,7134,326390306145,326390619372,326404733270,326405021793,0.3132,19.9976,0.0024,14.4024,14.1139,0.2885,30855,0
1609,7071,7135,326410307274,326410630522,326424738169,326425024013,0.3232,20.0011,0.0011,14.3935,14.1076,0.2858,30857,0
1610,7072,7136,326430303342,326430681656,326444731856,326444996269,0.3783,19.9961,0.0039,14.3146,14.0502,0.2644,30858,0
1611,7073,7137,326450313004,326450684571,326464741220,326465050182,0.3716,20.0097,0.0097,14.3656,14.0566,0.309,30860,0
1612,7074,7138,326470309271,326470645418,326484746615,326485103499,0.3361,19.9963,0.0037,14.4581,14.1012,0.3569,30862,0
1613,7075,7139,326490309309,326490706871,326504747347,326505145406,0.3976,20.0,0.0,14.4385,14.0405,0.3981,30864,0
1614,7076,7140,326510306766,326510715937,326524739646,326525057834,0.4092,19.9975,0.0025,14.3419,14.0237,0.3182,30866,0
1615,7077,7141,326530310276,326530884444,326544801496,326545170384,0.5742,20.0035,0.0035,14.2859,13.9171,0.3689,30868,0
1616,7078,7142,326550305154,326550696565,326564736744,326565023977,0.3914,19.9949,0.0051,14.3274,14.0402,0.2872,30870,0
1617,7079,7143,326570304994,326570601751,326584729440,326584986114,0.2968,19.9998,0.0002,14.3844,14.1277,0.2567,30872,0
1618,7080,7144,326590309198,326590666280,326604728882,326605002125,0.3571,20.0042,0.0042,14.3358,14.0626,0.2732,30874,0
1619,7081,7145,326610308739,326610664531,326624742016,326625081734,0.3558,19.9995,0.0005,14.4172,14.0775,0.3397,30875,0
1620,7082,7146,326630307090,326630742851,326644775093,326645222461,0.4358,19.9984,0.0016,14.4796,14.0322,0.4474,30877,0
1621,7083,7147,326650310501,326650792596,326664757370,326665080916,0.4821,20.0034,0.0034,14.2883,13.9648,0.3235,30879,0
1622,7084,7148,326670306074,326670645296,326684744807,326685111810,0.3392,19.9956,0.0044,14.4665,14.0995,0.367,30881,0
1623,7085,7149,326690304623,326690670832,326704745043,326705041007,0.3662,19.9985,0.0015,14.3702,14.0742,0.296,30883,0
1624,7086,7150,326710301188,326710704207,326724743989,326725031916,0.403,19.9966,0.0034,14.3277,14.0398,0.2879,30885,0
1625,7087,7151,326730299638,326730677555,326744734105,326745005661,0.3779,19.9984,0.0015,14.3281,14.0565,0.2716,30887,0
1626,7088,7152,326750304934,326750599112,326764733249,326764996868,0.2942,20.0053,0.0053,14.3978,14.1341,0.2636,30889,0
1627,7089,7153,326770306955,326770630502,326784739041,326785027167,0.3235,20.002,0.002,14.3967,14.1085,0.2881,30891,0
1628,7090,7154,326790306199,326790625975,326804733721,326804984740,0.3198,19.9992,0.0008,14.3588,14.1077,0.251,30892,0
1629,7091,7155,326810299787,326810586028,326824729691,326825018015,0.2862,19.9936,0.0064,14.432,14.1437,0.2883,30894,0
1630,7092,7156,326830302008,326830615334,326844733201,326844962888,0.3133,20.0022,0.0022,14.3476,14.1179,0.2297,30896,0
1631,7093,7157,326850302541,326850627873,326864733833,326864971061,0.3253,20.0005,0.0005,14.3432,14.106,0.2372,30898,0
1632,7094,7158,326870305754,326870589613,326884733871,326884979036,0.2839,20.0032,0.0032,14.3894,14.1443,0.2452,30900,0
1633,7095,7159,326890303410,326890578042,326904738075,326905021339,0.2746,19.9977,0.0023,14.4433,14.16,0.2833,30902,0
1634,7096,7160,326910307515,326910672633,326924710828,326925001137,0.3651,20.0041,0.0041,14.3285,14.0382,0.2903,30904,0
1635,7097,7161,326930307850,326930633778,326944730114,326944967936,0.3259,20.0003,0.0003,14.3342,14.0963,0.2378,30906,0
1636,7098,7162,326950300049,326950574979,326964730151,326964983849,0.2749,19.9922,0.0078,14.4089,14.1552,0.2537,30908,0
1637,7099,7163,326970306734,326970591586,326984732173,326984987359,0.2849,20.0067,0.0067,14.3958,14.1406,0.2552,30909,0
1638,7100,7164,326990302109,326990656412,327004727944,327004963286,0.3543,19.9954,0.0046,14.3069,14.0715,0.2353,30911,0
1639,7101,7165,327010306115,327010670737,327024736117,327025010849,0.3646,20.004,0.004,14.3401,14.0654,0.2747,30913,0
1640,7102,7166,327030303672,327030598644,327044732186,327045016839,0.295,19.9976,0.0024,14.4182,14.1335,0.2847,30915,0
1641,7103,7167,327050306686,327050645015,327064734109,327064970741,0.3383,20.003,0.003,14.3257,14.0891,0.2366,30917,0
1642,7104,7168,327070304342,327070572922,327084743770,327085045290,0.2686,19.9977,0.0023,14.4724,14.1708,0.3015,30919,0
1643,7105,7169,327090331863,327090686662,327104726246,327104943333,0.3548,20.0275,0.0275,14.2567,14.0396,0.2171,30921,0
1644,7106,7170,327110311362,327110644929,327124730153,327124979088,0.3336,19.9795,0.0205,14.3342,14.0852,0.2489,30923,0
1645,7107,7171,327130311003,327130637327,327144720566,327144995496,0.3263,19.9996,0.0004,14.3582,14.0832,0.2749,30925,0
1646,7108,7172,327150304492,327150575751,327164727251,327164957335,0.2713,19.9935,0.0065,14.3816,14.1515,0.2301,30926,0
1647,7109,7173,327170307506,327170632143,327184728777,327184967989,0.3246,20.003,0.003,14.3358,14.0966,0.2392,30928,0
1648,7110,7174,327190306353,327190597951,327204729608,327204979932,0.2916,19.9988,0.0012,14.382,14.1317,0.2503,30930,0
1649,7111,7175,327210304306,327210682223,327224735499,327225010826,0.3779,19.998,0.002,14.3286,14.0533,0.2753,30932,0
1650,7112,7176,327230307420,327230632851,327244735537,327245042613,0.3254,20.0031,0.0031,14.4098,14.1027,0.3071,30934,0
1651,7113,7177,327250306167,327250611358,327264742718,327264999193,0.3052,19.9987,0.0013,14.3878,14.1314,0.2565,30936,0
1652,7114,7178,327270303625,327270646717,327284758443,327285215322,0.3431,19.9975,0.0025,14.5686,14.1117,0.4569,30938,0
1653,7115,7179,327290305273,327290685477,327304737745,327304998918,0.3802,20.0016,0.0016,14.3134,14.0523,0.2612,30940,0
1654,7116,7180,327310305505,327310660117,327324747003,327325078801,0.3546,20.0002,0.0002,14.4187,14.0869,0.3318,30942,0
1655,7117,7181,327330308811,327330715599,327344734042,327345018823,0.4068,20.0033,0.0033,14.3032,14.0184,0.2848,30943,0
1656,7118,7182,327350304976,327350669210,327364732587,327365010722,0.3642,19.9962,0.0038,14.3415,14.0634,0.2781,30945,0
1657,7119,7183,327370302132,327370633930,327384736687,327385056880,0.3318,19.9972,0.0028,14.423,14.1028,0.3202,30947,0
1658,7120,7184,327390308712,327390703101,327404731959,327405030428,0.3944,20.0066,0.0066,14.3273,14.0289,0.2985,30949,0
1659,7121,7185,327410308448,327410628740,327424732587,327424999414,0.3203,19.9997,0.0003,14.3707,14.1038,0.2668,30951,0
1660,7122,7186,327430306596,327430633038,327444756922,327445131472,0.3264,19.9981,0.0019,14.4984,14.1239,0.3745,30953,0
1661,7123,7187,327450310795,327450699331,327464737216,327465021005,0.3885,20.0042,0.0042,14.3217,14.0379,0.2838,30955,0
1662,7124,7188,327470304778,327470646297,327484741515,327485026296,0.3415,19.994,0.006,14.38,14.0952,0.2848,30957,0
1663,7125,7189,327490309275,327490665474,327504735596,327505021865,0.3562,20.0045,0.0045,14.3564,14.0701,0.2863,30959,0
1664,7126,7190,327510307225,327510639221,327524722933,327524938180,0.332,19.9979,0.0021,14.299,14.0837,0.2152,30960,0
1665,7127,7191,327530307655,327530621102,327544720288,327544927401,0.3134,20.0004,0.0004,14.3063,14.0992,0.2071,30962,0
1666,7128,7192,327550305704,327550637998,327564692646,327564907497,0.3323,19.998,0.002,14.2695,14.0546,0.2149,30964,0
1667,7129,7193,327570303654,327570713715,327584729877,327584990256,0.4101,19.9979,0.0021,14.2765,14.0162,0.2604,30966,0
1668,7130,7194,327590309639,327590703630,327604755601,327605139078,0.394,20.006,0.006,14.4354,14.052,0.3835,30968,0
1669,7131,7195,327610305109,327610763179,327624773587,327625245346,0.4581,19.9955,0.0045,14.4822,14.0104,0.4718,30970,0
1670,7132,7196,327630325377,327630775313,327644761519,327645175845,0.4499,20.0203,0.0203,14.4005,13.9862,0.4143,30972,0
1671,7133,7197,327650304977,327650731603,327664739036,327665055062,0.4266,19.9796,0.0204,14.3235,14.0074,0.316,30974,0
1672,7134,7198,327670299158,327670621632,327684732621,327684990422,0.3225,19.9942,0.0058,14.3688,14.111,0.2578,30976,0
1673,7135,7199,327690302663,327690622954,327704712122,327705091830,0.3203,20.0035,0.0035,14.4689,14.0892,0.3797,30977,0
1674,7136,7200,327710307953,327710754913,327724750245,327725099005,0.447,20.0053,0.0053,14.3441,13.9953,0.3488,30979,0
1675,7137,7201,327730306796,327730770817,327744770315,327745398797,0.464,19.9988,0.0012,14.628,13.9995,0.6285,30981,0
1676,7138,7202,327750307226,327750815586,327764777291,327765263036,0.5084,20.0004,0.0004,14.4474,13.9617,0.4857,30983,0
1677,7139,7203,327770347928,327770769693,327784762644,327785140070,0.4218,20.0407,0.0407,14.3704,13.993,0.3774,30985,0
1678,7140,7204,327790298166,327790650001,327804751964,327805146948,0.3518,19.9502,0.0498,14.4969,14.102,0.395,30987,0
1679,7141,7205,327810303853,327810722643,327824745550,327825040349,0.4188,20.0057,0.0057,14.3177,14.0229,0.2948,30989,0
1680,7142,7206,327830297637,327830614557,327844729712,327844995547,0.3169,19.9938,0.0062,14.381,14.1152,0.2658,30991,0
1681,7143,7207,327850300051,327850573723,327864723099,327864942612,0.2737,20.0024,0.0024,14.3689,14.1494,0.2195,30993,0
1682,7144,7208,327870297803,327870645968,327884731961,327884986091,0.3482,19.9978,0.0022,14.3401,14.086,0.2541,30994,0
1683,7145,7209,327890294364,327890633800,327904729712,327904965691,0.3394,19.9966,0.0034,14.3319,14.0959,0.236,30996,0
1684,7146,7210,327910294993,327910608837,327924728456,327924962451,0.3138,20.0006,0.0006,14.3536,14.1196,0.234,30998,0
1685,7147,7211,327930294232,327930625633,327944721546,327944935900,0.3314,19.9992,0.0008,14.3103,14.0959,0.2144,31000,0
1686,7148,7212,327950306069,327950615549,327964727729,327964925221,0.3095,20.0118,0.0118,14.3097,14.1122,0.1975,31002,0
1687,7149,7213,327970297274,327970618558,327984725282,327984952532,0.3213,19.9912,0.0088,14.334,14.1067,0.2273,31004,0
1688,7150,7214,327990296911,327990609961,328004736822,328005022198,0.313,19.9996,0.0004,14.4122,14.1269,0.2854,31006,0
1689,7151,7215,328010310434,328010692522,328024740128,328025035126,0.3821,20.0135,0.0135,14.3426,14.0476,0.295,31008,0
1690,7152,7216,328030292414,328030611813,328044769423,328045208448,0.3194,19.982,0.018,14.5966,14.1576,0.439,31010,0
1691,7153,7217,328050302168,328050763214,328064745650,328065062569,0.461,20.0098,0.0098,14.2994,13.9824,0.3169,31011,0
1692,7154,7218,328070300019,328070676751,328084730110,328085017371,0.3767,19.9979,0.0021,14.3406,14.0534,0.2873,31013,0
1693,7155,7219,328090310963,328090758915,328104765356,328105185237,0.448,20.0109,0.0109,14.4263,14.0064,0.4199,31015,0
1694,7156,7220,328110329545,328110761627,328124751701,328125089351,0.4321,20.0186,0.0186,14.3277,13.9901,0.3377,31017,0
1695,7157,7221,328130303094,328130692324,328144746080,328145090079,0.3892,19.9735,0.0265,14.3978,14.0538,0.344,31019,0
1696,7158,7222,328150310269,328150633140,328164736392,328165029605,0.3229,20.0072,0.0072,14.3965,14.1033,0.2932,31021,0
1697,7159,7223,328170318734,328170657078,328184737517,328185003153,0.3383,20.0085,0.0085,14.3461,14.0804,0.2656,31023,0
1698,7160,7224,328190300119,328190618228,328204739732,328205046236,0.3181,19.9814,0.0186,14.428,14.1215,0.3065,31025,0
1699,7161,7225,328210307591,328210728662,328224731135,328224983183,0.4211,20.0075,0.0075,14.2545,14.0025,0.252,31027,0
1700,7162,7226,328230307128,328230629999,328244710735,328245039656,0.3229,19.9995,0.0005,14.4097,14.0807,0.3289,31028,0
1701,7163,7227,328250307360,328250678636,328264733186,328265010825,0.3713,20.0002,0.0002,14.3322,14.0546,0.2776,31030,0
1702,7164,7228,328270310071,328270628677,328284732836,328284976995,0.3186,20.0027,0.0027,14.3483,14.1042,0.2442,31032,0
1703,7165,7229,328290302758,328290627146,328304746276,328305088515,0.3244,19.9927,0.0073,14.4614,14.1191,0.3422,31034,0
1704,7166,7230,328310307472,328310702568,328324736709,328325029858,0.3951,20.0047,0.0047,14.3273,14.0341,0.2931,31036,0
1705,7167,7231,328330302962,328330640341,328344729720,328344995696,0.3374,19.9955,0.0045,14.3554,14.0894,0.266,31038,0
1706,7168,7232,328350300733,328350620063,328364730566,328364964410,0.3193,19.9978,0.0022,14.3443,14.1105,0.2338,31040,0
1707,7169,7233,328370315066,328370605140,328384746584,328385022279,0.2901,20.0143,0.0143,14.4171,14.1414,0.2757,31042,0
1708,7170,7234,328390305201,328390658447,328404734835,328405009439,0.3532,19.9901,0.0099,14.351,14.0764,0.2746,31044,0
1709,7171,7235,328410320129,328410665739,328424750854,328425066712,0.3456,20.0149,0.0149,14.401,14.0851,0.3159,31045,0
1710,7172,7236,328430313735,328430786382,328444752493,328445129738,0.4726,19.9936,0.0064,14.3434,13.9661,0.3772,31047,0
1711,7173,7237,328450311704,328450838896,328464757305,328465135740,0.5272,19.998,0.002,14.2968,13.9184,0.3784,31049,0
1712,7174,7238,328470324252,328470747810,328484752894,328485128255,0.4236,20.0125,0.0125,14.3804,14.0051,0.3754,31051,0
1713,7175,7239,328490317461,328490765217,328504765045,328505212999,0.4478,19.9932,0.0068,14.4478,13.9998,0.448,31053,0
1714,7176,7240,328510314737,328510817334,328524754288,328525109716,0.5026,19.9973,0.0027,14.2924,13.937,0.3554,31055,0
1715,7177,7241,328530347019,328530822146,328544749977,328545116511,0.4751,20.0323,0.0323,14.2944,13.9278,0.3665,31057,0
1716,7178,7242,328550311073,328550703590,328564739517,328565035739,0.3925,19.9641,0.0359,14.3321,14.0359,0.2962,31059,0
1717,7179,7243,328570335818,328570735079,328584742544,328585099856,0.3993,20.0247,0.0247,14.3648,14.0075,0.3573,31061,0
1718,7180,7244,328590323077,328590702009,328604740712,328605039811,0.3789,19.9873,0.0127,14.3378,14.0387,0.2991,31062,0
1719,7181,7245,328610308551,328610666458,328624739078,328625065052,0.3579,19.9855,0.0145,14.3986,14.0726,0.326,31064,0
1720,7182,7246,328630308802,328630643900,328644730800,328645119053,0.3351,20.0003,0.0003,14.4752,14.0869,0.3883,31066,0
1721,7183,7247,328650313118,328650710000,328664747513,328665090445,0.3969,20.0043,0.0043,14.3804,14.0375,0.3429,31068,0
1722,7184,7248,328670308113,328670664731,328684735168,328685035358,0.3566,19.995,0.005,14.3706,14.0704,0.3002,31070,0
1723,7185,7249,328690310446,328690641081,328704730460,328704992271,0.3306,20.0023,0.0023,14.3512,14.0894,0.2618,31072,0
1724,7186,7250,328710310300,328710628638,328724699770,328724951167,0.3183,19.9999,0.0001,14.3225,14.0711,0.2514,31074,0
1725,7187,7251,328730306088,328730685118,328744793141,328745147776,0.379,19.9958,0.0042,14.4627,14.108,0.3546,31076,0
1726,7188,7252,328750309214,328750631816,328764733889,328765000956,0.3226,20.0031,0.0031,14.3691,14.1021,0.2671,31078,0
1727,7189,7253,328770304010,328770621059,328784727595,328784973637,0.317,19.9948,0.0052,14.3526,14.1065,0.246,31079,0
1728,7190,7254,328790304360,328790691522,328804742126,328805057786,0.3872,20.0004,0.0003,14.3663,14.0506,0.3157,31081,0
1729,7191,7255,328810315321,328810745721,328824691700,328824938139,0.4304,20.011,0.011,14.1924,13.946,0.2464,31083,0
1730,7192,7256,328830298910,328830638768,328844723883,328844952869,0.3399,19.9836,0.0164,14.3141,14.0851,0.229,31085,0
1731,7193,7257,328850302533,328850622160,328864729489,328865005382,0.3196,20.0036,0.0036,14.3832,14.1073,0.2759,31087,0
1732,7194,7258,328870303874,328870659302,328884725971,328884955750,0.3554,20.0013,0.0013,14.2964,14.0667,0.2298,31089,0
1733,7195,7259,328890315430,328890647057,328904728403,328904971768,0.3316,20.0116,0.0116,14.3247,14.0813,0.2434,31091,0
1734,7196,7260,328910301102,328910627771,328924728951,328924996812,0.3267,19.9857,0.0143,14.369,14.1012,0.2679,31093,0
1735,7197,7261,328930302444,328930659260,328944731285,328945014318,0.3568,20.0013,0.0013,14.3551,14.072,0.283,31095,0
1736,7198,7262,328950344743,328950765524,328964731733,328965000387,0.4208,20.0423,0.0423,14.2349,13.9662,0.2687,31096,0
1737,7199,7263,328970306118,328970591036,328984754991,328985124204,0.2849,19.9614,0.0386,14.5332,14.164,0.3692,31098,0
1738,7200,7264,328990307559,328990658226,329004771208,329005213014,0.3507,20.0014,0.0014,14.5548,14.113,0.4418,31100,0
1739,7201,7265,329010314156,329010758243,329024736055,329025027518,0.4441,20.0066,0.0066,14.2693,13.9778,0.2915,31102,0
1740,7202,7266,329030319167,329030730626,329044721926,329045105320,0.4115,20.005,0.005,14.3747,13.9913,0.3834,31104,0
1741,7203,7267,329050314360,329050680200,329064735763,329065027820,0.3658,19.9952,0.0048,14.3476,14.0556,0.2921,31106,0
1742,7204,7268,329070300825,329070601511,329084733534,329085029856,0.3007,19.9865,0.0135,14.4283,14.132,0.2963,31108,0
1743,7205,7269,329090307720,329090697759,329104732693,329105026635,0.39,20.0069,0.0069,14.3289,14.0349,0.2939,31110,0
1744,7206,7270,329110305888,329110632953,329124732051,329124986226,0.3271,19.9982,0.0018,14.3533,14.0991,0.2542,31112,0
1745,7207,7271,329130301676,329130611485,329144733690,329145003732,0.3098,19.9958,0.0042,14.3922,14.1222,0.27,31114,0
1746,7208,7272,329150316505,329150723799,329164728784,329164969669,0.4073,20.0148,0.0148,14.2459,14.005,0.2409,31115,0
1747,7209,7273,329170312689,329170617837,329184723778,329184956135,0.3051,19.9962,0.0038,14.3383,14.1059,0.2324,31117,0
1748,7210,7274,329190301535,329190603014,329204734144,329204985939,0.3015,19.9888,0.0112,14.3829,14.1311,0.2518,31119,0
1749,7211,7275,329210305554,329210590471,329224733998,329224954851,0.2849,20.004,0.004,14.3644,14.1435,0.2209,31121,0
1750,7212,7276,329230308680,329230605102,329244701225,329244982274,0.2964,20.0031,0.0031,14.3772,14.0961,0.281,31123,0
1751,7213,7277,329250310319,329250589088,329264743821,329264983021,0.2788,20.0016,0.0016,14.3939,14.1547,0.2392,31125,0
1752,7214,7278,329270305710,329270588545,329284723504,329284934698,0.2828,19.9954,0.0046,14.3462,14.135,0.2112,31127,0
1753,7215,7279,329290318742,329290728239,329304751978,329305132821,0.4095,20.013,0.013,14.4046,14.0237,0.3808,31129,0
1754,7216,7280,329310307456,329310715764,329324766472,329325095458,0.4083,19.9887,0.0113,14.3797,14.0507,0.329,31131,0
1755,7217,7281,329330313423,329330753955,329344759549,329345139896,0.4405,20.006,0.006,14.3859,14.0056,0.3803,31133,0
1756,7218,7282,329350308483,329350687937,329364740133,329365049883,0.3795,19.9951,0.0049,14.3619,14.0522,0.3098,31135,0
1757,7219,7283,329370309889,329370656623,329384731128,329384989617,0.3467,20.0014,0.0014,14.333,14.0745,0.2585,31136,0
1758,7220,7284,329390300586,329390599132,329404725197,329404972481,0.2985,19.9907,0.0093,14.3733,14.1261,0.2473,31138,0
1759,7221,7285,329410311312,329410747878,329424751192,329425128465,0.4366,20.0107,0.0107,14.3806,14.0033,0.3773,31140,0
1760,7222,7286,329430309644,329430767924,329444737130,329445067207,0.4583,19.9983,0.0017,14.2993,13.9692,0.3301,31142,0
1761,7223,7287,329450304804,329450775676,329464760250,329465117098,0.4709,19.9952,0.0048,14.3414,13.9846,0.3568,31144,0
1762,7224,7288,329470312258,329470801274,329484742817,329485060202,0.489,20.0075,0.0075,14.2589,13.9415,0.3174,31146,0
1763,7225,7289,329490302261,329490668627,329504773869,329505242758,0.3664,19.99,0.01,14.5741,14.1052,0.4689,31148,0
1764,7226,7290,329510310508,329510758476,329524746719,329525082844,0.448,20.0082,0.0082,14.3244,13.9882,0.3361,31150,0
1765,7227,7291,329530310823,329530740448,329544750802,329545089108,0.4296,20.0003,0.0003,14.3487,14.0104,0.3383,31152,0
1766,7228,7292,329550303801,329550651923,329564760041,329565195417,0.3481,19.993,0.007,14.5435,14.1081,0.4354,31153,0
1767,7229,7293,329570306298,329570783615,329584721885,329584972938,0.4773,20.0025,0.0025,14.1893,13.9383,0.2511,31155,0
1768,7230,7294,329590317222,329590714722,329604761365,329605104331,0.3975,20.0109,0.0109,14.3896,14.0466,0.343,31157,0
1769,7231,7295,329610320611,329610672897,329624740660,329625050113,0.3523,20.0034,0.0034,14.3772,14.0678,0.3095,31159,0
1770,7232,7296,329630310416,329630657943,329644726697,329644966248,0.3475,19.9898,0.0102,14.3083,14.0688,0.2396,31161,0
1771,7233,7297,329650311921,329650804705,329664742877,329665069086,0.4928,20.0015,0.0015,14.2644,13.9382,0.3262,31163,0
1772,7234,7298,329670306485,329670679990,329684726931,329684955773,0.3735,19.9946,0.0054,14.2758,14.0469,0.2288,31165,0
1773,7235,7299,329690306899,329690631225,329704723875,329704944587,0.3243,20.0004,0.0004,14.3134,14.0927,0.2207,31167,0
1774,7236,7300,329710306917,329710642744,329724749870,329725054465,0.3358,20.0,0.0,14.4117,14.1071,0.3046,31169,0
1775,7237,7301,329730304059,329730668541,329744737296,329745005303,0.3645,19.9971,0.0029,14.3368,14.0688,0.268,31170,0
1776,7238,7302,329750307051,329750669550,329764738602,329765014046,0.3625,20.003,0.003,14.3445,14.0691,0.2754,31172,0
1777,7239,7303,329770304094,329770723408,329784732076,329785052138,0.4193,19.997,0.003,14.3287,14.0087,0.3201,31174,0
1778,7240,7304,329790311846,329790694770,329804755791,329805099947,0.3829,20.0078,0.0078,14.4052,14.061,0.3442,31176,0
1779,7241,7305,329810305220,329810703811,329824733103,329825016974,0.3986,19.9934,0.0066,14.3132,14.0293,0.2839,31178,0
1780,7242,7306,329830314757,329830699466,329844737285,329844992997,0.3847,20.0095,0.0095,14.2935,14.0378,0.2557,31180,0
1781,7243,7307,329850303967,329850640587,329864721041,329864939969,0.3366,19.9892,0.0108,14.2994,14.0805,0.2189,31182,0
1782,7244,7308,329870305174,329870620180,329884721257,329884943358,0.315,20.0012,0.0012,14.3232,14.1011,0.2221,31184,0
1783,7245,7309,329890307671,329890624064,329904733471,329904983234,0.3164,20.0025,0.0025,14.3592,14.1094,0.2498,31186,0
1784,7246,7310,329910303326,329910569747,329924735372,329924965504,0.2664,19.9957,0.0043,14.3958,14.1656,0.2301,31187,0
1785,7247,7311,329930475273,329930778380,329944724483,329944962448,0.3031,20.1719,0.1719,14.1841,13.9461,0.238,31189,0
1786,7248,7312,329950302369,329950568592,329964803029,329965401906,0.2662,19.8271,0.1729,14.8333,14.2344,0.5989,31191,0
1787,7249,7313,329970321623,329970909295,329984781886,329985271026,0.5877,20.0193,0.0193,14.3617,13.8726,0.4891,31193,0
1788,7250,7314,329990317300,329990871427,330004756049,330005126030,0.5541,19.9957,0.0043,14.2546,13.8846,0.37,31195,0
1789,7251,7315,330010306049,330010636838,330024733289,330024973890,0.3308,19.9887,0.0113,14.3371,14.0965,0.2406,31197,0
1790,7252,7316,330030303925,330030603362,330044731066,330044947160,0.2994,19.9979,0.0021,14.3438,14.1277,0.2161,31199,0
1791,7253,7317,330050299122,330050585066,330064734895,330064954561,0.2859,19.9952,0.0048,14.3695,14.1498,0.2197,31201,0
1792,7254,7318,330070309996,330070627590,330084707273,330085052845,0.3176,20.0109,0.0109,14.4253,14.0797,0.3456,31203,0
1793,7255,7319,330090314619,330090747801,330104736402,330105015698,0.4332,20.0046,0.0046,14.2679,13.9886,0.2793,31205,0
1794,7256,7320,330110300788,330110637530,330124724654,330124958410,0.3367,19.9862,0.0138,14.3209,14.0871,0.2338,31207,0
1795,7257,7321,330130304022,330130607527,330144722233,330144949539,0.3035,20.0032,0.0032,14.342,14.1147,0.2273,31208,0
1796,7258,7322,330150329580,330150755816,330164758804,330165245265,0.4262,20.0256,0.0256,14.4894,14.003,0.4865,31210,0
1797,7259,7323,330170314062,330170762126,330184783965,330185353272,0.4481,19.9845,0.0155,14.5911,14.0218,0.5693,31212,0
1798,7260,7324,330190312831,330190902974,330204713382,330205138626,0.5901,19.9988,0.0012,14.2357,13.8104,0.4252,31214,0
1799,7261,7325,330210310807,330210753810,330224710663,330225179562,0.443,19.998,0.002,14.4258,13.9569,0.4689,31216,0
1800,7262,7326,330230302333,330230732538,330244737808,330245030101,0.4302,19.9915,0.0085,14.2976,14.0053,0.2923,31218,0
1801,7263,7327,330250300110,330250613933,330264731616,330265002082,0.3138,19.9978,0.0022,14.3881,14.1177,0.2705,31220,0
1802,7264,7328,330270311678,330270640583,330284725790,330284983910,0.3289,20.0116,0.0116,14.3433,14.0852,0.2581,31222,0
1803,7265,7329,330290304825,330290655697,330304741471,330305080935,0.3509,19.9931,0.0069,14.4252,14.0858,0.3395,31224,0
1804,7266,7330,330310305229,330310665029,330324733245,330325035905,0.3598,20.0004,0.0004,14.3709,14.0682,0.3027,31225,0
1805,7267,7331,330330309601,330330685670,330344694861,330344958735,0.3761,20.0044,0.0044,14.2731,14.0092,0.2639,31227,0
1806,7268,7332,330350299986,330350584195,330364698737,330364983740,0.2842,19.9904,0.0096,14.3995,14.1145,0.285,31229,0
1807,7269,7333,330370307136,330370620014,330384733068,330384990791,0.3129,20.0071,0.0072,14.3708,14.1131,0.2577,31231,0
1808,7270,7334,330390308333,330390625081,330404719187,330405049029,0.3167,20.0012,0.0012,14.4239,14.0941,0.3298,31233,0
1809,7271,7335,330410303678,330410677466,330424701636,330424975231,0.3738,19.9953,0.0047,14.2978,14.0242,0.2736,31235,0
1810,7272,7336,330430303586,330430651482,330444711960,330444952918,0.3479,19.9999,0.0001,14.3014,14.0605,0.241,31237,0
1811,7273,7337,330450303494,330450679663,330464733097,330465049249,0.3762,19.9999,0.0001,14.3696,14.0534,0.3162,31239,0
1812,7274,7338,330470304196,330470663004,330484737568,330485160063,0.3588,20.0007,0.0007,14.4971,14.0746,0.4225,31241,0
1813,7275,7339,330490314421,330490750209,330504716347,330505090729,0.4358,20.0102,0.0102,14.3405,13.9661,0.3744,31242,0
1814,7276,7340,330510303913,330510672840,330524713477,330525040740,0.3689,19.9895,0.0105,14.3679,14.0406,0.3273,31244,0
1815,7277,7341,330530301738,330530643285,330544735507,330545032414,0.3415,19.9978,0.0022,14.3891,14.0922,0.2969,31246,0
1816,7278,7342,330550303928,330550681187,330564712004,330565017541,0.3773,20.0022,0.0022,14.3364,14.0308,0.3055,31248,0
1817,7279,7343,330570308300,330570661553,330584750600,330585211386,0.3533,20.0044,0.0044,14.5498,14.089,0.4608,31250,0
1818,7280,7344,330590320211,330590976521,330604781657,330605395410,0.6563,20.0119,0.0119,14.4189,13.8051,0.6138,31252,0
1819,7281,7345,330610304644,330610884471,330624710736,330625016670,0.5798,19.9844,0.0156,14.1322,13.8263,0.3059,31254,0
1820,7282,7346,330630302965,330630639254,330644707073,330644986025,0.3363,19.9983,0.0017,14.3468,14.0678,0.279,31256,0
1821,7283,7347,330650301682,330650629738,330664717099,330665001507,0.3281,19.9987,0.0013,14.3718,14.0874,0.2844,31258,0
1822,7284,7348,330670308237,330670640658,330684703715,330684978401,0.3324,20.0066,0.0066,14.3377,14.0631,0.2747,31260,0
1823,7285,7349,330690303582,330690664374,330704691421,330704926030,0.3608,19.9953,0.0047,14.2617,14.027,0.2346,31262,0
1824,7286,7350,330710300811,330710582342,330724721288,330725078211,0.2815,19.9972,0.0028,14.4959,14.1389,0.3569,31263,0
1825,7287,7351,330730305779,330730702878,330744705125,330744960666,0.3971,20.005,0.005,14.2578,14.0022,0.2555,31265,0
1826,7288,7352,330750302215,330750646639,330764705728,330764975057,0.3444,19.9964,0.0036,14.3284,14.0591,0.2693,31267,0
1827,7289,7353,330770298651,330770610339,330784717738,330785003237,0.3117,19.9964,0.0036,14.3929,14.1074,0.2855,31269,0
1828,7290,7354,330790301733,330790607271,330804752069,330805100163,0.3055,20.0031,0.0031,14.4929,14.1448,0.3481,31271,0
1829,7291,7355,330810300649,330810732866,330824714975,330825039460,0.4322,19.9989,0.0011,14.3066,13.9821,0.3245,31273,0
1830,7292,7356,330830297482,330830675337,330844712105,330844962190,0.3779,19.9968,0.0032,14.2869,14.0368,0.2501,31275,0
1831,7293,7357,330850296597,330850679510,330864702986,330865003167,0.3829,19.9991,0.0009,14.3237,14.0235,0.3002,31277,0
1832,7294,7358,330870299481,330870623965,330884699125,330884988989,0.3245,20.0029,0.0029,14.365,14.0752,0.2899,31279,0
1833,7295,7359,330890301472,330890634885,330904720857,330904952688,0.3334,20.002,0.002,14.3178,14.086,0.2318,31280,0
1834,7296,7360,330910301380,330910654633,330924706579,330924961029,0.3533,19.9999,0.0001,14.3064,14.0519,0.2545,31282,0
1835,7297,7361,330930298114,330930664263,330944700932,330944923240,0.3661,19.9967,0.0033,14.259,14.0367,0.2223,31284,0
1836,7298,7362,330950294054,330950608122,330964693202,330964886742,0.3141,19.9959,0.0041,14.2786,14.0851,0.1935,31286,0
1837,7299,7363,330970292870,330970560117,330984721184,330984919188,0.2672,19.9988,0.0012,14.3591,14.1611,0.198,31288,0
1838,7300,7364,330990294763,330990607145,331004719306,331004958776,0.3124,20.0019,0.0019,14.3516,14.1122,0.2395,31290,0
1839,7301,7365,331010305384,331010599117,331024696497,331024930511,0.2937,20.0106,0.0106,14.3314,14.0974,0.234,31292,0
1840,7302,7366,331030294678,331030612615,331044699084,331044896592,0.3179,19.9893,0.0107,14.284,14.0865,0.1975,31294,0
1841,7303,7367,331050294388,331050625816,331064696313,331064912868,0.3314,19.9997,0.0003,14.2871,14.0705,0.2166,31296,0
1842,7304,7368,331070294990,331070604595,331084721617,331084947992,0.3096,20.0006,0.0006,14.3434,14.117,0.2264,31297,0
1843,7305,7369,331090296287,331090599940,331104727874,331104944230,0.3037,20.0013,0.0013,14.3443,14.1279,0.2164,31299,0
1844,7306,7370,331110334685,331110674446,331124762105,331125225570,0.3398,20.0384,0.0384,14.5511,14.0877,0.4635,31301,0
1845,7307,7371,331130313761,331130758675,331144749315,331145129848,0.4449,19.9791,0.0209,14.3712,13.9906,0.3805,31303,0
1846,7308,7372,331150297499,331150654224,331164733649,331165062003,0.3567,19.9837,0.0163,14.4078,14.0794,0.3284,31305,0
1847,7309,7373,331170297804,331170667127,331184756671,331185174999,0.3693,20.0003,0.0003,14.5079,14.0895,0.4183,31307,0
1848,7310,7374,331190299398,331190709791,331204734457,331204990990,0.4104,20.0016,0.0016,14.2812,14.0247,0.2565,31309,0
1849,7311,7375,331210294148,331210614863,331224755991,331225086329,0.3207,19.9947,0.0053,14.4715,14.1411,0.3303,31311,0
1850,7312,7376,331230298719,331230660404,331244740325,331245048937,0.3617,20.0046,0.0046,14.3885,14.0799,0.3086,31313,0
1851,7313,7377,331250346441,331250754552,331264743010,331265027716,0.4081,20.0477,0.0477,14.2732,13.9885,0.2847,31314,0
1852,7314,7378,331270299328,331270684127,331284747710,331285091588,0.3848,19.9529,0.0471,14.4075,14.0636,0.3439,31316,0
1853,7315,7379,331290291912,331290670605,331304733698,331305027884,0.3787,19.9926,0.0074,14.3573,14.0631,0.2942,31318,0
1854,7316,7380,331310308053,331310731974,331324735953,331324999292,0.4239,20.0161,0.0161,14.2673,14.004,0.2633,31320,0
1855,7317,7381,331330343833,331330912565,331344737612,331345013250,0.5687,20.0358,0.0358,14.1007,13.825,0.2756,31322,0
1856,7318,7382,331350300759,331350604566,331364727469,331364955299,0.3038,19.9569,0.0431,14.3507,14.1229,0.2278,31324,0
1857,7319,7383,331370299939,331370614756,331384751148,331385154041,0.3148,19.9992,0.0008,14.5393,14.1364,0.4029,31326,0
1858,7320,7384,331390329867,331390780568,331404770661,331405233860,0.4507,20.0299,0.0299,14.4533,13.9901,0.4632,31328,0
1859,7321,7385,331410325079,331410892523,331424759327,331425147144,0.5674,19.9952,0.0048,14.2546,13.8668,0.3878,31330,0
1860,7322,7386,331430325945,331430715350,331444748588,331445032062,0.3894,20.0009,0.0009,14.3167,14.0332,0.2835,31331,0
1861,7323,7387,331450317984,331450717009,331464737453,331465011603,0.399,19.992,0.008,14.2946,14.0204,0.2742,31333,0
1862,7324,7388,331470315577,331470631286,331484741890,331485074659,0.3157,19.9976,0.0024,14.4434,14.1106,0.3328,31335,0
1863,7325,7389,331490324675,331490706244,331504736606,331504998061,0.3816,20.0091,0.0091,14.2918,14.0304,0.2615,31337,0
1864,7326,7390,331510312350,331510671998,331524748184,331525097220,0.3596,19.9877,0.0123,14.4252,14.0762,0.349,31339,0
1865,7327,7391,331530311629,331530675245,331544737446,331545028656,0.3636,19.9993,0.0007,14.3534,14.0622,0.2912,31341,0
1866,7328,7392,331550307635,331550642189,331564748131,331565104705,0.3346,19.996,0.004,14.4625,14.1059,0.3566,31343,0
1867,7329,7393,331570316734,331570701774,331584744336,331585082560,0.385,20.0091,0.0091,14.3808,14.0426,0.3382,31345,0
1868,7330,7394,331590306788,331590705020,331604751451,331605260969,0.3982,19.9901,0.0099,14.5559,14.0464,0.5095,31347,0
1869,7331,7395,331610315391,331610785037,331624755491,331625112560,0.4696,20.0086,0.0086,14.3275,13.9705,0.3571,31348,0
1870,7332,7396,331630313579,331630769537,331644752191,331645095474,0.456,19.9982,0.0018,14.3259,13.9827,0.3433,31350,0
1871,7333,7397,331650309387,331650690459,331664733914,331665023637,0.3811,19.9958,0.0042,14.3332,14.0435,0.2897,31352,0
1872,7334,7398,331670310352,331670642328,331684739144,331685018056,0.332,20.001,0.001,14.3757,14.0968,0.2789,31354,0
1873,7335,7399,331690315384,331690682670,331704742788,331705101742,0.3673,20.005,0.005,14.4191,14.0601,0.359,31356,0
1874,7336,7400,331710309109,331710646639,331724735818,331725058371,0.3375,19.9937,0.0063,14.4117,14.0892,0.3226,31358,0
1875,7337,7401,331730310371,331730655340,331744753447,331745064494,0.345,20.0013,0.0013,14.4092,14.0981,0.311,31360,0
1876,7338,7402,331750311337,331750723058,331764750742,331765052962,0.4117,20.001,0.001,14.3299,14.0277,0.3022,31362,0
1877,7339,7403,331770314583,331770736818,331784764403,331785161247,0.4222,20.0032,0.0032,14.4244,14.0276,0.3968,31364,0
1878,7340,7404,331790307911,331790704556,331804755648,331805138209,0.3966,19.9933,0.0067,14.4337,14.0511,0.3826,31365,0
1879,7341,7405,331810306397,331810674873,331824736776,331824995553,0.3685,19.9985,0.0015,14.3207,14.0619,0.2588,31367,0
1880,7342,7406,331830314999,331830655009,331844745776,331845103441,0.34,20.0086,0.0086,14.4484,14.0908,0.3577,31369,0
1881,7343,7407,331850316560,331850681961,331864733252,331864972488,0.3654,20.0016,0.0016,14.2905,14.0513,0.2392,31371,0
1882,7344,7408,331870311772,331870678166,331884769230,331885297693,0.3664,19.9952,0.0048,14.6195,14.0911,0.5285,31373,0
1883,7345,7409,331890372051,331891130527,331904768806,331905162476,0.7585,20.0603,0.0603,14.0319,13.6383,0.3937,31375,0
1884,7346,7410,331910309934,331910663830,331924741107,331925024481,0.3539,19.9379,0.0621,14.3607,14.0773,0.2834,31377,0
1885,7347,7411,331930305246,331930615599,331944740584,331945063931,0.3104,19.9953,0.0047,14.4483,14.125,0.3233,31379,0
1886,7348,7412,331950305318,331950630351,331964719629,331964958073,0.325,20.0001,0.0001,14.3277,14.0893,0.2384,31381,0
1887,7349,7413,331970306779,331970646789,331984736564,331985036205,0.34,20.0015,0.0015,14.3894,14.0898,0.2996,31382,0
1888,7350,7414,331990343749,331990905440,332004758061,332005170476,0.5617,20.037,0.037,14.265,13.8526,0.4124,31384,0
1889,7351,7415,332010313868,332010767941,332024734527,332025078702,0.4541,19.9701,0.0299,14.3108,13.9666,0.3442,31386,0
1890,7352,7416,332030310072,332030699080,332044738864,332045036125,0.389,19.9962,0.0038,14.337,14.0398,0.2973,31388,0
1891,7353,7417,332050305681,332050653725,332064726638,332065011600,0.348,19.9956,0.0044,14.3579,14.0729,0.285,31390,0
1892,7354,7418,332070306250,332070638027,332084757756,332085084673,0.3318,20.0006,0.0006,14.4466,14.1197,0.3269,31392,0
1893,7355,7419,332090303049,332090610328,332104727973,332104975839,0.3073,19.9968,0.0032,14.3655,14.1176,0.2479,31394,0
1894,7356,7420,332110303915,332110601474,332124738957,332125082339,0.2976,20.0009,0.0009,14.4809,14.1375,0.3434,31396,0
1895,7357,7421,332130310038,332130645188,332144732285,332144977472,0.3352,20.0061,0.0061,14.3323,14.0871,0.2452,31398,0
1896,7358,7422,332150308326,332150659543,332164728985,332164951360,0.3512,19.9983,0.0017,14.2918,14.0694,0.2224,31400,0
1897,7359,7423,332170305423,332170614784,332184734909,332184993785,0.3094,19.9971,0.0029,14.379,14.1201,0.2589,31401,0
1898,7360,7424,332190307281,332190638661,332204735676,332204976698,0.3314,20.0019,0.0019,14.338,14.097,0.241,31403,0
1899,7361,7425,332210318760,332210648454,332224729004,332224965265,0.3297,20.0115,0.0115,14.3168,14.0806,0.2363,31405,0
1900,7362,7426,332230305343,332230650411,332244723622,332244937268,0.3451,19.9866,0.0134,14.2869,14.0732,0.2136,31407,0
1901,7363,7427,332250313747,332250744215,332264733315,332264975528,0.4305,20.0084,0.0084,14.2313,13.9891,0.2422,31409,0
1902,7364,7428,332270316994,332270713738,332284743867,332285047833,0.3967,20.0032,0.0032,14.3341,14.0301,0.304,31411,0
1903,7365,7429,332290311165,332290675429,332304760235,332305088698,0.3643,19.9942,0.0058,14.4133,14.0848,0.3285,31413,0
1904,7366,7430,332310308988,332310760425,332324722654,332324939447,0.4514,19.9978,0.0022,14.179,13.9622,0.2168,31415,0
1905,7367,7431,332330308894,332330695571,332344763419,332345234989,0.3867,19.9999,0.0001,14.5394,14.0678,0.4716,31417,0
1906,7368,7432,332350330816,332350877857,332364764118,332365214366,0.547,20.0219,0.0219,14.3365,13.8863,0.4502,31418,0
1907,7369,7433,332370334193,332370855350,332384775727,332385294305,0.5212,20.0034,0.0034,14.439,13.9204,0.5186,31420,0
1908,7370,7434,332390350463,332391028511,332404775930,332405188591,0.678,20.0163,0.0163,14.1601,13.7474,0.4127,31422,0
1909,7371,7435,332410305939,332410779095,332424753721,332425137819,0.4732,19.9555,0.0445,14.3587,13.9746,0.3841,31424,0
1910,7372,7436,332430305845,332430711960,332444733395,332445025262,0.4061,19.9999,0.0001,14.3133,14.0214,0.2919,31426,0
1911,7373,7437,332450319834,332450704626,332464733004,332464974392,0.3848,20.014,0.014,14.2698,14.0284,0.2414,31428,0
1912,7374,7438,332470308830,332470613293,332484757505,332485142297,0.3045,19.989,0.011,14.529,14.1442,0.3848,31430,0
1913,7375,7439,332490312307,332490771579,332504759989,332505153212,0.4593,20.0035,0.0035,14.3816,13.9884,0.3932,31432,0
1914,7376,7440,332510308147,332510650196,332524773184,332525242969,0.342,19.9958,0.0042,14.5928,14.123,0.4698,31434,0
1915,7377,7441,332530312912,332530760977,332544742941,332545018346,0.4481,20.0048,0.0048,14.2574,13.982,0.2754,31436,0
1916,7378,7442,332550307165,332550741346,332564760203,332565154417,0.4342,19.9943,0.0057,14.4131,14.0189,0.3942,31437,0
1917,7379,7443,332570302806,332570691170,332584745728,332585099678,0.3884,19.9956,0.0044,14.4085,14.0546,0.3539,31439,0
1918,7380,7444,332590320861,332590674414,332604727188,332604987320,0.3536,20.0181,0.0181,14.3129,14.0528,0.2601,31441,0
1919,7381,7445,332610324040,332610901229,332624728879,332624983457,0.5772,20.0032,0.0032,14.0822,13.8277,0.2546,31443,0
1920,7382,7446,332630310161,332630637235,332644731860,332644997347,0.3271,19.9861,0.0139,14.3601,14.0946,0.2655,31445,0
1921,7383,7447,332650306298,332650651322,332664735038,332664983666,0.345,19.9961,0.0039,14.3323,14.0837,0.2486,31447,0
1922,7384,7448,332670304518,332670570204,332684697655,332684969787,0.2657,19.9982,0.0018,14.3996,14.1275,0.2721,31449,0
1923,7385,7449,332690308589,332690653316,332704719379,332704953726,0.3447,20.0041,0.0041,14.3004,14.0661,0.2343,31451,0
1924,7386,7450,332710307603,332710627734,332724690624,332724919615,0.3201,19.999,0.001,14.2919,14.0629,0.229,31453,0
1925,7387,7451,332730299773,332730608698,332744723257,332744941637,0.3089,19.9922,0.0078,14.3329,14.1146,0.2184,31455,0
1926,7388,7452,332750309696,332750661464,332764722469,332764906832,0.3518,20.0099,0.0099,14.2454,14.061,0.1844,31456,0
1927,7389,7453,332770304048,332770657006,332784736358,332785001548,0.353,19.9944,0.0056,14.3445,14.0794,0.2652,31458,0
1928,7390,7454,332790316549,332790652747,332804756793,332805156065,0.3362,20.0125,0.0125,14.5033,14.104,0.3993,31460,0
1929,7391,7455,332810308322,332810745578,332824739939,332825078318,0.4373,19.9918,0.0082,14.3327,13.9944,0.3384,31462,0
1930,7392,7456,332830304361,332830706707,332844732307,332845012472,0.4023,19.996,0.004,14.3058,14.0256,0.2802,31464,0
1931,7393,7457,332850307738,332850653456,332864694627,332864954659,0.3457,20.0034,0.0034,14.3012,14.0412,0.26,31466,0
1932,7394,7458,332870299611,332870631246,332884701971,332884980549,0.3316,19.9919,0.0081,14.3493,14.0707,0.2786,31468,0
1933,7395,7459,332890310227,332890649103,332904692653,332904937513,0.3389,20.0106,0.0106,14.2884,14.0435,0.2449,31470,0
1934,7396,7460,332910309042,332910642562,332924730741,332924960328,0.3335,19.9988,0.0012,14.3178,14.0882,0.2296,31472,0
1935,7397,7461,332930301709,332930608452,332944737589,332945052762,0.3067,19.9927,0.0073,14.4443,14.1291,0.3152,31473,0
1936,7398,7462,332950305482,332950571565,332964732636,332964996239,0.2661,20.0038,0.0038,14.4247,14.1611,0.2636,31475,0
1937,7399,7463,332970304992,332970598148,332984766261,332985168905,0.2932,19.9995,0.0005,14.5708,14.1681,0.4026,31477,0
1938,7400,7464,332990312931,332990772302,333004740481,333005053174,0.4594,20.0079,0.0079,14.2809,13.9682,0.3127,31479,0
1939,7401,7465,333010309465,333010816142,333024736221,333024998039,0.5067,19.9965,0.0035,14.1819,13.9201,0.2618,31481,0
1940,7402,7466,333030317800,333030677800,333044695069,333044967896,0.36,20.0083,0.0083,14.2901,14.0173,0.2728,31483,0
1941,7403,7467,333050304913,333050672648,333064724232,333065128859,0.3677,19.9871,0.0129,14.4562,14.0516,0.4046,31485,0
1942,7404,7468,333070304918,333070675430,333084709361,333084952831,0.3705,20.0,0.0,14.2774,14.0339,0.2435,31487,0
1943,7405,7469,333090306907,333090588559,333104734159,333105000936,0.2817,20.002,0.002,14.4124,14.1456,0.2668,31489,0
1944,7406,7470,333110302052,333110675242,333124733668,333124994990,0.3732,19.9951,0.0049,14.3197,14.0584,0.2613,31490,0
1945,7407,7471,333130313462,333130655611,333144726632,333145005310,0.3421,20.0114,0.0114,14.3497,14.071,0.2787,31492,0
1946,7408,7472,333150303550,333150650260,333164723563,333164951563,0.3467,19.9901,0.0099,14.3013,14.0733,0.228,31494,0
1947,7409,7473,333170303555,333170596811,333184732196,333184929155,0.2933,20.0,0.0,14.3323,14.1354,0.197,31496,0
1948,7410,7474,333190304155,333190581543,333204747871,333205109259,0.2774,20.0006,0.0006,14.5277,14.1663,0.3614,31498,0
1949,7411,7475,333210313879,333210786837,333224758884,333225103512,0.473,20.0097,0.0097,14.3167,13.972,0.3446,31500,0
1950,7412,7476,333230305256,333230657124,333244702955,333245006327,0.3519,19.9914,0.0086,14.3492,14.0458,0.3034,31502,0
1951,7413,7477,333250305162,333250612501,333264755622,333265053836,0.3073,19.9999,0.0001,14.4413,14.1431,0.2982,31504,0
1952,7414,7478,333270310325,333270623415,333284731796,333284987040,0.3131,20.0052,0.0052,14.3636,14.1084,0.2552,31506,0
1953,7415,7479,333290314241,333290629180,333304750397,333305112835,0.3149,20.0039,0.0039,14.4837,14.1212,0.3624,31507,0
1954,7416,7480,333310304778,333310693594,333324730919,333325007780,0.3888,19.9905,0.0095,14.3142,14.0373,0.2769,31509,0
1955,7417,7481,333330303150,333330655374,333344733951,333345009821,0.3522,19.9984,0.0016,14.3544,14.0786,0.2759,31511,0
1956,7418,7482,333350303008,333350612990,333364728752,333364983500,0.31,19.9999,0.0001,14.3705,14.1158,0.2547,31513,0
1957,7419,7483,333370307131,333370610072,333384726925,333384983359,0.3029,20.0041,0.0041,14.3733,14.1169,0.2564,31515,0
1958,7420,7484,333390307981,333390616773,333404754847,333405094577,0.3088,20.0008,0.0008,14.4778,14.1381,0.3397,31517,0
1959,7421,7485,333410312303,333410743064,333424705918,333424994282,0.4308,20.0043,0.0043,14.2512,13.9629,0.2884,31519,0
1960,7422,7486,333430304724,333430642075,333444730766,333445003462,0.3374,19.9924,0.0076,14.3614,14.0887,0.2727,31521,0
1961,7423,7487,333450299228,333450621506,333464724873,333464928652,0.3223,19.9945,0.0055,14.3071,14.1034,0.2038,31523,0
1962,7424,7488,333470299583,333470634851,333484720269,333484919685,0.3353,20.0004,0.0004,14.2848,14.0854,0.1994,31524,0
1963,7425,7489,333490315407,333490648295,333504725880,333504968629,0.3329,20.0158,0.0158,14.3203,14.0776,0.2427,31526,0
1964,7426,7490,333510302077,333510648550,333524726532,333524959464,0.3465,19.9867,0.0133,14.3109,14.078,0.2329,31528,0
1965,7427,7491,333530302927,333530636509,333544735216,333544976280,0.3336,20.0008,0.0008,14.3398,14.0987,0.2411,31530,0
1966,7428,7492,333550303084,333550596703,333564739041,333565038412,0.2936,20.0002,0.0002,14.4417,14.1423,0.2994,31532,0
1967,7429,7493,333570306314,333570601719,333584747924,333585025380,0.2954,20.0032,0.0032,14.4237,14.1462,0.2775,31534,0
1968,7430,7494,333590305082,333590664545,333604742130,333605029701,0.3595,19.9988,0.0012,14.3652,14.0776,0.2876,31536,0
1969,7431,7495,333610314758,333610649331,333624773919,333625117814,0.3346,20.0097,0.0097,14.4685,14.1246,0.3439,31538,0
1970,7432,7496,333630299940,333630646513,333644738278,333644994216,0.3466,19.9852,0.0148,14.3477,14.0918,0.2559,31540,0
1971,7433,7497,333650297816,333650587668,333664727130,333664969383,0.2899,19.9979,0.0021,14.3817,14.1395,0.2423,31541,0
1972,7434,7498,333670299757,333670577313,333684723617,333684948517,0.2776,20.0019,0.0019,14.3712,14.1463,0.2249,31543,0
1973,7435,7499,333690306061,333690603350,333704728632,333704958094,0.2973,20.0063,0.0063,14.3547,14.1253,0.2295,31545,0
1974,7436,7500,333710299078,333710607770,333724719864,333724939707,0.3087,19.993,0.007,14.3319,14.1121,0.2198,31547,0
1975,7437,7501,333730299333,333730595036,333744692850,333744893059,0.2957,20.0003,0.0003,14.298,14.0978,0.2002,31549,0
1976,7438,7502,333750295722,333750572186,333764728308,333764960050,0.2765,19.9964,0.0036,14.3879,14.1561,0.2317,31551,0
1977,7439,7503,333770297861,333770569863,333784721721,333784931846,0.272,20.0021,0.0021,14.362,14.1519,0.2101,31553,0
1978,7440,7504,333790298216,333790584894,333804747064,333805123088,0.2867,20.0004,0.0004,14.5382,14.1622,0.376,31555,0
1979,7441,7505,333810310668,333810677271,333824763583,333825074853,0.3666,20.0125,0.0125,14.3976,14.0863,0.3113,31557,0
1980,7442,7506,333830295851,333830614658,333844725264,333844935488,0.3188,19.9852,0.0148,14.3208,14.1106,0.2102,31558,0
1981,7443,7507,333850297098,333850623540,333864723437,333864935347,0.3264,20.0012,0.0012,14.3118,14.0999,0.2119,31560,0
1982,7444,7508,333870309253,333870685276,333884728650,333884962773,0.376,20.0122,0.0122,14.2775,14.0434,0.2341,31562,0
1983,7445,7509,333890300088,333890641504,333904796931,333905227891,0.3414,19.9908,0.0092,14.5864,14.1554,0.431,31564,0
1984,7446,7510,333910307285,333910642156,333924746713,333925056794,0.3349,20.0072,0.0072,14.4146,14.1046,0.3101,31566,0
1985,7447,7511,333930305160,333930592136,333944736755,333944950450,0.287,19.9979,0.0021,14.3583,14.1446,0.2137,31568,0
1986,7448,7512,333950305812,333950575732,333964751091,333965035290,0.2699,20.0007,0.0007,14.4596,14.1754,0.2842,31570,0
1987,7449,7513,333970317570,333970752001,333984743215,333985040405,0.4344,20.0118,0.0118,14.2884,13.9912,0.2972,31572,0
1988,7450,7514,333990297894,333990681553,334004730381,334004981956,0.3837,19.9803,0.0197,14.3004,14.0488,0.2516,31574,0
1989,7451,7515,334010301422,334010605850,334024732025,334025031694,0.3044,20.0035,0.0035,14.4258,14.1262,0.2997,31576,0
1990,7452,7516,334030296025,334030681073,334044732875,334045019058,0.385,19.9946,0.0054,14.338,14.0518,0.2862,31577,0
1991,7453,7517,334050298760,334050628375,334064726586,334064944743,0.3296,20.0027,0.0027,14.3164,14.0982,0.2182,31579,0
1992,7454,7518,334070295049,334070585892,334084734180,334084951543,0.2908,19.9963,0.0037,14.3657,14.1483,0.2174,31581,0
1993,7455,7519,334090304724,334090630374,334104731361,334104987993,0.3256,20.0097,0.0097,14.3576,14.101,0.2566,31583,0
1994,7456,7520,334110297344,334110572123,334124726460,334124949377,0.2748,19.9926,0.0074,14.3773,14.1543,0.2229,31585,0
1995,7457,7521,334130308508,334130644966,334144749324,334145217371,0.3365,20.0112,0.0112,14.5724,14.1044,0.468,31587,0
1996,7458,7522,334150311738,334150762629,334164757116,334165123620,0.4509,20.0032,0.0032,14.361,13.9945,0.3665,31589,0
1997,7459,7523,334170314770,334170711618,334184745571,334185086888,0.3968,20.003,0.003,14.3753,14.034,0.3413,31591,0
1998,7460,7524,334190310464,334190700965,334204737200,334205020110,0.3905,19.9957,0.0043,14.3191,14.0362,0.2829,31593,0
1999,7461,7525,334210310918,334210672067,334224735174,334225035934,0.3611,20.0005,0.0005,14.3639,14.0631,0.3008,31594,0
2000,7462,7526,334230308892,334230657944,334244703896,334244953190,0.3491,19.998,0.002,14.2952,14.046,0.2493,31596,0
2001,7463,7527,334250311032,334250623393,334264722397,334264945513,0.3124,20.0021,0.0021,14.3221,14.099,0.2231,31598,0
2002,7464,7528,334270308511,334270648935,334284742626,334285003496,0.3404,19.9975,0.0025,14.3546,14.0937,0.2609,31600,0
2003,7465,7529,334290314214,334290623074,334304753522,334305067935,0.3089,20.0057,0.0057,14.4449,14.1304,0.3144,31602,0
2004,7466,7530,334310305577,334310766538,334324695974,334324993527,0.461,19.9914,0.0086,14.227,13.9294,0.2976,31604,0
2005,7467,7531,334330305969,334330624428,334344696778,334344992844,0.3185,20.0004,0.0004,14.3684,14.0724,0.2961,31606,0
2006,7468,7532,334350309051,334350653074,334364695698,334364976208,0.344,20.0031,0.0031,14.3231,14.0426,0.2805,31608,0
2007,7469,7533,334370318970,334370638816,334384737126,334385031111,0.3198,20.0099,0.0099,14.3923,14.0983,0.294,31610,0
2008,7470,7534,334390312936,334390772195,334404739415,334405050740,0.4593,19.994,0.006,14.2785,13.9672,0.3113,31611,0
2009,7471,7535,334410306704,334410645278,334424758846,334425095735,0.3386,19.9938,0.0062,14.4505,14.1136,0.3369,31613,0
2010,7472,7536,334430307012,334430650044,334444723979,334444987446,0.343,20.0003,0.0003,14.3374,14.0739,0.2635,31615,0
2011,7473,7537,334450313958,334450635786,334464724286,334464955551,0.3218,20.0069,0.0069,14.3198,14.0885,0.2313,31617,0
2012,7474,7538,334470307726,334470639958,334484722315,334484980927,0.3322,19.9938,0.0062,14.341,14.0824,0.2586,31619,0
2013,7475,7539,334490307638,334490648985,334504726190,334504969543,0.3413,19.9999,0.0001,14.3206,14.0772,0.2434,31621,0
2014,7476,7540,334510308044,334510643150,334524729272,334525022861,0.3351,20.0004,0.0004,14.3797,14.0861,0.2936,31623,0
2015,7477,7541,334530309343,334530616209,334544731066,334544945882,0.3069,20.0013,0.0013,14.3297,14.1149,0.2148,31625,0
2016,7478,7542,334550306975,334550605122,334564720474,334564935786,0.2981,19.9976,0.0024,14.3307,14.1154,0.2153,31627,0
2017,7479,7543,334570322245,334570669439,334584735149,334585004462,0.3472,20.0153,0.0153,14.335,14.0657,0.2693,31629,0
2018,7480,7544,334590307591,334590680150,334604728818,334604987925,0.3726,19.9853,0.0147,14.3078,14.0487,0.2591,31630,0
2019,7481,7545,334610313546,334610628735,334624734080,334624970497,0.3152,20.006,0.006,14.3418,14.1053,0.2364,31632,0
2020,7482,7546,334630308800,334630615369,334644730028,334644959707,0.3066,19.9953,0.0047,14.3443,14.1147,0.2297,31634,0
2021,7483,7547,334650306334,334650603688,334664732119,334664952187,0.2974,19.9975,0.0025,14.3485,14.1284,0.2201,31636,0
2022,7484,7548,334670308920,334670613012,334684689523,334684959034,0.3041,20.0026,0.0026,14.346,14.0765,0.2695,31638,0
2023,7485,7549,334690309228,334690672176,334704730257,334704991743,0.3629,20.0003,0.0003,14.3196,14.0581,0.2615,31640,0
2024,7486,7550,334710307455,334710624130,334724726899,334724979070,0.3167,19.9982,0.0018,14.3549,14.1028,0.2522,31642,0
2025,7487,7551,334730310438,334730670314,334744730377,334744985224,0.3599,20.003,0.003,14.3149,14.0601,0.2548,31644,0
2026,7488,7552,334750313024,334750646445,334764728802,334764957887,0.3334,20.0026,0.0026,14.3114,14.0824,0.2291,31646,0
2027,7489,7553,334770305306,334770599588,334784729011,334784968895,0.2943,19.9923,0.0077,14.3693,14.1294,0.2399,31647,0
2028,7490,7554,334790318990,334790717015,334804754882,334805156573,0.398,20.0137,0.0137,14.4396,14.0379,0.4017,31649,0
2029,7491,7555,334810307507,334810705234,334824743201,334825060174,0.3977,19.9885,0.0115,14.3549,14.038,0.317,31651,0
2030,7492,7556,334830304445,334830671456,334844736969,334845006480,0.367,19.9969,0.0031,14.335,14.0655,0.2695,31653,0
2031,7493,7557,334850329524,334850753509,334864736682,334865063167,0.424,20.0251,0.0251,14.3097,13.9832,0.3265,31655,0
2032,7494,7558,334870310609,334870655326,334884737089,334885088444,0.3447,19.9811,0.0189,14.4331,14.0818,0.3514,31657,0
2033,7495,7559,334890301009,334890641465,334904735613,334905024346,0.3405,19.9904,0.0096,14.3829,14.0941,0.2887,31659,0
2034,7496,7560,334910301514,334910651086,334924733740,334925025942,0.3496,20.0005,0.0005,14.3749,14.0827,0.2922,31661,0
2035,7497,7561,334930303705,334930677850,334944735039,334945050625,0.3741,20.0022,0.0022,14.3728,14.0572,0.3156,31663,0
2036,7498,7562,334950308273,334950661709,334964738914,334965035277,0.3534,20.0046,0.0046,14.3736,14.0772,0.2964,31664,0
2037,7499,7563,334970308482,334970665188,334984758147,334985193823,0.3567,20.0002,0.0002,14.5286,14.093,0.4357,31666,0
2038,7500,7564,334990312554,334990790144,335004735268,335005012805,0.4776,20.0041,0.0041,14.2227,13.9451,0.2775,31668,0
2039,7501,7565,335010307710,335010643410,335024735774,335025013807,0.3357,19.9952,0.0048,14.3704,14.0924,0.278,31670,0
2040,7502,7566,335030309603,335030653527,335044731623,335045019663,0.3439,20.0019,0.0019,14.3661,14.0781,0.288,31672,0
2041,7503,7567,335050309118,335050639071,335064731534,335065017692,0.33,19.9995,0.0005,14.3786,14.0925,0.2862,31674,0
2042,7504,7568,335070303579,335070595286,335084730653,335085003335,0.2917,19.9945,0.0055,14.408,14.1354,0.2727,31676,0
2043,7505,7569,335090303193,335090583604,335104694299,335104966089,0.2804,19.9996,0.0004,14.3825,14.1107,0.2718,31678,0
2044,7506,7570,335110300528,335110624140,335124723341,335124943607,0.3236,19.9973,0.0027,14.3195,14.0992,0.2203,31680,0
2045,7507,7571,335130311537,335130626429,335144729000,335144971560,0.3149,20.011,0.011,14.3451,14.1026,0.2426,31681,0
2046,7508,7572,335150304612,335150636150,335164736144,335164965130,0.3315,19.9931,0.0069,14.329,14.1,0.229,31683,0
2047,7509,7573,335170304523,335170580574,335184732885,335184977129,0.2761,19.9999,0.0001,14.3966,14.1523,0.2442,31685,0
2048,7510,7574,335190307209,335190635874,335204724869,335204927696,0.3287,20.0027,0.0027,14.2918,14.089,0.2028,31687,0
2049,7511,7575,335210312471,335210688399,335224721412,335224928400,0.3759,20.0053,0.0053,14.24,14.033,0.207,31689,0
2050,7512,7576,335230308319,335230581695,335244737276,335245046223,0.2734,19.9958,0.0042,14.4645,14.1556,0.3089,31691,0
2051,7513,7577,335250322103,335250791865,335265017187,335265353600,0.4698,20.0138,0.0138,14.5617,14.2253,0.3364,31693,0
2052,7514,7578,335270369896,335270668736,335285135198,335285443661,0.2988,20.0478,0.0478,14.7749,14.4665,0.3085,31695,0
2053,7515,7579,335290370684,335290733817,335305127796,335305361524,0.3631,20.0008,0.0008,14.6277,14.394,0.2337,31697,0
2054,7516,7580,335310376284,335310766957,335324958330,335325268227,0.3907,20.0056,0.0056,14.5013,14.1914,0.3099,31699,0
2055,7517,7581,335330363047,335330736008,335345146265,335345477456,0.373,19.9868,0.0132,14.7414,14.4103,0.3312,31700,0
2056,7518,7582,335350364552,335350726354,335365170498,335365620549,0.3618,20.0015,0.0015,14.8942,14.4441,0.4501,31702,0
2057,7519,7583,335370365340,335370767479,335385153165,335385511999,0.4021,20.0008,0.0008,14.7445,14.3857,0.3588,31704,0
2058,7520,7584,335390366640,335390787617,335405151599,335405459960,0.421,20.0013,0.0013,14.6723,14.364,0.3084,31706,0
2059,7521,7585,335410361900,335410719403,335424952444,335425362773,0.3575,19.9953,0.0047,14.6434,14.233,0.4103,31708,0
2060,7522,7586,335430325423,335430687840,335445141607,335445434509,0.3624,19.9635,0.0365,14.7467,14.4538,0.2929,31710,0
2061,7523,7587,335450373612,335450751488,335465145262,335465573609,0.3779,20.0482,0.0482,14.8221,14.3938,0.4283,31712,0
2062,7524,7588,335470370613,335470743165,335485168573,335485621389,0.3726,19.997,0.003,14.8782,14.4254,0.4528,31714,0
2063,7525,7589,335490372015,335490867420,335505162502,335505503112,0.4954,20.0014,0.0014,14.6357,14.2951,0.3406,31716,0
2064,7526,7590,335510355911,335510735834,335524876121,335525368250,0.3799,19.9839,0.0161,14.6324,14.1403,0.4921,31717,0
2065,7527,7591,335530348919,335530813201,335545165717,335545477764,0.4643,19.993,0.007,14.6646,14.3525,0.312,31719,0
2066,7528,7592,335550340186,335550716424,335565164970,335565572228,0.3762,19.9913,0.0087,14.8558,14.4485,0.4073,31721,0
2067,7529,7593,335570319885,335570747209,335585140675,335585448730,0.4273,19.9797,0.0203,14.7015,14.3935,0.3081,31723,0
2068,7530,7594,335590307569,335590647155,335605138904,335605422593,0.3396,19.9877,0.0123,14.7754,14.4917,0.2837,31725,0
2069,7531,7595,335610456395,335610781956,335624765810,335625038646,0.3256,20.1488,0.1488,14.2567,13.9839,0.2728,31727,0
2070,7532,7596,335630495268,335630946036,335645166075,335645638855,0.4508,20.0389,0.0389,14.6928,14.22,0.4728,31729,0
2071,7533,7597,335650483976,335650981940,335665165328,335665554977,0.498,19.9887,0.0113,14.573,14.1834,0.3896,31731,0
2072,7534,7598,335670468998,335670899803,335685142058,335685429841,0.4308,19.985,0.015,14.53,14.2423,0.2878,31733,0
2073,7535,7599,335690464565,335690843669,335705137625,335705443119,0.3791,19.9956,0.0044,14.5994,14.294,0.3055,31734,0
2074,7536,7600,335710468220,335710809854,335724752962,335725019041,0.3416,20.0037,0.0037,14.2092,13.9431,0.2661,31736,0
2075,7537,7601,335730458463,335730810847,335745133161,335745373237,0.3524,19.9902,0.0098,14.5624,14.3223,0.2401,31738,0
2076,7538,7602,335750459047,335750755635,335765129854,335765431254,0.2966,20.0006,0.0006,14.6756,14.3742,0.3014,31740,0
2077,7539,7603,335770371995,335770735436,335785129926,335785356180,0.3634,19.9129,0.0871,14.6207,14.3945,0.2263,31742,0
2078,7540,7604,335790475059,335790835121,335805143204,335805595099,0.3601,20.1031,0.1031,14.76,14.3081,0.4519,31744,0
2079,7541,7605,335810465916,335810820450,335825163240,335825539682,0.3545,19.9909,0.0091,14.7192,14.3428,0.3764,31746,0
2080,7542,7606,335830377124,335830770971,335844961321,335845315956,0.3938,19.9112,0.0888,14.545,14.1904,0.3546,31748,0
2081,7543,7607,335850462272,335850860521,335865148948,335865450655,0.3982,20.0851,0.0851,14.5901,14.2884,0.3017,31750,0
2082,7544,7608,335870368259,335870737637,335884765001,335885201949,0.3694,19.906,0.094,14.4643,14.0274,0.4369,31751,0
2083,7545,7609,335890372630,335890778455,335905152572,335905477211,0.4058,20.0044,0.0044,14.6988,14.3741,0.3246,31753,0
2084,7546,7610,335910376592,335910775148,335925145887,335925491104,0.3986,20.004,0.004,14.716,14.3707,0.3452,31755,0
2085,7547,7611,335930370419,335930758225,335944865854,335945242091,0.3878,19.9938,0.0062,14.4839,14.1076,0.3762,31757,0
2086,7548,7612,335950368545,335950746830,335965158725,335965515306,0.3783,19.9981,0.0019,14.7685,14.4119,0.3566,31759,0
2087,7549,7613,335970371791,335970795531,335984763312,335985097780,0.4237,20.0032,0.0032,14.3022,13.9678,0.3345,31761,0
2088,7550,7614,335990363979,335990728034,336005167263,336005621410,0.3641,19.9922,0.0078,14.8934,14.4392,0.4541,31763,0
2089,7551,7615,336010385755,336010893650,336025147269,336025451740,0.5079,20.0218,0.0218,14.5581,14.2536,0.3045,31765,0
2090,7552,7616,336030371289,336030703709,336044759330,336045058579,0.3324,19.9855,0.0145,14.3549,14.0556,0.2992,31767,0
2091,7553,7617,336050365116,336050699481,336065140451,336065427825,0.3344,19.9938,0.0062,14.7283,14.441,0.2874,31768,0
2092,7554,7618,336070361604,336070705900,336085132537,336085404554,0.3443,19.9965,0.0035,14.6987,14.4266,0.272,31770,0
2093,7555,7619,336090370071,336090702081,336105129026,336105368077,0.332,20.0085,0.0085,14.666,14.4269,0.2391,31772,0
2094,7556,7620,336110355298,336110629977,336125135547,336125391081,0.2747,19.9852,0.0148,14.7611,14.5056,0.2555,31774,0
2095,7557,7621,336130361103,336130699768,336144748939,336145004985,0.3387,20.0058,0.0058,14.3052,14.0492,0.256,31776,0
2096,7558,7622,336150338856,336150672505,336165140502,336165449068,0.3336,19.9778,0.0222,14.7766,14.468,0.3086,31778,0
2097,7559,7623,336170335652,336170647596,336184748161,336184980762,0.3119,19.9968,0.0032,14.3332,14.1006,0.2326,31780,0
2098,7560,7624,336190324155,336190593408,336205139315,336205432934,0.2693,19.9885,0.0115,14.8395,14.5459,0.2936,31782,0
2099,7561,7625,336210298427,336210603820,336225140717,336225401371,0.3054,19.9743,0.0257,14.7976,14.5369,0.2607,31784,0
2100,7562,7626,336230469777,336230831169,336244744895,336244950776,0.3614,20.1714,0.1714,14.1196,13.9137,0.2059,31785,0
2101,7563,7627,336250464729,336250775957,336264987015,336265233773,0.3112,19.995,0.005,14.4578,14.2111,0.2468,31787,0
2102,7564,7628,336270440157,336270783272,336285056472,336285262851,0.3431,19.9754,0.0246,14.4796,14.2732,0.2064,31789,0
2103,7565,7629,336290441194,336290771870,336305063526,336305310284,0.3307,20.001,0.001,14.5384,14.2917,0.2468,31791,0
2104,7566,7630,336310441620,336310733651,336325071090,336325327942,0.292,20.0004,0.0004,14.5943,14.3374,0.2569,31793,0
2105,7567,7631,336330434399,336330705323,336344929477,336345267596,0.2709,19.9928,0.0072,14.5623,14.2242,0.3381,31795,0
2106,7568,7632,336350440637,336350779164,336364755235,336365052058,0.3385,20.0062,0.0062,14.2729,13.9761,0.2968,31797,0
2107,7569,7633,336370441165,336370828024,336385075631,336385366743,0.3869,20.0005,0.0005,14.5387,14.2476,0.2911,31799,0
2108,7570,7634,336390437308,336390771553,336405088904,336405488101,0.3342,19.9961,0.0039,14.7165,14.3174,0.3992,31801,0
2109,7571,7635,336410459657,336410903617,336425088005,336425436932,0.444,20.0223,0.0223,14.5333,14.1844,0.3489,31802,0
2110,7572,7636,336430443769,336430891705,336445083842,336445391576,0.4479,19.9841,0.0159,14.4999,14.1921,0.3077,31804,0
2111,7573,7637,336450445316,336450815351,336464819667,336465067036,0.37,20.0015,0.0015,14.2517,14.0043,0.2474,31806,0
2112,7574,7638,336470367636,336470792835,336485070827,336485394365,0.4252,19.9223,0.0777,14.6015,14.278,0.3235,31808,0
2113,7575,7639,336490436380,336490876669,336505083183,336505418549,0.4403,20.0687,0.0687,14.5419,14.2065,0.3354,31810,0
2114,7576,7640,336510435378,336510805311,336525070557,336525374722,0.3699,19.999,0.001,14.5694,14.2652,0.3042,31812,0
2115,7577,7641,336530363816,336530716720,336544748057,336545004094,0.3529,19.9284,0.0716,14.2874,14.0313,0.256,31814,0
2116,7578,7642,336550366791,336550761502,336564771425,336565193259,0.3947,20.003,0.003,14.4318,14.0099,0.4218,31816,0
2117,7579,7643,336570374661,336570844112,336585140153,336585728700,0.4695,20.0079,0.0079,14.8846,14.296,0.5885,31818,0
2118,7580,7644,336590394970,336591024814,336605106522,336605520402,0.6298,20.0203,0.0203,14.4956,14.0817,0.4139,31819,0
2119,7581,7645,336610358994,336610825387,336625075950,336625365024,0.4664,19.964,0.036,14.5396,14.2506,0.2891,31821,0
2120,7582,7646,336630351365,336630707838,336645069850,336645351888,0.3565,19.9924,0.0076,14.6441,14.362,0.282,31823,0
2121,7583,7647,336650362599,336650729065,336665070582,336665376684,0.3665,20.0112,0.0112,14.6476,14.3415,0.3061,31825,0
2122,7584,7648,336670352829,336670724903,336684754812,336685043477,0.3721,19.9902,0.0098,14.3186,14.0299,0.2887,31827,0
2123,7585,7649,336690356925,336690735831,336705066030,336705353166,0.3789,20.0041,0.0041,14.6173,14.3302,0.2871,31829,0
2124,7586,7650,336710363062,336710684560,336725066252,336725382143,0.3215,20.0061,0.0061,14.6976,14.3817,0.3159,31831,0
2125,7587,7651,336730360123,336730715270,336745083401,336745411527,0.3551,19.9971,0.0029,14.6963,14.3681,0.3281,31833,0
2126,7588,7652,336750363302,336750722630,336765070163,336765327219,0.3593,20.0032,0.0032,14.6046,14.3475,0.2571,31835,0
2127,7589,7653,336770350370,336770670645,336784901428,336785142577,0.3203,19.9871,0.0129,14.4719,14.2308,0.2411,31836,0
2128,7590,7654,336790344168,336790625697,336804977716,336805214991,0.2815,19.9938,0.0062,14.5893,14.352,0.2373,31838,0
2129,7591,7655,336810357748,336810699436,336825061754,336825293829,0.3417,20.0136,0.0136,14.5944,14.3623,0.2321,31840,0
2130,7592,7656,336830331765,336830661523,336845058816,336845297926,0.3298,19.974,0.026,14.6364,14.3973,0.2391,31842,0
2131,7593,7657,336850323830,336850639007,336865075556,336865355045,0.3152,19.9921,0.0079,14.716,14.4365,0.2795,31844,0
2132,7594,7658,336870314875,336870725492,336884835750,336885126557,0.4106,19.991,0.009,14.4011,14.1103,0.2908,31846,0
2133,7595,7659,336890305410,336890676974,336905059992,336905298592,0.3716,19.9905,0.0095,14.6216,14.383,0.2386,31848,0
2134,7596,7660,336910407394,336910731340,336925057970,336925282194,0.3239,20.102,0.102,14.5509,14.3266,0.2242,31850,0
2135,7597,7661,336930432598,336930749508,336945062475,336945261717,0.3169,20.0252,0.0252,14.5122,14.313,0.1992,31852,0
2136,7598,7662,336950438020,336950782156,336965055661,336965274888,0.3441,20.0054,0.0054,14.4927,14.2735,0.2192,31853,0
2137,7599,7663,336970440282,336970731191,336984746315,336984999292,0.2909,20.0023,0.0023,14.2681,14.0151,0.253,31855,0
2138,7600,7664,336990442951,336990744159,337005066200,337005335289,0.3012,20.0027,0.0027,14.5911,14.322,0.2691,31857,0
2139,7601,7665,337010433792,337010738161,337025095789,337025509261,0.3044,19.9908,0.0092,14.7711,14.3576,0.4135,31859,0
2140,7602,7666,337030445638,337030859620,337045086222,337045353475,0.414,20.0118,0.0118,14.4939,14.2266,0.2673,31861,0
2141,7603,7667,337050441170,337050792443,337065078695,337065447811,0.3513,19.9955,0.0045,14.6554,14.2863,0.3691,31863,0
2142,7604,7668,337070445777,337070819482,337085083709,337085429272,0.3737,20.0046,0.0046,14.6098,14.2642,0.3456,31865,0
2143,7605,7669,337090441818,337090807672,337105065067,337105303362,0.3659,19.996,0.004,14.4957,14.2574,0.2383,31867,0
2144,7606,7670,337110440817,337110814318,337125074262,337125367313,0.3735,19.999,0.001,14.553,14.2599,0.2931,31869,0
2145,7607,7671,337130432881,337130752443,337145065919,337145337761,0.3196,19.9921,0.0079,14.5853,14.3135,0.2718,31870,0
2146,7608,7672,337150452987,337150816700,337165064000,337165315958,0.3637,20.0201,0.0201,14.4993,14.2473,0.252,31872,0
2147,7609,7673,337170434243,337170728211,337185065242,337185280492,0.294,19.9813,0.0187,14.5523,14.337,0.2152,31874,0
2148,7610,7674,337190434261,337190707020,337204758648,337205052514,0.2728,20.0,0.0,14.3455,14.0516,0.2939,31876,0
2149,7611,7675,337210447025,337210813083,337225109939,337225646892,0.3661,20.0128,0.0128,14.8338,14.2969,0.537,31878,0
2150,7612,7676,337230370875,337230792198,337245024918,337245448586,0.4213,19.9239,0.0761,14.6564,14.2327,0.4237,31880,0
2151,7613,7677,337250364979,337250808327,337265038340,337265366934,0.4433,19.9941,0.0059,14.5586,14.23,0.3286,31882,0
2152,7614,7678,337270351108,337270736499,337285010397,337285281075,0.3854,19.9861,0.0139,14.5446,14.2739,0.2707,31884,0
2153,7615,7679,337290356085,337290708860,337304843659,337305263292,0.3528,20.005,0.005,14.5544,14.1348,0.4196,31886,0
2154,7616,7680,337310356896,337310780795,337325015168,337325308098,0.4239,20.0008,0.0008,14.5273,14.2344,0.2929,31887,0
2155,7617,7681,337330353033,337330738322,337344951256,337345224271,0.3853,19.9961,0.0039,14.4859,14.2129,0.273,31889,0
2156,7618,7682,337350349881,337350672276,337365015367,337365313581,0.3224,19.9968,0.0032,14.6413,14.3431,0.2982,31891,0
2157,7619,7683,337370360243,337370885850,337385034569,337385358692,0.5256,20.0104,0.0104,14.4728,14.1487,0.3241,31893,0
2158,7620,7684,337390351503,337390733541,337404758301,337405083033,0.382,19.9913,0.0087,14.3495,14.0248,0.3247,31895,0
2159,7621,7685,337410360340,337410864204,337425038426,337425423309,0.5039,20.0088,0.0088,14.5591,14.1742,0.3849,31897,0
2160,7622,7686,337430346622,337430732622,337445010686,337445357670,0.386,19.9863,0.0137,14.625,14.2781,0.347,31899,0
2161,7623,7687,337450351090,337450693705,337465016882,337465312453,0.3426,20.0045,0.0045,14.6187,14.3232,0.2956,31901,0
2162,7624,7688,337470348853,337470672671,337485009666,337485280344,0.3238,19.9978,0.0022,14.6077,14.337,0.2707,31903,0
2163,7625,7689,337490359824,337490717477,337505000214,337505279427,0.3577,20.011,0.011,14.5619,14.2827,0.2792,31904,0
2164,7626,7690,337510345699,337510675207,337525008646,337525292228,0.3295,19.9859,0.0141,14.617,14.3334,0.2836,31906,0
2165,7627,7691,337530350981,337530707313,337545084340,337545317729,0.3563,20.0053,0.0053,14.6104,14.377,0.2334,31908,0
2166,7628,7692,337550342647,337550681808,337565006203,337565259405,0.3392,19.9917,0.0083,14.5776,14.3244,0.2532,31910,0
2167,7629,7693,337570332993,337570641265,337585019207,337585340180,0.3083,19.9903,0.0097,14.6989,14.3779,0.321,31912,0
2168,7630,7694,337590372211,337590943642,337605034141,337605439040,0.5714,20.0392,0.0392,14.4954,14.0905,0.4049,31914,0
2169,7631,7695,337610349042,337610821307,337624903880,337625366390,0.4723,19.9768,0.0232,14.5451,14.0826,0.4625,31916,0
2170,7632,7696,337630336949,337630808705,337644797395,337645187054,0.4718,19.9879,0.0121,14.3783,13.9887,0.3897,31918,0
2171,7633,7697,337650311952,337650657920,337664806335,337665096724,0.346,19.975,0.025,14.4388,14.1484,0.2904,31920,0
2172,7634,7698,337670311036,337670644710,337685009951,337685279511,0.3337,19.9991,0.0009,14.6348,14.3652,0.2696,31921,0
2173,7635,7699,337690323531,337690681286,337705040024,337705509748,0.3578,20.0125,0.0125,14.8285,14.3587,0.4697,31923,0
2174,7636,7700,337710310626,337710765312,337724769243,337725121713,0.4547,19.9871,0.0129,14.3564,14.0039,0.3525,31925,0
2175,7637,7701,337730442203,337730977768,337744793118,337745523563,0.5356,20.1316,0.1316,14.5458,13.8154,0.7304,31927,0
2176,7638,7702,337750335820,337750831555,337764786918,337765276455,0.4957,19.8936,0.1064,14.4449,13.9554,0.4895,31929,0
2177,7639,7703,337770364572,337770817938,337784818008,337785118863,0.4534,20.0288,0.0288,14.3009,14.0001,0.3009,31931,0
2178,7640,7704,337790414357,337790767133,337804802765,337805060031,0.3528,20.0498,0.0498,14.2929,14.0356,0.2573,31933,0
2179,7641,7705,337810350953,337810635145,337824805506,337825037472,0.2842,19.9366,0.0634,14.4023,14.1704,0.232,31935,0
2180,7642,7706,337830351561,337830648148,337844800424,337845027005,0.2966,20.0006,0.0006,14.3789,14.1523,0.2266,31937,0
2181,7643,7707,337850410084,337850751480,337864811802,337865072624,0.3414,20.0585,0.0585,14.3211,14.0603,0.2608,31938,0
2182,7644,7708,337870418718,337870760825,337884805805,337885056162,0.3421,20.0086,0.0086,14.2953,14.045,0.2504,31940,0
2183,7645,7709,337890428674,337890866087,337904849290,337905314137,0.4374,20.01,0.01,14.4481,13.9832,0.4648,31942,0
2184,7646,7710,337910417495,337910858668,337924824293,337925132566,0.4412,19.9888,0.0112,14.2739,13.9656,0.3083,31944,0
2185,7647,7711,337930358460,337930712963,337944807628,337945106959,0.3545,19.941,0.059,14.394,14.0947,0.2993,31946,0
2186,7648,7712,337950350228,337950690303,337964814230,337965083283,0.3401,19.9918,0.0082,14.393,14.1239,0.2691,31948,0
2187,7649,7713,337970352055,337970683697,337984808843,337985076372,0.3316,20.0018,0.0018,14.3927,14.1251,0.2675,31950,0
2188,7650,7714,337990325026,337990630860,338004809174,338005087994,0.3058,19.973,0.027,14.4571,14.1783,0.2788,31952,0
2189,7651,7715,338010322643,338010638361,338024828776,338025148661,0.3157,19.9976,0.0024,14.5103,14.1904,0.3199,31954,0
2190,7652,7716,338030318256,338030688660,338044761063,338045092637,0.3704,19.9956,0.0044,14.404,14.0724,0.3316,31955,0
2191,7653,7717,338050325457,338050819363,338064775582,338065259120,0.4939,20.0072,0.0072,14.4398,13.9562,0.4835,31957,0
2192,7654,7718,338070326966,338070824328,338084769671,338085195879,0.4974,20.0015,0.0015,14.3716,13.9453,0.4262,31959,0
2193,7655,7719,338090368422,338090843625,338104783581,338105196473,0.4752,20.0415,0.0415,14.3528,13.94,0.4129,31961,0
2194,7656,7720,338110361799,338110857941,338124761406,338125137400,0.4961,19.9934,0.0066,14.2795,13.9035,0.376,31963,0
2195,7657,7721,338130362088,338130794701,338144767183,338145201422,0.4326,20.0003,0.0003,14.4067,13.9725,0.4342,31965,0
2196,7658,7722,338150348553,338150815726,338164773775,338165136047,0.4672,19.9865,0.0135,14.3203,13.958,0.3623,31967,0
2197,7659,7723,338170360227,338170788366,338184795105,338185274068,0.4281,20.0117,0.0117,14.4857,14.0067,0.479,31969,0
2198,7660,7724,338190362040,338190754807,338204769575,338205156954,0.3928,20.0018,0.0018,14.4021,14.0148,0.3874,31971,0
2199,7661,7725,338210363244,338210798093,338224775150,338225179707,0.4348,20.0012,0.0012,14.3816,13.9771,0.4046,31972,0
2200,7662,7726,338230365261,338230810783,338244790889,338245251658,0.4455,20.002,0.002,14.4409,13.9801,0.4608,31974,0
2201,7663,7727,338250360468,338250822964,338264776519,338265186814,0.4625,19.9952,0.0048,14.3638,13.9536,0.4103,31976,0
2202,7664,7728,338270358927,338270997727,338284765777,338285124696,0.6388,19.9985,0.0015,14.127,13.7681,0.3589,31978,0
2203,7665,7729,338290357305,338290784118,338304761216,338305164114,0.4268,19.9984,0.0016,14.38,13.9771,0.4029,31980,0
2204,7666,7730,338310349401,338310798000,338324893657,338325239100,0.4486,19.9921,0.0079,14.4411,14.0957,0.3454,31982,0
2205,7667,7731,338330349400,338330730714,338344931251,338345336682,0.3813,20.0,0.0,14.606,14.2005,0.4054,31984,0
2206,7668,7732,338350349501,338350861534,338364973202,338365278111,0.512,20.0001,0.0001,14.4166,14.1117,0.3049,31986,0
2207,7669,7733,338370343724,338370759491,338384971681,338385295033,0.4158,19.9942,0.0058,14.5355,14.2122,0.3234,31988,0
2208,7670,7734,338390340785,338390728584,338404986070,338405396163,0.3878,19.9971,0.0029,14.6676,14.2575,0.4101,31989,0
2209,7671,7735,338410340379,338410729293,338425000763,338425532353,0.3889,19.9996,0.0004,14.8031,14.2715,0.5316,31991,0
2210,7672,7736,338430354464,338430824038,338445006234,338445466182,0.4696,20.0141,0.0141,14.6421,14.1822,0.4599,31993,0
2211,7673,7737,338450352436,338450793334,338464975834,338465350663,0.4409,19.998,0.002,14.5573,14.1825,0.3748,31995,0
2212,7674,7738,338470343620,338470709430,338484787557,338485194205,0.3658,19.9912,0.0088,14.4848,14.0781,0.4066,31997,0
2213,7675,7739,338490348179,338490779754,338504990526,338505324923,0.4316,20.0046,0.0046,14.5452,14.2108,0.3344,31999,0
2214,7676,7740,338510346253,338510766986,338524985458,338525416122,0.4207,19.9981,0.0019,14.6491,14.2185,0.4307,32001,0
2215,7677,7741,338530343618,338530721588,338545000962,338545411358,0.378,19.9974,0.0026,14.6898,14.2794,0.4104,32003,0
2216,7678,7742,338550347063,338550816334,338564984342,338565339513,0.4693,20.0034,0.0034,14.5232,14.168,0.3552,32005,0
2217,7679,7743,338570335003,338570738003,338584941073,338585352382,0.403,19.9879,0.0121,14.6144,14.2031,0.4113,32006,0
2218,7680,7744,338590332064,338590839537,338604895270,338605289048,0.5075,19.9971,0.0029,14.4495,14.0557,0.3938,32008,0
2219,7681,7745,338610329936,338610877739,338625006634,338625446822,0.5478,19.9979,0.0021,14.5691,14.1289,0.4402,32010,0
2220,7682,7746,338630320916,338630744993,338644772960,338645193592,0.4241,19.991,0.009,14.4486,14.028,0.4206,32012,0
2221,7683,7747,338650320105,338650722497,338664977145,338665353291,0.4024,19.9992,0.0008,14.6308,14.2546,0.3761,32014,0
2222,7684,7748,338670326691,338670744587,338684976638,338685341536,0.4179,20.0066,0.0066,14.5969,14.2321,0.3649,32016,0
2223,7685,7749,338690398130,338690800420,338704974813,338705323093,0.4023,20.0714,0.0714,14.5227,14.1744,0.3483,32018,0
2224,7686,7750,338710404716,338710829299,338724982007,338725381966,0.4246,20.0066,0.0066,14.5527,14.1527,0.4,32020,0
2225,7687,7751,338730411302,338730846728,338744982513,338745351971,0.4354,20.0066,0.0066,14.5052,14.1358,0.3695,32022,0
2226,7688,7752,338750357595,338750826157,338764993760,338765436786,0.4686,19.9463,0.0537,14.6106,14.1676,0.443,32023,0
2227,7689,7753,338770418394,338770905094,338784998016,338785466273,0.4867,20.0608,0.0608,14.5612,14.0929,0.4683,32025,0
2228,7690,7754,338790420319,338790940661,338805009972,338805469617,0.5203,20.0019,0.0019,14.529,14.0693,0.4596,32027,0
2229,7691,7755,338810430857,338811019497,338824989401,338825377302,0.5886,20.0105,0.0105,14.3578,13.9699,0.3879,32029,0
2230,7692,7756,338830408360,338830808725,338844988995,338845361190,0.4004,19.9775,0.0225,14.5525,14.1803,0.3722,32031,0
2231,7693,7757,338850408461,338850854628,338864990819,338865344165,0.4462,20.0001,0.0001,14.4895,14.1362,0.3533,32033,0
2232,7694,7758,338870401874,338870784708,338885032770,338885626477,0.3828,19.9934,0.0066,14.8418,14.2481,0.5937,32035,0
2233,7695,7759,338890425078,338890890701,338905006524,338905414286,0.4656,20.0232,0.0232,14.5236,14.1158,0.4078,32037,0
2234,7696,7760,338910413729,338910859896,338924993147,338925389256,0.4462,19.9887,0.0113,14.5294,14.1333,0.3961,32039,0
2235,7697,7761,338930401669,338930851383,338945006928,338945472652,0.4497,19.9879,0.0121,14.6213,14.1555,0.4657,32040,0
2236,7698,7762,338950408559,338950866582,338964989600,338965373853,0.458,20.0069,0.0069,14.5073,14.123,0.3843,32042,0
2237,7699,7763,338970396602,338970813990,338984984330,338985410838,0.4174,19.988,0.012,14.5968,14.1703,0.4265,32044,0
2238,7700,7764,338990402580,338990827264,339004975716,339005319841,0.4247,20.006,0.006,14.4926,14.1485,0.3441,32046,0
2239,7701,7765,339010404808,339010762208,339024752378,339025081912,0.3574,20.0022,0.0022,14.3197,13.9902,0.3295,32048,0
2240,7702,7766,339030401869,339030823108,339044927075,339045311835,0.4212,19.9971,0.0029,14.4887,14.104,0.3848,32050,0
2241,7703,7767,339050412812,339050957069,339064995778,339065441033,0.5443,20.0109,0.0109,14.484,14.0387,0.4453,32052,0
2242,7704,7768,339070353431,339070756532,339084994967,339085465048,0.4031,19.9406,0.0594,14.7085,14.2384,0.4701,32054,0
2243,7705,7769,339090362246,339090828578,339105002667,339105497575,0.4663,20.0088,0.0088,14.669,14.1741,0.4949,32056,0
2244,7706,7770,339110359611,339110902956,339124997296,339125412759,0.5433,19.9974,0.0026,14.5098,14.0943,0.4155,32057,0
2245,7707,7771,339130370149,339131033066,339145020703,339145612485,0.6629,20.0105,0.0105,14.5794,13.9876,0.5918,32059,0
2246,7708,7772,339150357178,339150845398,339165005705,339165553104,0.4882,19.987,0.013,14.7077,14.1603,0.5474,32061,0
2247,7709,7773,339170357785,339170839621,339185002057,339185414886,0.4818,20.0006,0.0006,14.5753,14.1624,0.4128,32063,0
2248,7710,7774,339190348665,339190794730,339204993747,339205389957,0.4461,19.9909,0.0091,14.5952,14.199,0.3962,32065,0
2249,7711,7775,339210352515,339210795135,339224987058,339225399583,0.4426,20.0038,0.0039,14.6044,14.1919,0.4125,32067,0
2250,7712,7776,339230349474,339230752676,339244968311,339245295717,0.4032,19.997,0.003,14.543,14.2156,0.3274,32069,0
2251,7713,7777,339250345319,339250742846,339264946504,339265299698,0.3975,19.9958,0.0042,14.5569,14.2037,0.3532,32071,0
2252,7714,7778,339270341826,339270726145,339284935741,339285314805,0.3843,19.9965,0.0035,14.5887,14.2096,0.3791,32073,0
2253,7715,7779,339290338440,339290777936,339304971262,339305493625,0.4395,19.9966,0.0034,14.7157,14.1933,0.5224,32074,0
2254,7716,7780,339310354457,339310908349,339324939884,339325555117,0.5539,20.016,0.016,14.6468,14.0315,0.6152,32076,0
2255,7717,7781,339330357236,339330887885,339344800577,339345321322,0.5306,20.0028,0.0028,14.4334,13.9127,0.5207,32078,0
2256,7718,7782,339350362642,339351048918,339364972524,339365618176,0.6863,20.0054,0.0054,14.5693,13.9236,0.6457,32080,0
2257,7719,7783,339370410997,339371046745,339384987834,339385661580,0.6357,20.0484,0.0484,14.6148,13.9411,0.6737,32082,0
2258,7720,7784,339390351323,339390853777,339404988693,339405592305,0.5025,19.9403,0.0597,14.7385,14.1349,0.6036,32084,0
2259,7721,7785,339410344703,339410900717,339424958325,339425424095,0.556,19.9934,0.0066,14.5234,14.0576,0.4658,32086,0
2260,7722,7786,339430339599,339430758278,339444955848,339445422630,0.4187,19.9949,0.0051,14.6644,14.1976,0.4668,32088,0
2261,7723,7787,339450327624,339450769848,339464969036,339465590939,0.4422,19.988,0.012,14.8211,14.1992,0.6219,32090,0
2262,7724,7788,339470332423,339470795870,339484963528,339485445064,0.4634,20.0048,0.0048,14.6492,14.1677,0.4815,32091,0
2263,7725,7789,339490337324,339490835837,339504780665,339505145076,0.4985,20.0049,0.0049,14.3092,13.9448,0.3644,32093,0
2264,7726,7790,339510317972,339510756861,339524922801,339525222940,0.4389,19.9806,0.0194,14.4661,14.1659,0.3001,32095,0
2265,7727,7791,339530328835,339530736498,339544923963,339545265939,0.4077,20.0109,0.0109,14.5294,14.1875,0.342,32097,0
2266,7728,7792,339550319285,339550678339,339564936847,339565274781,0.3591,19.9904,0.0095,14.5964,14.2585,0.3379,32099,0
2267,7729,7793,339570323781,339570717599,339584881316,339585197321,0.3938,20.0045,0.0045,14.4797,14.1637,0.316,32101,0
2268,7730,7794,339590326863,339590740691,339604937958,339605271446,0.4138,20.0031,0.0031,14.5308,14.1973,0.3335,32103,0
2269,7731,7795,339610317111,339610703653,339624967618,339625540711,0.3865,19.9902,0.0098,14.8371,14.264,0.5731,32105,0
2270,7732,7796,339630331814,339630901673,339644791526,339645211518,0.5699,20.0147,0.0147,14.3098,13.8899,0.42,32107,0
2271,7733,7797,339650300435,339650743367,339664778439,339665231072,0.4429,19.9686,0.0314,14.4877,14.0351,0.4526,32108,0
2272,7734,7798,339670332420,339670860643,339684744433,339685011728,0.5282,20.032,0.032,14.1511,13.8838,0.2673,32110,0
2273,7735,7799,339690396540,339690845737,339704757924,339705109803,0.4492,20.0641,0.0641,14.2641,13.9122,0.3519,32112,0
2274,7736,7800,339710385170,339710750895,339724762521,339725191406,0.3657,19.9886,0.0114,14.4405,14.0116,0.4289,32114,0
2275,7737,7801,339730385423,339730815015,339744749232,339745041084,0.4296,20.0003,0.0003,14.2261,13.9342,0.2919,32116,0
2276,7738,7802,339750339492,339750679649,339764770706,339765177662,0.3402,19.9541,0.0459,14.498,14.0911,0.407,32118,0
2277,7739,7803,339770403915,339770809254,339784786622,339785072209,0.4053,20.0644,0.0644,14.263,13.9774,0.2856,32120,0
2278,7740,7804,339790371728,339790705216,339804778184,339805026783,0.3335,19.9678,0.0322,14.3216,14.073,0.2486,32122,0
2279,7741,7805,339810385724,339810687884,339824740540,339824968322,0.3022,20.014,0.014,14.2804,14.0527,0.2278,32124,0
2280,7742,7806,339830384259,339830729772,339844729878,339844922694,0.3455,19.9985,0.0015,14.1929,14.0001,0.1928,32125,0
2281,7743,7807,339850385218,339850704154,339864733162,339864961651,0.3189,20.001,0.001,14.2575,14.029,0.2285,32127,0
2282,7744,7808,339870383348,339870685205,339884731797,339884948968,0.3019,19.9981,0.0019,14.2638,14.0466,0.2172,32129,0
2283,7745,7809,339890385622,339890664033,339904818049,339905052500,0.2784,20.0023,0.0023,14.3885,14.154,0.2345,32131,0
2284,7746,7810,339910371524,339910635080,339924913901,339925167654,0.2636,19.9859,0.0141,14.5326,14.2788,0.2538,32133,0
2285,7747,7811,339930380366,339930681616,339944786114,339945052500,0.3013,20.0088,0.0088,14.3709,14.1045,0.2664,32135,0
2286,7748,7812,339950381528,339950689650,339964911171,339965153000,0.3081,20.0012,0.0012,14.4634,14.2215,0.2418,32137,0
2287,7749,7813,339970399667,339970725474,339984904451,339985097671,0.3258,20.0181,0.0181,14.3722,14.179,0.1932,32139,0
2288,7750,7814,339990389005,339990717238,340004905612,340005132687,0.3282,19.9893,0.0107,14.4154,14.1884,0.2271,32141,0
2289,7751,7815,340010384508,340010721128,340024795612,340025058865,0.3366,19.9955,0.0045,14.3377,14.0745,0.2633,32142,0
2290,7752,7816,340030384659,340030735730,340044914707,340045173816,0.3511,20.0002,0.0002,14.4381,14.179,0.2591,32144,0
2291,7753,7817,340050386629,340050796819,340064924155,340065223182,0.4102,20.002,0.002,14.4264,14.1273,0.299,32146,0
2292,7754,7818,340070379201,340070761499,340084742909,340085011316,0.3823,19.9926,0.0074,14.2498,13.9814,0.2684,32148,0
2293,7755,7819,340090378746,340090722541,340104908794,340105133847,0.3438,19.9995,0.0005,14.4113,14.1863,0.2251,32150,0
2294,7756,7820,340110376371,340110674185,340124910663,340125168358,0.2978,19.9976,0.0024,14.4942,14.2365,0.2577,32152,0
2295,7757,7821,340130337110,340130620170,340144923648,340145213378,0.2831,19.9607,0.0393,14.5932,14.3035,0.2897,32154,0
2296,7758,7822,340150358988,340150833349,340164812738,340165416451,0.4744,20.0219,0.0219,14.5831,13.9794,0.6037,32156,0
2297,7759,7823,340170356916,340170911415,340184772669,340185205697,0.5545,19.9979,0.0021,14.2943,13.8613,0.433,32158,0
2298,7760,7824,340190345749,340190821727,340204925719,340205453235,0.476,19.9888,0.0112,14.6315,14.104,0.5275,32159,0
2299,7761,7825,340210383595,340211066435,340224964474,340225452780,0.6828,20.0378,0.0378,14.3863,13.898,0.4883,32161,0
2300,7762,7826,340230357774,340230953201,340244785148,340245323073,0.5954,19.9742,0.0258,14.3699,13.8319,0.5379,32163,0
2301,7763,7827,340250352974,340250842392,340264808146,340265246492,0.4894,19.9952,0.0048,14.4041,13.9658,0.4383,32165,0
2302,7764,7828,340270341105,340270805966,340284877799,340285169257,0.4649,19.9881,0.0119,14.3633,14.0718,0.2915,32167,0
2303,7765,7829,340290331215,340290660075,340304876075,340305151805,0.3289,19.9901,0.0099,14.4917,14.216,0.2757,32169,0
2304,7766,7830,340310328583,340310629920,340324923649,340325405144,0.3013,19.9974,0.0026,14.7752,14.2937,0.4815,32171,0
2305,7767,7831,340330358212,340330883864,340344916077,340345391221,0.5257,20.0296,0.0296,14.5074,14.0322,0.4751,32173,0
2306,7768,7832,340350329973,340350804310,340364783595,340365228897,0.4743,19.9718,0.0282,14.4246,13.9793,0.4453,32175,0
2307,7769,7833,340370330063,340370769115,340384883896,340385189669,0.4391,20.0001,0.0001,14.4206,14.1148,0.3058,32176,0
2308,7770,7834,340390326927,340390673027,340404875417,340405150139,0.3461,19.9969,0.0031,14.4771,14.2024,0.2747,32178,0
2309,7771,7835,340410324900,340410669891,340424877422,340425132788,0.345,19.998,0.002,14.4629,14.2075,0.2554,32180,0
2310,7772,7836,340430335072,340430717062,340444838699,340445306584,0.382,20.0102,0.0102,14.5895,14.1216,0.4679,32182,0
2311,7773,7837,340450348873,340450891059,340464919844,340465330970,0.5422,20.0138,0.0138,14.4399,14.0288,0.4111,32184,0
2312,7774,7838,340470330010,340470722485,340484843315,340485098378,0.3925,19.9811,0.0189,14.3759,14.1208,0.2551,32186,0
2313,7775,7839,340490341795,340490645350,340504874960,340505194445,0.3036,20.0118,0.0118,14.5491,14.2296,0.3195,32188,0
2314,7776,7840,340510340473,340510695848,340524874849,340525172355,0.3554,19.9987,0.0013,14.4765,14.179,0.2975,32190,0
2315,7777,7841,340530364860,340530684647,340544870705,340545138975,0.3198,20.0244,0.0244,14.4543,14.1861,0.2683,32192,0
2316,7778,7842,340550329161,340550671228,340564872005,340565119910,0.3421,19.9643,0.0357,14.4487,14.2008,0.2479,32193,0
2317,7779,7843,340570381776,340570791289,340584754846,340585082194,0.4095,20.0526,0.0526,14.2909,13.9636,0.3273,32195,0
2318,7780,7844,340590325813,340590642777,340604766329,340605188141,0.317,19.944,0.056,14.5454,14.1236,0.4218,32197,0
2319,7781,7845,340610336690,340610829476,340624837595,340625219181,0.4928,20.0109,0.0109,14.3897,14.0081,0.3816,32199,0
2320,7782,7846,340630330731,340630771194,340644838189,340645237116,0.4405,19.994,0.006,14.4659,14.067,0.3989,32201,0
2321,7783,7847,340650327898,340650802437,340664805816,340665198392,0.4745,19.9972,0.0028,14.396,14.0034,0.3926,32203,0
2322,7784,7848,340670320326,340670736694,340684803285,340685129625,0.4164,19.9924,0.0076,14.3929,14.0666,0.3263,32205,0
2323,7785,7849,340690302471,340690611672,340704784826,340705091305,0.3092,19.9821,0.0179,14.4796,14.1732,0.3065,32207,0
2324,7786,7850,340710300646,340710599463,340724737331,340724996427,0.2988,19.9982,0.0018,14.397,14.1379,0.2591,32209,0
2325,7787,7851,340730317975,340730674862,340744735203,340744997424,0.3569,20.0173,0.0173,14.3226,14.0603,0.2622,32210,0
2326,7788,7852,340750323308,340750704895,340764752936,340765044595,0.3816,20.0053,0.0053,14.3397,14.048,0.2917,32212,0
2327,7789,7853,340770371689,340770722628,340784734476,340784985103,0.3509,20.0484,0.0484,14.2625,14.0118,0.2506,32214,0
2328,7790,7854,340790366436,340790697917,340804809976,340805081472,0.3315,19.9947,0.0053,14.3836,14.1121,0.2715,32216,0
2329,7791,7855,340810372071,340810737224,340824875092,340825154251,0.3652,20.0056,0.0056,14.417,14.1379,0.2792,32218,0
2330,7792,7856,340830368229,340830699307,340844840300,340845113914,0.3311,19.9962,0.0038,14.4146,14.141,0.2736,32220,0
2331,7793,7857,340850367513,340850698591,340864860150,340865098075,0.3311,19.9993,0.0007,14.3995,14.1616,0.2379,32222,0
2332,7794,7858,340870382322,340870729531,340884875161,340885152706,0.3472,20.0148,0.0148,14.4232,14.1456,0.2775,32224,0
2333,7795,7859,340890373742,340890692924,340904874042,340905125980,0.3192,19.9914,0.0086,14.4331,14.1811,0.2519,32226,0
2334,7796,7860,340910374437,340910722553,340924873527,340925108931,0.3481,20.0007,0.0007,14.3864,14.151,0.2354,32227,0
2335,7797,7861,340930366563,340930685241,340944869181,340945084926,0.3187,19.9921,0.0079,14.3997,14.1839,0.2157,32229,0
2336,7798,7862,340950371290,340950674241,340964892056,340965168794,0.303,20.0047,0.0047,14.4946,14.2178,0.2767,32231,0
2337,7799,7863,340970367953,340970758714,340984880653,340985158904,0.3908,19.9967,0.0033,14.4002,14.1219,0.2783,32233,0
2338,7800,7864,340990334471,340990632281,341004812592,341005088625,0.2978,19.9665,0.0335,14.4563,14.1803,0.276,32235,0
2339,7801,7865,341010367730,341010661204,341024876297,341025128739,0.2935,20.0333,0.0333,14.4675,14.2151,0.2524,32237,0
2340,7802,7866,341030368122,341030705754,341044777587,341045023275,0.3376,20.0004,0.0004,14.3175,14.0718,0.2457,32239,0
2341,7803,7867,341050375975,341050743751,341064901681,341065262600,0.3678,20.0079,0.0079,14.5188,14.1579,0.3609,32241,0
2342,7804,7868,341070366992,341070729928,341084880196,341085189700,0.3629,19.991,0.009,14.4598,14.1503,0.3095,32243,0
2343,7805,7869,341090366074,341090662875,341104756283,341105112666,0.2968,19.9991,0.0009,14.4498,14.0934,0.3564,32244,0
2344,7806,7870,341110365055,341110749969,341124878058,341125174556,0.3849,19.999,0.001,14.4246,14.1281,0.2965,32246,0
2345,7807,7871,341130370388,341130825066,341144899319,341145268909,0.4547,20.0053,0.0053,14.4438,14.0743,0.3696,32248,0
2346,7808,7872,341150365437,341150683914,341164880658,341165181189,0.3185,19.995,0.005,14.4973,14.1967,0.3005,32250,0
2347,7809,7873,341170373190,341170754272,341184876917,341185116556,0.3811,20.0078,0.0078,14.3623,14.1226,0.2396,32252,0
2348,7810,7874,341190361585,341190663931,341204742015,341205061903,0.3023,19.9884,0.0116,14.398,14.0781,0.3199,32254,0
2349,7811,7875,341210360667,341210671078,341224886171,341225230859,0.3104,19.9991,0.0009,14.5598,14.2151,0.3447,32256,0
2350,7812,7876,341230369125,341230782368,341244879506,341245144248,0.4132,20.0085,0.0085,14.3619,14.0971,0.2647,32258,0
2351,7813,7877,341250324554,341250613794,341264835384,341265072308,0.2892,19.9554,0.0446,14.4585,14.2216,0.2369,32260,0
2352,7814,7878,341270354443,341270694788,341284836655,341285081727,0.3403,20.0299,0.0299,14.3869,14.1419,0.2451,32261,0
2353,7815,7879,341290332575,341290663161,341304827865,341305054426,0.3306,19.9781,0.0219,14.3913,14.1647,0.2266,32263,0
2354,7816,7880,341310334349,341310688677,341324831952,341325058312,0.3543,20.0018,0.0018,14.3696,14.1433,0.2264,32265,0
2355,7817,7881,341330332903,341330678278,341344866020,341345286345,0.3454,19.9986,0.0014,14.6081,14.1877,0.4203,32267,0
2356,7818,7882,341350334475,341350784278,341364828860,341365064173,0.4498,20.0016,0.0016,14.2799,14.0446,0.2353,32269,0
2357,7819,7883,341370330615,341370641382,341384837977,341385104177,0.3108,19.9961,0.0039,14.4628,14.1966,0.2662,32271,0
2358,7820,7884,341390334099,341390697683,341404840858,341405107962,0.3636,20.0035,0.0035,14.4103,14.1432,0.2671,32273,0
2359,7821,7885,341410332452,341410672193,341424788908,341425035289,0.3397,19.9984,0.0016,14.3631,14.1167,0.2464,32275,0
2360,7822,7886,341430325071,341430659279,341444845210,341445101147,0.3342,19.9926,0.0074,14.4419,14.1859,0.2559,32277,0
2361,7823,7887,341450330768,341450657028,341464868412,341465334915,0.3263,20.0057,0.0057,14.6779,14.2114,0.4665,32278,0
2362,7824,7888,341470343910,341470842908,341484846242,341485140711,0.499,20.0131,0.0131,14.2978,14.0033,0.2945,32280,0
2363,7825,7889,341490331699,341490721038,341504833428,341505086850,0.3893,19.9878,0.0122,14.3658,14.1124,0.2534,32282,0
2364,7826,7890,341510328342,341510634884,341524768903,341525042748,0.3065,19.9966,0.0034,14.4079,14.134,0.2738,32284,0
2365,7827,7891,341530320860,341530631828,341544841402,341545108406,0.311,19.9925,0.0075,14.4766,14.2096,0.267,32286,0
2366,7828,7892,341550323036,341550618813,341564837340,341565065310,0.2958,20.0022,0.0022,14.4465,14.2185,0.228,32288,0
2367,7829,7893,341570328029,341570684672,341584845150,341585121812,0.3566,20.005,0.005,14.4371,14.1605,0.2767,32290,0
2368,7830,7894,341590330104,341590634433,341604841592,341605071473,0.3043,20.0021,0.0021,14.437,14.2072,0.2299,32292,0
2369,7831,7895,341610325942,341610639325,341624763888,341625113589,0.3134,19.9958,0.0042,14.4743,14.1246,0.3497,32294,0
2370,7832,7896,341630381640,341630881845,341644870089,341645284277,0.5002,20.0557,0.0557,14.4024,13.9882,0.4142,32295,0
2371,7833,7897,341650334319,341650806556,341664853552,341665176291,0.4722,19.9527,0.0473,14.3697,14.047,0.3227,32297,0
2372,7834,7898,341670319291,341670660139,341684838525,341685134503,0.3408,19.985,0.015,14.4744,14.1784,0.296,32299,0
2373,7835,7899,341690324083,341690674991,341704834464,341705087685,0.3509,20.0048,0.0048,14.4127,14.1595,0.2532,32301,0
2374,7836,7900,341710331490,341710613082,341724841267,341725069237,0.2816,20.0074,0.0074,14.4562,14.2282,0.228,32303,0
2375,7837,7901,341730329441,341730663247,341744853001,341745120005,0.3338,19.998,0.002,14.4568,14.1898,0.267,32305,0
2376,7838,7902,341750320651,341750653551,341764847330,341765142906,0.3329,19.9912,0.0088,14.4894,14.1938,0.2956,32307,0
2377,7839,7903,341770320111,341770673031,341784859667,341785132506,0.3529,19.9995,0.0005,14.4595,14.1866,0.2728,32309,0
2378,7840,7904,341790326512,341790618064,341804840515,341805084883,0.2916,20.0064,0.0064,14.4668,14.2225,0.2444,32311,0
2379,7841,7905,341810320841,341810635130,341824853455,341825100439,0.3143,19.9943,0.0057,14.4653,14.2183,0.247,32313,0
2380,7842,7906,341830318892,341830667990,341844821023,341845067706,0.3491,19.9981,0.0019,14.3997,14.153,0.2467,32314,0
2381,7843,7907,341850332638,341850716746,341864835775,341865031551,0.3841,20.0137,0.0137,14.3148,14.119,0.1958,32316,0
2382,7844,7908,341870320629,341870658861,341884845899,341885094291,0.3382,19.988,0.012,14.4354,14.187,0.2484,32318,0
2383,7845,7909,341890314857,341890601580,341904838316,341905079364,0.2867,19.9942,0.0058,14.4778,14.2367,0.241,32320,0
2384,7846,7910,341910321560,341910605567,341924837675,341925059106,0.284,20.0067,0.0067,14.4535,14.2321,0.2214,32322,0
2385,7847,7911,341930315084,341930581284,341944787638,341944995587,0.2662,19.9935,0.0065,14.4143,14.2064,0.2079,32324,0
2386,7848,7912,341950341003,341950660623,341964835890,341965062854,0.3196,20.0259,0.0259,14.4022,14.1753,0.227,32326,0
2387,7849,7913,341970319839,341970603443,341984856075,341985197224,0.2836,19.9788,0.0212,14.5938,14.2526,0.3411,32328,0
2388,7850,7914,341990313262,341990675237,342004840041,342005095778,0.362,19.9934,0.0066,14.4205,14.1648,0.2557,32330,0
2389,7851,7915,342010301555,342010655180,342024837288,342025062541,0.3536,19.9883,0.0117,14.4074,14.1821,0.2253,32331,0
2390,7852,7916,342030299405,342030596792,342044762602,342045002644,0.2974,19.9978,0.0022,14.4059,14.1658,0.24,32333,0
2391,7853,7917,342050297959,342050592428,342064832082,342065039126,0.2945,19.9986,0.0014,14.4467,14.2397,0.207,32335,0
2392,7854,7918,342070346916,342070622572,342084833957,342085049854,0.2757,20.049,0.049,14.4273,14.2114,0.2159,32337,0
2393,7855,7919,342090331587,342090652817,342104840760,342105082513,0.3212,19.9847,0.0153,14.4297,14.1879,0.2418,32339,0
2394,7856,7920,342110362435,342110735980,342124850281,342125154106,0.3735,20.0308,0.0308,14.4181,14.1143,0.3038,32341,0
2395,7857,7921,342130352740,342130761295,342144742999,342145020768,0.4086,19.9903,0.0097,14.2595,13.9817,0.2778,32343,0
2396,7858,7922,342150355721,342150690432,342164853023,342165111979,0.3347,20.003,0.003,14.4215,14.1626,0.259,32345,0
2397,7859,7923,342170354980,342170687980,342184854696,342185162244,0.333,19.9993,0.0007,14.4743,14.1667,0.3075,32347,0
2398,7860,7924,342190361280,342190740157,342204869951,342205214219,0.3789,20.0063,0.0063,14.4741,14.1298,0.3443,32348,0
2399,7861,7925,342210371605,342210864668,342224863475,342225231586,0.4931,20.0103,0.0103,14.3669,13.9988,0.3681,32350,0
2400,7862,7926,342230367846,342230836964,342244853377,342245200663,0.4691,19.9962,0.0038,14.3637,14.0164,0.3473,32352,0
2401,7863,7927,342250349800,342250704733,342264829768,342265108131,0.3549,19.982,0.018,14.4034,14.125,0.2784,32354,0
2402,7864,7928,342270348736,342270679318,342284810584,342285113450,0.3306,19.9989,0.0011,14.4341,14.1313,0.3029,32356,0
2403,7865,7929,342290350540,342290704118,342304810279,342305086734,0.3536,20.0018,0.0018,14.3826,14.1062,0.2765,32358,0
2404,7866,7930,342310346620,342310648080,342324812785,342325123082,0.3015,19.9961,0.0039,14.475,14.1647,0.3103,32360,0
2405,7867,7931,342330341996,342330672980,342344816899,342345106208,0.331,19.9954,0.0046,14.4332,14.1439,0.2893,32362,0
2406,7868,7932,342350323716,342350644557,342364773514,342364985198,0.3208,19.9817,0.0183,14.3406,14.129,0.2117,32364,0
2407,7869,7933,342370334658,342370625373,342384800824,342385013212,0.2907,20.0109,0.0109,14.3878,14.1755,0.2124,32365,0
2408,7870,7934,342390338169,342390642843,342404801624,342405020338,0.3047,20.0035,0.0035,14.3775,14.1588,0.2187,32367,0
2409,7871,7935,342410342885,342410635106,342424804030,342425064719,0.2922,20.0047,0.0047,14.4296,14.1689,0.2607,32369,0
2410,7872,7936,342430337258,342430629881,342444801917,342445050958,0.2926,19.9944,0.0056,14.4211,14.172,0.249,32371,0
2411,7873,7937,342450341974,342450618228,342464774398,342465135006,0.2763,20.0047,0.0047,14.5168,14.1562,0.3606,32373,0
2412,7874,7938,342470341669,342470742243,342484896003,342485372394,0.4006,19.9997,0.0003,14.6302,14.1538,0.4764,32375,0
2413,7875,7939,342490348594,342490750072,342504838659,342505274782,0.4015,20.0069,0.0069,14.5247,14.0886,0.4361,32377,0
2414,7876,7940,342510352105,342510888848,342524858037,342525403918,0.5367,20.0035,0.0035,14.5151,13.9692,0.5459,32379,0
2415,7877,7941,342530379214,342530929715,342544868175,342545397086,0.5505,20.0271,0.0271,14.4674,13.9385,0.5289,32381,0
2416,7878,7942,342550375997,342550948791,342564784020,342565292947,0.5728,19.9968,0.0032,14.3442,13.8352,0.5089,32382,0
2417,7879,7943,342570370068,342570963951,342584844368,342585267939,0.5939,19.9941,0.0059,14.304,13.8804,0.4236,32384,0
2418,7880,7944,342590337629,342590734990,342604816548,342605099129,0.3974,19.9676,0.0324,14.3641,14.0816,0.2826,32386,0
2419,7881,7945,342610343952,342610739907,342624809214,342625110975,0.396,20.0063,0.0063,14.3711,14.0693,0.3018,32388,0
2420,7882,7946,342630339630,342630719317,342644821160,342645178654,0.3797,19.9957,0.0043,14.4593,14.1018,0.3575,32390,0
2421,7883,7947,342650325366,342650751548,342664828888,342665210985,0.4262,19.9857,0.0143,14.4594,14.0773,0.3821,32392,0
2422,7884,7948,342670325262,342670699426,342684807596,342685064369,0.3742,19.9999,0.0001,14.3649,14.1082,0.2568,32394,0
2423,7885,7949,342690329376,342690904279,342704814621,342705092985,0.5749,20.0041,0.0041,14.1887,13.9103,0.2784,32396,0
2424,7886,7950,342710329171,342710702029,342724810500,342725084244,0.3729,19.9998,0.0002,14.3822,14.1085,0.2737,32398,0
2425,7887,7951,342730328665,342730690979,342744803065,342745027604,0.3623,19.9995,0.0005,14.3366,14.1121,0.2245,32399,0
2426,7888,7952,342750316611,342750656532,342764806677,342765044069,0.3399,19.9879,0.0121,14.3875,14.1501,0.2374,32401,0
2427,7889,7953,342770313494,342770583523,342784821635,342785066860,0.27,19.9969,0.0031,14.4833,14.2381,0.2452,32403,0
2428,7890,7954,342790324938,342790649193,342804807774,342805005500,0.3243,20.0114,0.0114,14.3563,14.1586,0.1977,32405,0
2429,7891,7955,342810334976,342810678412,342824813092,342825106820,0.3434,20.01,0.01,14.4284,14.1347,0.2937,32407,0
2430,7892,7956,342830330052,342830745087,342844785573,342845039936,0.415,19.9951,0.0049,14.2948,14.0405,0.2544,32409,0
2431,7893,7957,342850325127,342850632713,342864819813,342865090042,0.3076,19.9951,0.0049,14.4573,14.1871,0.2702,32411,0
2432,7894,7958,342870324923,342870613730,342884778034,342885058306,0.2888,19.9998,0.0002,14.4446,14.1643,0.2803,32413,0
2433,7895,7959,342890318090,342890628990,342904809663,342905082101,0.3109,19.9932,0.0068,14.4531,14.1807,0.2724,32415,0
2434,7896,7960,342910317685,342910586107,342924808956,342925050666,0.2684,19.9996,0.0004,14.4646,14.2228,0.2417,32416,0
2435,7897,7961,342930326116,342930622355,342944812266,342945052871,0.2962,20.0084,0.0084,14.4305,14.1899,0.2406,32418,0
2436,7898,7962,342950319887,342950595539,342964808044,342965056081,0.2757,19.9938,0.0062,14.4605,14.2125,0.248,32420,0
2437,7899,7963,342970325205,342970590213,342984750500,342984979457,0.265,20.0053,0.0053,14.3892,14.1603,0.229,32422,0
2438,7900,7964,342990320682,342990615816,343004822296,343005117028,0.2951,19.9955,0.0045,14.5012,14.2065,0.2947,32424,0
2439,7901,7965,343010325900,343010696248,343024812451,343025089509,0.3703,20.0052,0.0052,14.3933,14.1162,0.2771,32426,0
2440,7902,7966,343030322984,343030652562,343044807627,343045049840,0.3296,19.9971,0.0029,14.3973,14.1551,0.2422,32428,0
2441,7903,7967,343050325290,343050658383,343064812444,343065070924,0.3331,20.0023,0.0023,14.4125,14.1541,0.2585,32430,0
2442,7904,7968,343070312935,343070612186,343084751787,343085099942,0.2993,19.9876,0.0124,14.4878,14.1396,0.3482,32432,0
2443,7905,7969,343090318354,343090675446,343104804302,343105063385,0.3571,20.0054,0.0054,14.3879,14.1289,0.2591,32433,0
2444,7906,7970,343110315438,343110625735,343124836935,343125214714,0.3103,19.9971,0.0029,14.589,14.2112,0.3778,32435,0
2445,7907,7971,343130318447,343130748645,343144808010,343145066491,0.4302,20.003,0.003,14.3178,14.0594,0.2585,32437,0
2446,7908,7972,343150320752,343150688188,343164775772,343165022503,0.3674,20.0023,0.0023,14.3343,14.0876,0.2467,32439,0
2447,7909,7973,343170316129,343170648519,343184797760,343185005428,0.3324,19.9954,0.0046,14.3569,14.1492,0.2077,32441,0
2448,7910,7974,343190317933,343190650121,343204842744,343205230063,0.3322,20.0018,0.0018,14.5799,14.1926,0.3873,32443,0
2449,7911,7975,343210321343,343210733767,343224822054,343225154945,0.4124,20.0034,0.0034,14.4212,14.0883,0.3329,32445,0
2450,7912,7976,343230331582,343230691286,343244824862,343245131242,0.3597,20.0102,0.0102,14.44,14.1336,0.3064,32447,0
2451,7913,7977,343250314306,343250729140,343264796827,343265099908,0.4148,19.9827,0.0173,14.3708,14.0677,0.3031,32449,0
2452,7914,7978,343270311625,343270636261,343284784786,343284993022,0.3246,19.9973,0.0027,14.3568,14.1485,0.2082,32450,0
2453,7915,7979,343290330062,343290796664,343304759511,343305004542,0.4666,20.0184,0.0184,14.2079,13.9628,0.245,32452,0
2454,7916,7980,343310310301,343310662508,343324877906,343325393934,0.3522,19.9802,0.0198,14.7314,14.2154,0.516,32454,0
2455,7917,7981,343330340569,343330950439,343344829671,343345293565,0.6099,20.0303,0.0303,14.3431,13.8792,0.4639,32456,0
2456,7918,7982,343350317800,343350777083,343364833471,343365314409,0.4593,19.9772,0.0228,14.5373,14.0564,0.4809,32458,0
2457,7919,7983,343370322602,343370776872,343384833661,343385342270,0.4543,20.0048,0.0048,14.5654,14.0568,0.5086,32460,0
2458,7920,7984,343390325099,343390826991,343404775902,343405150667,0.5019,20.0025,0.0025,14.3237,13.9489,0.3748,32462,0
2459,7921,7985,343410322081,343410742563,343424806070,343425148651,0.4205,19.997,0.003,14.4061,14.0635,0.3426,32464,0
2460,7922,7986,343430329088,343430822559,343444780293,343445055401,0.4935,20.007,0.007,14.2328,13.9577,0.2751,32466,0
2461,7923,7987,343450308926,343450641483,343464799231,343465251696,0.3326,19.9798,0.0202,14.6102,14.1577,0.4525,32467,0
2462,7924,7988,343470313628,343470719473,343484800825,343485138996,0.4058,20.0047,0.0047,14.4195,14.0814,0.3382,32469,0
2463,7925,7989,343490311713,343490656300,343504739658,343505003838,0.3446,19.9981,0.0019,14.3475,14.0834,0.2642,32471,0
2464,7926,7990,343510320325,343510686367,343524827373,343525247455,0.366,20.0086,0.0086,14.5611,14.141,0.4201,32473,0
2465,7927,7991,343530309587,343530783006,343544808013,343545132850,0.4734,19.9893,0.0107,14.3498,14.025,0.3248,32475,0
2466,7928,7992,343550300453,343550650054,343564784342,343565053836,0.3496,19.9909,0.0091,14.4038,14.1343,0.2695,32477,0
2467,7929,7993,343570313878,343570627786,343584783630,343585068263,0.3139,20.0134,0.0134,14.4405,14.1558,0.2846,32479,0
2468,7930,7994,343590314970,343590608727,343604734794,343604959974,0.2938,20.0011,0.0011,14.3512,14.1261,0.2252,32481,0
2469,7931,7995,343610297616,343610588164,343624780401,343625043378,0.2905,19.9826,0.0174,14.4552,14.1922,0.263,32483,0
2470,7932,7996,343630304022,343630645300,343644778486,343645050286,0.3413,20.0064,0.0064,14.405,14.1332,0.2718,32484,0
2471,7933,7997,343650299600,343650635766,343664791911,343665077145,0.3362,19.9956,0.0044,14.4414,14.1561,0.2852,32486,0
2472,7934,7998,343670317837,343670698417,343684786887,343685097287,0.3806,20.0182,0.0182,14.3989,14.0885,0.3104,32488,0
2473,7935,7999,343690334971,343690719360,343704778155,343705072513,0.3844,20.0171,0.0171,14.3532,14.0588,0.2944,32490,0
2474,7936,8000,343710336665,343710716443,343724742352,343725005530,0.3798,20.0017,0.0017,14.2891,14.0259,0.2632,32492,0
2475,7937,8001,343730322919,343730608455,343744782445,343745035798,0.2855,19.9863,0.0137,14.4273,14.174,0.2534,32494,0
2476,7938,8002,343750329927,343750700682,343764802988,343765075991,0.3708,20.007,0.007,14.3753,14.1023,0.273,32496,0
2477,7939,8003,343770326709,343770609236,343784791749,343785053623,0.2825,19.9968,0.0032,14.4444,14.1825,0.2619,32498,0
2478,7940,8004,343790332714,343790622259,343804787127,343805039877,0.2895,20.006,0.006,14.4176,14.1649,0.2527,32500,0
2479,7941,8005,343810326588,343810623954,343824752628,343825025631,0.2974,19.9939,0.0061,14.4017,14.1287,0.273,32501,0
2480,7942,8006,343830332593,343830631362,343844776579,343844992234,0.2988,20.006,0.006,14.3609,14.1452,0.2157,32503,0
2481,7943,8007,343850334388,343850645689,343864783687,343865070927,0.3113,20.0018,0.0018,14.4252,14.138,0.2872,32505,0
2482,7944,8008,343870333074,343870605776,343884779867,343885015474,0.2727,19.9987,0.0013,14.4097,14.1741,0.2356,32507,0
2483,7945,8009,343890338077,343890643864,343904778153,343905012255,0.3058,20.005,0.005,14.3684,14.1343,0.2341,32509,0
2484,7946,8010,343910334758,343910686564,343924747864,343925016055,0.3518,19.9967,0.0033,14.3295,14.0613,0.2682,32511,0
2485,7947,8011,343930331439,343930664497,343944791867,343945093845,0.3331,19.9967,0.0033,14.4293,14.1274,0.302,32513,0
2486,7948,8012,343950336743,343950763742,343964792559,343965106267,0.427,20.0053,0.0053,14.3425,14.0288,0.3137,32515,0
2487,7949,8013,343970342146,343970712099,343984801873,343985135933,0.37,20.0054,0.0054,14.4238,14.0898,0.3341,32517,0
2488,7950,8014,343990332812,343990717703,344004785922,344005063837,0.3849,19.9907,0.0093,14.3461,14.0682,0.2779,32518,0
2489,7951,8015,344010340321,344010722806,344024795636,344025132002,0.3825,20.0075,0.0075,14.4092,14.0728,0.3364,32520,0
2490,7952,8016,344030337805,344030773827,344044782793,344045058703,0.436,19.9975,0.0025,14.2849,14.009,0.2759,32522,0
2491,7953,8017,344050335488,344050700929,344064788297,344065081752,0.3654,19.9977,0.0023,14.3808,14.0874,0.2935,32524,0
2492,7954,8018,344070336280,344070738416,344084827788,344085277647,0.4021,20.0008,0.0008,14.5392,14.0894,0.4499,32526,0
2493,7955,8019,344090346797,344090789537,344104817251,344105159332,0.4427,20.0105,0.0105,14.3698,14.0277,0.3421,32528,0
2494,7956,8020,344110322424,344110705109,344124792277,344125104881,0.3827,19.9756,0.0244,14.3998,14.0872,0.3126,32530,0
2495,7957,8021,344130323717,344130769565,344144780837,344145124321,0.4458,20.0013,0.0013,14.3548,14.0113,0.3435,32532,0
2496,7958,8022,344150327717,344150671202,344164789549,344165094334,0.3435,20.004,0.004,14.4231,14.1183,0.3048,32534,0
2497,7959,8023,344170326604,344170645926,344184755952,344185040986,0.3193,19.9989,0.0011,14.3951,14.11,0.285,32535,0
2498,7960,8024,344190332108,344190676996,344204795043,344205102133,0.3449,20.0055,0.0055,14.4251,14.118,0.3071,32537,0
2499,7961,8025,344210325882,344210633474,344224784004,344225054902,0.3076,19.9938,0.0062,14.4214,14.1505,0.2709,32539,0
2500,7962,8026,344230331486,344230650909,344244753014,344245035141,0.3194,20.0056,0.0056,14.3842,14.1021,0.2821,32541,0
2501,7963,8027,344250328869,344250648492,344264765492,344265020589,0.3196,19.9974,0.0026,14.3721,14.117,0.2551,32543,0
2502,7964,8028,344270319465,344270645946,344284794037,344285125723,0.3265,19.9906,0.0094,14.4798,14.1481,0.3317,32545,0
2503,7965,8029,344290323582,344290632242,344304761811,344305071272,0.3087,20.0041,0.0041,14.439,14.1296,0.3095,32547,0
2504,7966,8030,344310322993,344310712747,344324749608,344324985783,0.3898,19.9994,0.0006,14.273,14.0369,0.2362,32549,0
2505,7967,8031,344330323605,344330683725,344344732300,344344984494,0.3601,20.0006,0.0006,14.3008,14.0486,0.2522,32551,0
2506,7968,8032,344350331326,344350737299,344364764649,344365119663,0.406,20.0077,0.0077,14.3824,14.0274,0.355,32552,0
2507,7969,8033,344370317521,344370663625,344384761357,344385031872,0.3461,19.9862,0.0138,14.3682,14.0977,0.2705,32554,0
2508,7970,8034,344390319135,344390668242,344404761368,344405046401,0.3491,20.0016,0.0016,14.3782,14.0931,0.285,32556,0
2509,7971,8035,344410322651,344410688978,344424755473,344425012673,0.3663,20.0035,0.0035,14.3237,14.0665,0.2572,32558,0
2510,7972,8036,344430322462,344430626516,344444760491,344445030806,0.3041,19.9998,0.0002,14.4043,14.134,0.2703,32560,0
2511,7973,8037,344450325477,344450687900,344464755997,344464999080,0.3624,20.003,0.003,14.3112,14.0681,0.2431,32562,0
2512,7974,8038,344470326690,344470826272,344484786845,344485165987,0.4996,20.0012,0.0012,14.3397,13.9606,0.3791,32564,0
2513,7975,8039,344490311885,344490949628,344504762228,344505035346,0.6377,19.9852,0.0148,14.0857,13.8126,0.2731,32566,0
2514,7976,8040,344510310695,344510625862,344524785266,344525231987,0.3152,19.9988,0.0012,14.6061,14.1594,0.4467,32568,0
2515,7977,8041,344530325323,344530825206,344544776868,344545151304,0.4999,20.0146,0.0146,14.3261,13.9517,0.3744,32569,0
2516,7978,8042,344550320530,344550686356,344564741138,344564993933,0.3658,19.9952,0.0048,14.3076,14.0548,0.2528,32571,0
2517,7979,8043,344570324346,344570660738,344584807327,344585138012,0.3364,20.0038,0.0038,14.4773,14.1466,0.3307,32573,0
2518,7980,8044,344590316148,344590686980,344604768793,344605027895,0.3708,19.9918,0.0082,14.3409,14.0818,0.2591,32575,0
2519,7981,8045,344610315959,344610598689,344624752786,344624968938,0.2827,19.9998,0.0002,14.3702,14.1541,0.2162,32577,0
2520,7982,8046,344630319174,344630603906,344644756402,344644967849,0.2847,20.0032,0.0032,14.3639,14.1525,0.2114,32579,0
2521,7983,8047,344650328397,344650755795,344664778740,344665162888,0.4274,20.0092,0.0092,14.4071,14.0229,0.3841,32581,0
2522,7984,8048,344670318497,344670696638,344684804882,344685383857,0.3781,19.9901,0.0099,14.6872,14.1082,0.579,32583,0
2523,7985,8049,344690319109,344690762927,344704769252,344705061192,0.4438,20.0006,0.0006,14.2983,14.0063,0.2919,32585,0
2524,7986,8050,344710317819,344710657015,344724751143,344724991323,0.3392,19.9987,0.0013,14.3343,14.0941,0.2402,32587,0
2525,7987,8051,344730309521,344730639206,344744761466,344745022871,0.3297,19.9917,0.0083,14.3837,14.1223,0.2614,32588,0
2526,7988,8052,344750324150,344750719711,344764753068,344764999956,0.3956,20.0146,0.0146,14.2802,14.0334,0.2469,32590,0
2527,7989,8053,344770317154,344770671767,344784746272,344784954414,0.3546,19.993,0.007,14.2826,14.0745,0.2081,32592,0
2528,7990,8054,344790317466,344790647650,344804781925,344805035521,0.3302,20.0003,0.0003,14.3879,14.1343,0.2536,32594,0
2529,7991,8055,344810321682,344810682503,344824771324,344825026021,0.3608,20.0042,0.0042,14.3435,14.0888,0.2547,32596,0
2530,7992,8056,344830315487,344830649075,344844756619,344844967865,0.3336,19.9938,0.0062,14.3188,14.1075,0.2112,32598,0
2531,7993,8057,344850322707,344850653692,344864751024,344864978089,0.331,20.0072,0.0072,14.3244,14.0973,0.2271,32600,0
2532,7994,8058,344870317412,344870625171,344884744428,344885262832,0.3078,19.9947,0.0053,14.6377,14.1193,0.5184,32602,0
2533,7995,8059,344890310616,344890612868,344904766966,344905007947,0.3023,19.9932,0.0068,14.3951,14.1541,0.241,32604,0
2534,7996,8060,344910307524,344910594859,344924755464,344924981327,0.2873,19.9969,0.0031,14.3865,14.1606,0.2259,32605,0
2535,7997,8061,344930308637,344930591867,344944776500,344944987246,0.2832,20.0011,0.0011,14.3954,14.1846,0.2107,32607,0
2536,7998,8062,344950322064,344950652449,344964754486,344964991262,0.3304,20.0134,0.0134,14.3388,14.102,0.2368,32609,0
2537,7999,8063,344970321074,344970621425,344984753597,344984983164,0.3004,19.999,0.001,14.3617,14.1322,0.2296,32611,0
2538,8000,8064,344990318383,344990613827,345004752807,345005007304,0.2954,19.9973,0.0027,14.3935,14.139,0.2545,32613,0
2539,8001,8065,345010311186,345010647678,345024760128,345025031844,0.3365,19.9928,0.0072,14.3842,14.1125,0.2717,32615,0
2540,8002,8066,345030318406,345030742200,345044774156,345045126266,0.4238,20.0072,0.0072,14.3841,14.032,0.3521,32617,0
2541,8003,8067,345050322322,345050690952,345064771965,345065083528,0.3686,20.0039,0.0039,14.3926,14.081,0.3116,32619,0
2542,8004,8068,345070319531,345070701876,345084787595,345085150317,0.3823,19.9972,0.0028,14.4484,14.0857,0.3627,32621,0
2543,8005,8069,345090321144,345090733125,345104759974,345105033493,0.412,20.0016,0.0016,14.3004,14.0268,0.2735,32622,0
2544,8006,8070,345110310944,345110608991,345124763390,345125067444,0.298,19.9898,0.0102,14.4585,14.1544,0.3041,32624,0
2545,8007,8071,345130313659,345130725739,345144745080,345144973046,0.4121,20.0027,0.0027,14.2473,14.0193,0.228,32626,0
2546,8008,8072,345150321580,345150675893,345164752100,345165025719,0.3543,20.0079,0.0079,14.3498,14.0762,0.2736,32628,0
2547,8009,8073,345170301969,345170657983,345184791357,345185108527,0.356,19.9804,0.0196,14.4505,14.1334,0.3172,32630,0
2548,8010,8074,345190314595,345190775933,345204776451,345205112443,0.4613,20.0126,0.0126,14.3365,14.0005,0.336,32632,0
2549,8011,8075,345210313806,345210657406,345224758542,345225039470,0.3436,19.9992,0.0008,14.3821,14.1011,0.2809,32634,0
2550,8012,8076,345230317221,345230650710,345244755951,345245013251,0.3335,20.0034,0.0034,14.3625,14.1052,0.2573,32636,0
2551,8013,8077,345250316031,345250669243,345264764829,345265126203,0.3532,19.9988,0.0012,14.457,14.0956,0.3614,32638,0
2552,8014,8078,345270316138,345270734508,345284759920,345285158491,0.4184,20.0001,0.0001,14.424,14.0254,0.3986,32639,0
2553,8015,8079,345290321628,345290705400,345304749311,345305043890,0.3838,20.0055,0.0055,14.3385,14.0439,0.2946,32641,0
2554,8016,8080,345310318818,345310624997,345324727703,345324974185,0.3062,19.9972,0.0028,14.3492,14.1027,0.2465,32643,0
2555,8017,8081,345330314709,345330646185,345344735692,345345006573,0.3315,19.9959,0.0041,14.3604,14.0895,0.2709,32645,0
2556,8018,8082,345350322299,345350700472,345364740182,345365006164,0.3782,20.0076,0.0076,14.3057,14.0397,0.266,32647,0
2557,8019,8083,345370302990,345370645166,345384739373,345384996855,0.3422,19.9807,0.0193,14.3517,14.0942,0.2575,32649,0
2558,8020,8084,345390319679,345390885840,345404739763,345404985346,0.5662,20.0167,0.0167,14.0995,13.8539,0.2456,32651,0
2559,8021,8085,345410302871,345410619849,345424737154,345424992536,0.317,19.9832,0.0168,14.3727,14.1173,0.2554,32653,0
2560,8022,8086,345430302261,345430617939,345444734144,345444981427,0.3157,19.9994,0.0006,14.3635,14.1162,0.2473,32655,0
2561,8023,8087,345450302952,345450603131,345464743334,345465018715,0.3002,20.0007,0.0007,14.4156,14.1402,0.2754,32657,0
2562,8024,8088,345470314841,345470688815,345484774422,345485482472,0.374,20.0119,0.0119,14.7937,14.0856,0.708,32658,0
2563,8025,8089,345490320631,345490768500,345504762513,345505117988,0.4479,20.0058,0.0058,14.3495,13.994,0.3555,32660,0
2564,8026,8090,345510308422,345510668097,345524751005,345525051683,0.3597,19.9878,0.0122,14.3836,14.0829,0.3007,32662,0
2565,8027,8091,345530314612,345530666488,345544751195,345545086971,0.3519,20.0062,0.0062,14.4205,14.0847,0.3358,32664,0
2566,8028,8092,345550307303,345550640080,345564745886,345565042065,0.3328,19.9927,0.0073,14.402,14.1058,0.2962,32666,0
2567,8029,8093,345570307294,345570641070,345584801772,345585185745,0.3338,20.0,0.0,14.5447,14.1607,0.384,32668,0
2568,8030,8094,345590307484,345590621662,345604733867,345605024147,0.3142,20.0002,0.0002,14.4025,14.1122,0.2903,32670,0
2569,8031,8095,345610306974,345610594154,345624746957,345625017538,0.2872,19.9995,0.0005,14.4234,14.1528,0.2706,32672,0
2570,8032,8096,345630313464,345630592445,345644746547,345645014628,0.279,20.0065,0.0065,14.4222,14.1541,0.2681,32674,0
2571,8033,8097,345650313255,345650620933,345664735938,345665023518,0.3077,19.9998,0.0002,14.4026,14.115,0.2876,32675,0
2572,8034,8098,345670319645,345670731916,345684755827,345685105202,0.4123,20.0064,0.0064,14.3733,14.0239,0.3494,32677,0
2573,8035,8099,345690325635,345690729606,345704748118,345705056796,0.404,20.006,0.006,14.3272,14.0185,0.3087,32679,0
2574,8036,8100,345710302427,345710669201,345724741009,345725044487,0.3668,19.9768,0.0232,14.3753,14.0718,0.3035,32681,0
2575,8037,8101,345730301417,345730643693,345744738099,345745004081,0.3423,19.999,0.001,14.3604,14.0944,0.266,32683,0
2576,8038,8102,345750297108,345750626084,345764739790,345764998671,0.329,19.9957,0.0043,14.3726,14.1137,0.2589,32685,0
2577,8039,8103,345770301498,345770639374,345784747879,345785052458,0.3379,20.0044,0.0044,14.4131,14.1085,0.3046,32687,0
2578,8040,8104,345790301488,345790655163,345804736371,345805019751,0.3537,20.0,0.0,14.3646,14.0812,0.2834,32689,0
2579,8041,8105,345810300178,345810595458,345824738361,345824996443,0.2953,19.9987,0.0013,14.401,14.1429,0.2581,32691,0
2580,8042,8106,345830308868,345830605347,345844729752,345844955236,0.2965,20.0087,0.0087,14.3499,14.1244,0.2255,32692,0
2581,8043,8107,345850311558,345850625836,345864736842,345864989824,0.3143,20.0027,0.0027,14.364,14.111,0.253,32694,0
2582,8044,8108,345870313649,345870625727,345884727333,345884949717,0.3121,20.0021,0.0021,14.324,14.1016,0.2224,32696,0
2583,8045,8109,345890311939,345890614318,345904754721,345905097197,0.3024,19.9983,0.0017,14.4829,14.1404,0.3425,32698,0
2584,8046,8110,345910298130,345910708502,345924737513,345925014893,0.4104,19.9862,0.0138,14.3064,14.029,0.2774,32700,0
2585,8047,8111,345930301521,345930670695,345944745103,345945056181,0.3692,20.0034,0.0034,14.3855,14.0744,0.3111,32702,0
2586,8048,8112,345950306511,345950682784,345964746193,345965033373,0.3763,20.005,0.005,14.3506,14.0634,0.2872,32704,0
2587,8049,8113,345970316100,345970735771,345984756982,345985049662,0.4197,20.0096,0.0096,14.3139,14.0212,0.2927,32706,0
2588,8050,8114,345990316591,345990655767,346004740774,346004976157,0.3392,20.0005,0.0005,14.3204,14.085,0.2354,32708,0
2589,8051,8115,346010309925,346010620524,346024718868,346024939025,0.3106,19.9933,0.0067,14.3185,14.0983,0.2202,32709,0
2590,8052,8116,346030316733,346030656712,346044727774,346044997798,0.34,20.0068,0.0068,14.3411,14.0711,0.27,32711,0
2591,8053,8117,346050309948,346050699795,346064734481,346065013699,0.3898,19.9932,0.0068,14.3139,14.0347,0.2792,32713,0
2592,8054,8118,346070310260,346070703005,346084732194,346084996422,0.3927,20.0003,0.0003,14.2934,14.0292,0.2642,32715,0
2593,8055,8119,346090314668,346090657146,346104721412,346104969151,0.3425,20.0044,0.0044,14.312,14.0643,0.2477,32717,0
2594,8056,8120,346110326072,346110646864,346124726720,346124968363,0.3208,20.0114,0.0114,14.3215,14.0799,0.2416,32719,0
2595,8057,8121,346130330981,346130664664,346144715739,346144915209,0.3337,20.0049,0.0049,14.2505,14.0511,0.1995,32721,0
2596,8058,8122,346150324297,346150617306,346164724145,346164933809,0.293,19.9933,0.0067,14.3165,14.1068,0.2097,32723,0
2597,8059,8123,346170307819,346170634706,346184733350,346184994081,0.3269,19.9835,0.0165,14.3594,14.0986,0.2607,32725,0
2598,8060,8124,346190324120,346190643412,346204721370,346204929335,0.3193,20.0163,0.0163,14.2859,14.078,0.208,32726,0
2599,8061,8125,346210305943,346210584362,346224739769,346225082746,0.2784,19.9818,0.0182,14.4984,14.1554,0.343,32728,0
2600,8062,8126,346230313450,346230640837,346244733285,346245010205,0.3274,20.0075,0.0075,14.3694,14.0924,0.2769,32730,0
2601,8063,8127,346250306366,346250579088,346264714426,346264980265,0.2727,19.9929,0.0071,14.4012,14.1353,0.2658,32732,0
2602,8064,8128,346270306026,346270600016,346284736792,346284962201,0.294,19.9997,0.0003,14.3622,14.1368,0.2254,32734,0
2603,8065,8129,346290308327,346290611002,346304719527,346304979876,0.3027,20.0023,0.0023,14.3689,14.1085,0.2603,32736,0
2604,8066,8130,346310302941,346310579062,346324703560,346324958218,0.2761,19.9946,0.0054,14.3792,14.1245,0.2547,32738,0
2605,8067,8131,346330303346,346330654537,346344703864,346344916895,0.3512,20.0004,0.0004,14.2624,14.0493,0.213,32740,0
2606,8068,8132,346350358355,346350674906,346364712854,346364964817,0.3166,20.055,0.055,14.2899,14.0379,0.252,32742,0
2607,8069,8133,346370309944,346370661435,346384716552,346385031806,0.3515,19.9516,0.0484,14.3704,14.0551,0.3153,32743,0
2608,8070,8134,346390306855,346390624603,346404718754,346404980000,0.3177,19.9969,0.0031,14.3554,14.0942,0.2612,32745,0
2609,8071,8135,346410304763,346410628402,346424699193,346424924901,0.3236,19.9979,0.0021,14.2965,14.0708,0.2257,32747,0
2610,8072,8136,346430307963,346430679918,346444734936,346445110085,0.372,20.0032,0.0032,14.4302,14.055,0.3751,32749,0
2611,8073,8137,346450312160,346450730036,346464734142,346465037316,0.4179,20.0042,0.0042,14.3073,14.0041,0.3032,32751,0
2612,8074,8138,346470308672,346470748808,346484747424,346485136349,0.4401,19.9965,0.0035,14.3875,13.9986,0.3889,32753,0
2613,8075,8139,346490313169,346490725154,346504707997,346504979426,0.412,20.0045,0.0045,14.2543,13.9828,0.2714,32755,0
2614,8076,8140,346510305387,346510646995,346524718185,346525042622,0.3416,19.9922,0.0078,14.3956,14.0712,0.3244,32757,0
2615,8077,8141,346530307389,346530643306,346544711102,346545032245,0.3359,20.002,0.002,14.3889,14.0678,0.3211,32759,0
2616,8078,8142,346550304898,346550655989,346564709210,346565015679,0.3511,19.9975,0.0025,14.3597,14.0532,0.3065,32760,0
2617,8079,8143,346570309196,346570674961,346584705821,346584951395,0.3658,20.0043,0.0043,14.2764,14.0309,0.2456,32762,0
2618,8080,8144,346590306705,346590609879,346604699337,346604953197,0.3032,19.9975,0.0025,14.3433,14.0895,0.2539,32764,0
2619,8081,8145,346610303016,346610581034,346624710723,346624947212,0.278,19.9963,0.0037,14.3662,14.1297,0.2365,32766,0
2620,8082,8146,346630309111,346630641035,346644704938,346644980859,0.3319,20.0061,0.0061,14.3398,14.0639,0.2759,32768,0
2621,8083,8147,346650303026,346650641839,346664732994,346665108942,0.3388,19.9939,0.0061,14.4671,14.0912,0.3759,32770,0
2622,8084,8148,346670309720,346670712521,346684724813,346685200089,0.4028,20.0067,0.0067,14.4876,14.0123,0.4753,32772,0
2623,8085,8149,346690303236,346690700846,346704723221,346705029290,0.3976,19.9935,0.0065,14.3284,14.0224,0.3061,32774,0
2624,8086,8150,346710302442,346710605217,346724739997,346725093384,0.3028,19.9992,0.0008,14.4882,14.1348,0.3534,32776,0
2625,8087,8151,346730303246,346730654537,346744713049,346744987572,0.3513,20.0008,0.0008,14.333,14.0585,0.2745,32777,0
2626,8088,8152,346750406572,346750756165,346764700875,346764942655,0.3496,20.1033,0.1033,14.1865,13.9447,0.2418,32779,0
2627,8089,8153,346770306351,346770663930,346784706869,346784924891,0.3576,19.8998,0.1002,14.261,14.0429,0.218,32781,0
2628,8090,8154,346790306555,346790667729,346804706575,346804946059,0.3612,20.0002,0.0002,14.2783,14.0388,0.2395,32783,0
2629,8091,8155,346810304264,346810627803,346824704583,346824934484,0.3235,19.9977,0.0023,14.3067,14.0768,0.2299,32785,0
2630,8092,8156,346830304968,346830636892,346844704389,346844924806,0.3319,20.0007,0.0007,14.2879,14.0675,0.2204,32787,0
2631,8093,8157,346850307169,346850593872,346864698703,346864934494,0.2867,20.0022,0.0022,14.3406,14.1048,0.2358,32789,0
2632,8094,8158,346870305477,346870627419,346884706096,346884947477,0.3219,19.9983,0.0017,14.3201,14.0787,0.2414,32791,0
2633,8095,8159,346890305382,346890627324,346904697216,346904943389,0.3219,19.9999,0.0001,14.3161,14.0699,0.2462,32793,0
2634,8096,8160,346910305487,346910604069,346924698419,346924920035,0.2986,20.0001,0.0001,14.316,14.0944,0.2216,32794,0
2635,8097,8161,346930309485,346930631327,346944712899,346944957574,0.3218,20.004,0.004,14.3262,14.0816,0.2447,32796,0
2636,8098,8162,346950306995,346950634926,346964698828,346964905170,0.3279,19.9975,0.0025,14.2702,14.0639,0.2063,32798,0
2637,8099,8163,346970309894,346970581224,346984699332,346984892797,0.2713,20.0029,0.0029,14.3116,14.1181,0.1935,32800,0
2638,8100,8164,346990304708,346990611177,347004702632,347004919755,0.3065,19.9948,0.0052,14.3086,14.0915,0.2171,32802,0
2639,8101,8165,347010305412,347010606091,347024701938,347024925949,0.3007,20.0007,0.0007,14.3199,14.0958,0.224,32804,0
2640,8102,8166,347030304918,347030603201,347044711327,347044931644,0.2983,19.9995,0.0005,14.3284,14.1081,0.2203,32806,0
2641,8103,8167,347050315006,347050678176,347064714027,347064981363,0.3632,20.0101,0.0101,14.3032,14.0359,0.2673,32808,0
2642,8104,8168,347070312415,347070638350,347084705846,347084922870,0.3259,19.9974,0.0026,14.2845,14.0675,0.217,32810,0
2643,8105,8169,347090310124,347090626575,347104700760,347104923573,0.3165,19.9977,0.0023,14.297,14.0742,0.2228,32811,0
2644,8106,8170,347110306236,347110619792,347124709450,347124943144,0.3136,19.9961,0.0039,14.3234,14.0897,0.2337,32813,0
2645,8107,8171,347130305143,347130670908,347144735510,347145086301,0.3658,19.9989,0.0011,14.4154,14.0646,0.3508,32815,0
2646,8108,8172,347150316328,347150697667,347164704868,347164951939,0.3813,20.0112,0.0112,14.2543,14.0072,0.2471,32817,0
2647,8109,8173,347170305153,347170647159,347184705771,347184926988,0.342,19.9888,0.0112,14.2798,14.0586,0.2212,32819,0
2648,8110,8174,347190308053,347190647065,347204745008,347205176759,0.339,20.0029,0.0029,14.5297,14.0979,0.4318,32821,0
2649,8111,8175,347210309555,347210759175,347224717561,347225030218,0.4496,20.0015,0.0015,14.271,13.9584,0.3127,32823,0
2650,8112,8176,347230309061,347230651367,347244732839,347244978214,0.3423,19.9995,0.0005,14.3268,14.0815,0.2454,32825,0
2651,8113,8177,347250306970,347250625317,347264732534,347264971293,0.3183,19.9979,0.0021,14.346,14.1072,0.2388,32827,0
2652,8114,8178,347270304466,347270636076,347284730912,347284933767,0.3316,19.9975,0.0025,14.2977,14.0948,0.2029,32828,0
2653,8115,8179,347290308429,347290679731,347304730586,347304948800,0.3713,20.004,0.004,14.2691,14.0509,0.2182,32830,0
2654,8116,8180,347310306507,347310623057,347324733152,347324990062,0.3165,19.9981,0.0019,14.367,14.1101,0.2569,32832,0
2655,8117,8181,347330301294,347330654446,347344734721,347345130259,0.3532,19.9948,0.0052,14.4758,14.0803,0.3955,32834,0
2656,8118,8182,347350307850,347350717051,347364702182,347365005667,0.4092,20.0066,0.0066,14.2886,13.9851,0.3035,32836,0
2657,8119,8183,347370312910,347370662471,347384698465,347384973227,0.3496,20.0051,0.0051,14.3108,14.036,0.2748,32838,0
2658,8120,8184,347390309292,347390652072,347404693551,347404928221,0.3428,19.9964,0.0036,14.2761,14.0415,0.2347,32840,0
2659,8121,8185,347410307570,347410570963,347424693824,347424943653,0.2634,19.9983,0.0017,14.3727,14.1229,0.2498,32842,0
2660,8122,8186,347430310635,347430645236,347444692800,347444946219,0.3346,20.0031,0.0031,14.301,14.0476,0.2534,32844,0
2661,8123,8187,347450312703,347450632145,347464691875,347464906399,0.3194,20.0021,0.0021,14.2743,14.0597,0.2145,32845,0
2662,8124,8188,347470321452,347470711904,347484714887,347485067839,0.3905,20.0087,0.0087,14.3559,14.003,0.353,32847,0
2663,8125,8189,347490311153,347490696219,347504683444,347504907343,0.3851,19.9897,0.0103,14.2111,13.9872,0.2239,32849,0
2664,8126,8190,347510305641,347510596360,347524722812,347525038264,0.2907,19.9945,0.0055,14.4419,14.1265,0.3155,32851,0
2665,8127,8191,347530309404,347530674125,347544705033,347544993957,0.3647,20.0038,0.0038,14.3198,14.0309,0.2889,32853,0
2666,8128,8192,347550307582,347550673300,347564696828,347564947854,0.3657,19.9982,0.0018,14.2746,14.0235,0.251,32855,0
2667,8129,8193,347570308154,347570625302,347584693710,347584956005,0.3171,20.0006,0.0006,14.3307,14.0684,0.2623,32857,0
2668,8130,8194,347590308028,347590612809,347604693882,347604913891,0.3048,19.9999,0.0001,14.3011,14.0811,0.22,32859,0
2669,8131,8195,347610310195,347610586453,347624692260,347624912069,0.2763,20.0022,0.0022,14.3256,14.1058,0.2198,32861,0
2670,8132,8196,347630307775,347630593008,347644711780,347645099738,0.2852,19.9976,0.0024,14.5067,14.1188,0.388,32862,0
2671,8133,8197,347650336471,347650942243,347664729706,347665127637,0.6058,20.0287,0.0287,14.1854,13.7875,0.3979,32864,0
2672,8134,8198,347670340034,347670898135,347684771666,347685404466,0.5581,20.0036,0.0036,14.5063,13.8735,0.6328,32866,0
2673,8135,8199,347690329536,347691255249,347704778920,347705328045,0.9257,19.9895,0.0105,14.0728,13.5237,0.5491,32868,0
2674,8136,8200,347710325320,347710771821,347724708681,347725026528,0.4465,19.9958,0.0042,14.2547,13.9369,0.3178,32870,0
2675,8137,8201,347730302554,347730624889,347744702870,347744972646,0.3223,19.9772,0.0228,14.3478,14.078,0.2698,32872,0
2676,8138,8202,347750314396,347750703650,347764732464,347765186544,0.3893,20.0118,0.0118,14.4829,14.0288,0.4541,32874,0
2677,8139,8203,347770327633,347770820410,347784741313,347785240772,0.4928,20.0132,0.0132,14.4204,13.9209,0.4995,32876,0
2678,8140,8204,347790328803,347790897974,347804797735,347805271263,0.5692,20.0012,0.0012,14.3733,13.8998,0.4735,32878,0
2679,8141,8205,347810324588,347810746554,347824769185,347825320205,0.422,19.9958,0.0042,14.5737,14.0226,0.551,32880,0
2680,8142,8206,347830307706,347830718603,347844747516,347845022976,0.4109,19.9831,0.0169,14.3044,14.0289,0.2755,32882,0
2681,8143,8207,347850308478,347850673896,347864733128,347864976474,0.3654,20.0008,0.0008,14.3026,14.0592,0.2433,32883,0
2682,8144,8208,347870310545,347870616723,347884744471,347885010755,0.3062,20.0021,0.0021,14.394,14.1277,0.2663,32885,0
2683,8145,8209,347890311416,347890688702,347904738460,347904997664,0.3773,20.0009,0.0009,14.309,14.0498,0.2592,32887,0
2684,8146,8210,347910307001,347910596523,347924725169,347924949865,0.2895,19.9956,0.0044,14.3533,14.1286,0.2247,32889,0
2685,8147,8211,347930310265,347930858991,347944689139,347944894587,0.5487,20.0033,0.0033,14.0356,13.8301,0.2054,32891,0
2686,8148,8212,347950310538,347950618810,347964697689,347964955596,0.3083,20.0003,0.0003,14.3368,14.0789,0.2579,32893,0
2687,8149,8213,347970307818,347970641622,347984727482,347985001945,0.3338,19.9973,0.0027,14.3603,14.0859,0.2745,32895,0
2688,8150,8214,347990314174,347990653363,348004720175,348004940683,0.3392,20.0064,0.0064,14.2873,14.0668,0.2205,32897,0
2689,8151,8215,348010305371,348010568863,348024732814,348024959505,0.2635,19.9912,0.0088,14.3906,14.164,0.2267,32899,0
2690,8152,8216,348030306541,348030606037,348044743957,348045089629,0.2995,20.0012,0.0012,14.4836,14.1379,0.3457,32900,0
2691,8153,8217,348050314493,348050705642,348064777740,348065219653,0.3911,20.008,0.008,14.514,14.0721,0.4419,32902,0
2692,8154,8218,348070312472,348070961029,348084762654,348085170458,0.6486,19.998,0.002,14.2094,13.8016,0.4078,32904,0
2693,8155,8219,348090317631,348090737104,348104739290,348105080174,0.4195,20.0052,0.0052,14.3431,14.0022,0.3409,32906,0
2694,8156,8220,348110302844,348110629068,348124748937,348125121237,0.3262,19.9852,0.0148,14.4922,14.1199,0.3723,32908,0
2695,8157,8221,348130303914,348130761984,348144708519,348145057381,0.4581,20.0011,0.0011,14.2954,13.9465,0.3489,32910,0
2696,8158,8222,348150343381,348150745202,348164707594,348165028632,0.4018,20.0395,0.0395,14.2834,13.9624,0.321,32912,0
2697,8159,8223,348170308548,348170626693,348184694602,348184957895,0.3181,19.9652,0.0348,14.3312,14.0679,0.2633,32914,0
2698,8160,8224,348190312810,348190642724,348204692581,348204969637,0.3299,20.0043,0.0043,14.3269,14.0499,0.2771,32916,0
2699,8161,8225,348210309093,348210613276,348224696543,348224943879,0.3042,19.9963,0.0037,14.3306,14.0833,0.2473,32918,0
2700,8162,8226,348230306673,348230667902,348244730625,348244996112,0.3612,19.9976,0.0024,14.3282,14.0627,0.2655,32919,0
2701,8163,8227,348250311632,348250665781,348264690627,348264960178,0.3541,20.005,0.005,14.2944,14.0248,0.2696,32921,0
2702,8164,8228,348270294997,348270616665,348284699586,348284947613,0.3217,19.9834,0.0166,14.3309,14.0829,0.248,32923,0
2703,8165,8229,348290299871,348290641368,348304688217,348305014169,0.3415,20.0049,0.0049,14.3728,14.0468,0.326,32925,0
2704,8166,8230,348310311919,348310710316,348324772909,348325178382,0.3984,20.012,0.012,14.4681,14.0626,0.4055,32927,0
2705,8167,8231,348330308123,348330798198,348344715004,348345084204,0.4901,19.9962,0.0038,14.286,13.9168,0.3692,32929,0
2706,8168,8232,348350307815,348350780849,348364686395,348364991023,0.473,19.9997,0.0003,14.2102,13.9055,0.3046,32931,0
2707,8169,8233,348370303620,348370623793,348384698244,348385011840,0.3202,19.9958,0.0042,14.388,14.0745,0.3136,32933,0
2708,8170,8234,348390296934,348390646603,348404682291,348404941977,0.3497,19.9933,0.0067,14.2954,14.0357,0.2597,32935,0
2709,8171,8235,348410299914,348410602748,348424676402,348424931903,0.3028,20.003,0.003,14.3292,14.0737,0.2555,32936,0
2710,8172,8236,348430326212,348430680166,348444681874,348444924420,0.354,20.0263,0.0263,14.2443,14.0017,0.2425,32938,0
2711,8173,8237,348450300693,348450659330,348464700598,348465028145,0.3586,19.9745,0.0255,14.3688,14.0413,0.3275,32940,0
2712,8174,8238,348470312940,348470755781,348484695507,348485041688,0.4428,20.0122,0.0122,14.2859,13.9397,0.3462,32942,0
2713,8175,8239,348490296290,348490629417,348504678358,348504922100,0.3331,19.9834,0.0167,14.2927,14.0489,0.2437,32944,0
2714,8176,8240,348510295782,348510611471,348524683032,348524979588,0.3157,19.9995,0.0005,14.3681,14.0716,0.2966,32946,0
2715,8177,8241,348530309225,348530663976,348544679635,348544946097,0.3548,20.0134,0.0134,14.2821,14.0157,0.2665,32948,0
2716,8178,8242,348550297258,348550615637,348564683113,348564980367,0.3184,19.988,0.012,14.3647,14.0675,0.2973,32950,0
2717,8179,8243,348570298644,348570679403,348584686293,348584978564,0.3808,20.0014,0.0014,14.2992,14.0069,0.2923,32952,0
2718,8180,8244,348590309496,348590830661,348604684390,348604948759,0.5212,20.0109,0.0109,14.1181,13.8537,0.2644,32953,0
2719,8181,8245,348610297330,348610617503,348624683085,348624936294,0.3202,19.9878,0.0122,14.3188,14.0656,0.2532,32955,0
2720,8182,8246,348630315656,348630615600,348644684371,348644941466,0.2999,20.0183,0.0183,14.3259,14.0688,0.2571,32957,0
2721,8183,8247,348650318437,348650691623,348664680177,348664939962,0.3732,20.0028,0.0028,14.2483,13.9886,0.2598,32959,0
2722,8184,8248,348670313246,348670621560,348684722120,348685141244,0.3083,19.9948,0.0052,14.5197,14.1006,0.4191,32961,0
2723,8185,8249,348690300282,348690698380,348704703077,348705045970,0.3981,19.987,0.013,14.3476,14.0047,0.3429,32963,0
2724,8186,8250,348710310536,348710786760,348724745518,348725117210,0.4762,20.0103,0.0103,14.3305,13.9588,0.3717,32965,0
2725,8187,8251,348730313616,348730726662,348744682531,348744952381,0.413,20.0031,0.0031,14.2257,13.9559,0.2698,32967,0
2726,8188,8252,348750309920,348750644143,348764674251,348764904938,0.3342,19.9963,0.0037,14.2608,14.0301,0.2307,32969,0
2727,8189,8253,348770300743,348770611349,348784682413,348784935023,0.3106,19.9908,0.0092,14.3237,14.0711,0.2526,32971,0
2728,8190,8254,348790303225,348790607454,348804671143,348804905119,0.3042,20.0025,0.0025,14.2977,14.0637,0.234,32972,0
2729,8191,8255,348810295542,348810611331,348824700331,348825075908,0.3158,19.9923,0.0077,14.4646,14.089,0.3756,32974,0
2730,8192,8256,348830295433,348830593783,348844724735,348844986215,0.2984,19.9999,0.0001,14.3924,14.131,0.2615,32976,0
2731,8193,8257,348850299609,348850659442,348864685365,348864950830,0.3598,20.0042,0.0042,14.2914,14.0259,0.2655,32978,0
2732,8194,8258,348870299102,348870606021,348884723322,348885194961,0.3069,19.9995,0.0005,14.5889,14.1173,0.4716,32980,0
2733,8195,8259,348890318325,348890774020,348904700792,348905060326,0.4557,20.0192,0.0192,14.2863,13.9268,0.3595,32982,0
2734,8196,8260,348910306258,348910692797,348924752102,348925397031,0.3865,19.9879,0.0121,14.7042,14.0593,0.6449,32984,0
2735,8197,8261,348930346905,348931025716,348944736547,348945299665,0.6788,20.0406,0.0406,14.2739,13.7108,0.5631,32986,0
2736,8198,8262,348950320887,348950775387,348964709134,348965085310,0.4545,19.974,0.026,14.3099,13.9337,0.3762,32988,0
2737,8199,8263,348970310515,348970667458,348984804290,348985173789,0.3569,19.9896,0.0104,14.5063,14.1368,0.3695,32990,0
2738,8200,8264,348990312100,348990685087,349004688289,349004973784,0.373,20.0016,0.0016,14.2887,14.0032,0.2855,32991,0
2739,8201,8265,349010308403,349010642029,349024682898,349024948463,0.3336,19.9963,0.0037,14.3064,14.0409,0.2656,32993,0
2740,8202,8266,349030311682,349030654376,349044711090,349045022095,0.3427,20.0033,0.0033,14.3677,14.0567,0.311,32995,0
2741,8203,8267,349050315260,349050744051,349064710781,349065090046,0.4288,20.0036,0.0036,14.346,13.9667,0.3793,32997,0
2742,8204,8268,349070322426,349070788286,349084708580,349085091233,0.4659,20.0072,0.0072,14.3029,13.9203,0.3827,32999,0
2743,8205,8269,349090309362,349090685140,349104687744,349104969751,0.3758,19.9869,0.0131,14.2846,14.0026,0.282,33001,0
2744,8206,8270,349110321809,349110685130,349124684247,349124947321,0.3633,20.0124,0.0124,14.2622,13.9991,0.2631,33003,0
2745,8207,8271,349130306653,349130610783,349144680550,349144968836,0.3041,19.9848,0.0152,14.3581,14.0698,0.2883,33005,0
2746,8208,8272,349150329165,349150650234,349164690307,349164992941,0.3211,20.0225,0.0225,14.3427,14.0401,0.3026,33007,0
2747,8209,8273,349170308927,349170599902,349184680532,349184922978,0.291,19.9798,0.0202,14.3231,14.0806,0.2424,33008,0
2748,8210,8274,349190305230,349190611452,349204673547,349204906726,0.3062,19.9963,0.0037,14.2953,14.0621,0.2332,33010,0
2749,8211,8275,349210306217,349210632469,349224758738,349225174972,0.3263,20.001,0.001,14.5425,14.1263,0.4162,33012,0
2750,8212,8276,349230311988,349230696235,349244728236,349245144969,0.3842,20.0058,0.0058,14.4487,14.032,0.4167,33014,0
2751,8213,8277,349250310882,349250619595,349264702043,349264968211,0.3087,19.9989,0.0011,14.3486,14.0824,0.2662,33016,0
2752,8214,8278,349270304922,349270585330,349284733280,349285032508,0.2804,19.994,0.006,14.4472,14.1479,0.2992,33018,0
2753,8215,8279,349290305391,349290609597,349304702980,349304972136,0.3042,20.0005,0.0005,14.3625,14.0934,0.2692,33020,0
2754,8216,8280,349310310141,349310646212,349324741288,349324970015,0.3361,20.0048,0.0047,14.3238,14.0951,0.2287,33022,0
2755,8217,8281,349330318676,349330722061,349344705510,349345122239,0.4034,20.0085,0.0085,14.4002,13.9834,0.4167,33024,0
2756,8218,8282,349350323127,349350719642,349364750888,349365151883,0.3965,20.0045,0.0045,14.4322,14.0312,0.401,33025,0
2757,8219,8283,349370325587,349370796884,349384755240,349385135922,0.4713,20.0025,0.0025,14.339,13.9584,0.3807,33027,0
2758,8220,8284,349390315103,349390746070,349404722849,349404970496,0.431,19.9895,0.0105,14.2244,13.9768,0.2476,33029,0
2759,8221,8285,349410308601,349410657617,349424716048,349424970168,0.349,19.9935,0.0065,14.3126,14.0584,0.2541,33031,0
2760,8222,8286,349430305784,349430622437,349444742407,349444983083,0.3167,19.9972,0.0028,14.3606,14.12,0.2407,33033,0
2761,8223,8287,349450309239,349450662537,349464804215,349465241456,0.3533,20.0035,0.0035,14.5789,14.1417,0.4372,33035,0
2762,8224,8288,349470338884,349470787477,349484717354,349485203189,0.4486,20.0296,0.0296,14.4157,13.9299,0.4858,33037,0
2763,8225,8289,349490324914,349490742837,349504704380,349505071619,0.4179,19.986,0.014,14.3288,13.9615,0.3672,33039,0
2764,8226,8290,349510308853,349510744202,349524762504,349525120581,0.4353,19.9839,0.0161,14.3764,14.0183,0.3581,33041,0
2765,8227,8291,349530307928,349530705836,349544750924,349545069768,0.3979,19.9991,0.0009,14.3639,14.0451,0.3188,33042,0
2766,8228,8292,349550312180,349550721440,349564756172,349565085571,0.4093,20.0043,0.0043,14.3641,14.0347,0.3294,33044,0
2767,8229,8293,349570306077,349570671921,349584752160,349585101176,0.3658,19.9939,0.0061,14.4293,14.0802,0.349,33046,0
2768,8230,8294,349590307541,349590679559,349604732912,349604984343,0.372,20.0015,0.0015,14.3048,14.0534,0.2514,33048,0
2769,8231,8295,349610304027,349610632829,349624730493,349624994072,0.3288,19.9965,0.0035,14.3612,14.0977,0.2636,33050,0
2770,8232,8296,349630306387,349630606412,349644758046,349645156652,0.3,20.0024,0.0024,14.5502,14.1516,0.3986,33052,0
2771,8233,8297,349650324083,349650767995,349664740093,349665052764,0.4439,20.0177,0.0177,14.2848,13.9721,0.3127,33054,0
2772,8234,8298,349670308719,349670682928,349684770933,349685237848,0.3742,19.9846,0.0154,14.5549,14.088,0.4669,33056,0
2773,8235,8299,349690310780,349690740752,349704746906,349705074513,0.43,20.0021,0.0021,14.3338,14.0062,0.3276,33058,0
2774,8236,8300,349710315431,349710721405,349724741001,349725074882,0.406,20.0047,0.0047,14.3535,14.0196,0.3339,33059,0
2775,8237,8301,349730300366,349730781321,349744735097,349745074853,0.481,19.9849,0.0151,14.2935,13.9538,0.3398,33061,0
2776,8238,8302,349750310693,349750722741,349764683188,349764945971,0.412,20.0103,0.0103,14.2232,13.9604,0.2628,33063,0
2777,8239,8303,349770305187,349770634288,349784726176,349784986868,0.3291,19.9945,0.0055,14.3526,14.0919,0.2607,33065,0
2778,8240,8304,349790305157,349790633063,349804728935,349804975587,0.3279,20.0,0.0,14.3425,14.0959,0.2467,33067,0
2779,8241,8305,349810314688,349810653945,349824732292,349824999257,0.3393,20.0095,0.0095,14.3453,14.0783,0.267,33069,0
2780,8242,8306,349830308285,349830637685,349844721110,349844957704,0.3294,19.9936,0.0064,14.32,14.0834,0.2366,33071,0
2781,8243,8307,349850308356,349850619533,349864725064,349864956679,0.3112,20.0001,0.0001,14.3371,14.1055,0.2316,33073,0
2782,8244,8308,349870307231,349870626573,349884725333,349884953264,0.3193,19.9989,0.0011,14.3267,14.0988,0.2279,33075,0
2783,8245,8309,349890308895,349890641282,349904724806,349904954430,0.3324,20.0017,0.0017,14.3131,14.0835,0.2296,33076,0
2784,8246,8310,349910306177,349910570055,349924720893,349924917756,0.2639,19.9973,0.0027,14.3477,14.1508,0.1969,33078,0
2785,8247,8311,349930310429,349930625689,349944718673,349944909163,0.3153,20.0043,0.0043,14.2835,14.093,0.1905,33080,0
2786,8248,8312,349950308409,349950575075,349964734377,349964977444,0.2667,19.998,0.002,14.4024,14.1593,0.2431,33082,0
2787,8249,8313,349970307981,349970602130,349984724788,349984958794,0.2941,19.9996,0.0004,14.3567,14.1227,0.234,33084,0
2788,8250,8314,349990306856,349990623809,350004706736,350004934368,0.317,19.9989,0.0011,14.3106,14.0829,0.2276,33086,0
2789,8251,8315,350010300653,350010557163,350024725327,350024960328,0.2565,19.9938,0.0062,14.4032,14.1682,0.235,33088,0
2790,8252,8316,350030302317,350030626240,350044725995,350044966174,0.3239,20.0017,0.0017,14.3399,14.0998,0.2402,33090,0
2791,8253,8317,350050304080,350050601516,350064725468,350064942346,0.2974,20.0018,0.0018,14.3408,14.124,0.2169,33092,0
2792,8254,8318,350070302358,350070610946,350084735496,350085013614,0.3086,19.9983,0.0017,14.4027,14.1245,0.2781,33093,0
2793,8255,8319,350090305615,350090636408,350104728994,350104970766,0.3308,20.0033,0.0033,14.3344,14.0926,0.2418,33095,0
2794,8256,8320,350110303893,350110582010,350124736433,350124974919,0.2781,19.9983,0.0017,14.3929,14.1544,0.2385,33097,0
2795,8257,8321,350130306751,350130631969,350144761697,350145222039,0.3252,20.0029,0.0029,14.5901,14.1297,0.4603,33099,0
2796,8258,8322,350150311900,350150761190,350164732292,350165028831,0.4493,20.0051,0.0051,14.2676,13.9711,0.2965,33101,0
2797,8259,8323,350170306892,350170621554,350184738437,350185204655,0.3147,19.995,0.005,14.5831,14.1169,0.4662,33103,0
2798,8260,8324,350190311443,350190717716,350204753543,350205052173,0.4063,20.0046,0.0046,14.3345,14.0358,0.2986,33105,0
2799,8261,8325,350210304643,350210627669,350224778408,350225305766,0.323,19.9932,0.0068,14.6781,14.1507,0.5274,33107,0
2800,8262,8326,350230315766,350230810463,350244720724,350245179075,0.4947,20.0111,0.0111,14.3686,13.9103,0.4584,33109,0
2801,8263,8327,350250319322,350250805455,350264781450,350265258517,0.4861,20.0036,0.0036,14.4531,13.976,0.4771,33110,0
2802,8264,8328,350270315478,350270824389,350284775042,350285281565,0.5089,19.9962,0.0038,14.4572,13.9507,0.5065,33112,0
2803,8265,8329,350290308274,350290838082,350304735198,350305015925,0.5298,19.9928,0.0072,14.1778,13.8971,0.2807,33114,0
2804,8266,8330,350310304951,350310639713,350324720829,350325012005,0.3348,19.9967,0.0033,14.3723,14.0811,0.2912,33116,0
2805,8267,8331,350330305608,350330667239,350344734125,350345016642,0.3616,20.0007,0.0007,14.3494,14.0669,0.2825,33118,0
2806,8268,8332,350350302086,350350643615,350364730702,350365002771,0.3415,19.9965,0.0035,14.3592,14.0871,0.2721,33120,0
2807,8269,8333,350370304037,350370653926,350384732553,350384977555,0.3499,20.002,0.002,14.3236,14.0786,0.245,33122,0
2808,8270,8334,350390307382,350390644035,350404728832,350404966868,0.3367,20.0033,0.0033,14.3228,14.0848,0.238,33124,0
2809,8271,8335,350410306646,350410652156,350424726902,350424946926,0.3455,19.9993,0.0007,14.2948,14.0747,0.22,33126,0
2810,8272,8336,350430302925,350430627736,350444739999,350444992364,0.3248,19.9963,0.0037,14.3646,14.1123,0.2524,33127,0
2811,8273,8337,350450309354,350450648594,350464757375,350465168066,0.3392,20.0064,0.0064,14.5195,14.1088,0.4107,33129,0
2812,8274,8338,350470308817,350470713537,350484738428,350485047018,0.4047,19.9995,0.0005,14.3335,14.0249,0.3086,33131,0
2813,8275,8339,350490308877,350490679863,350504728437,350504969856,0.371,20.0001,0.0001,14.29,14.0486,0.2414,33133,0
2814,8276,8340,350510305057,350510596829,350524729891,350524989023,0.2918,19.9962,0.0038,14.3922,14.1331,0.2591,33135,0
2815,8277,8341,350530305913,350530649632,350544727563,350544971569,0.3437,20.0009,0.0009,14.3219,14.0779,0.244,33137,0
2816,8278,8342,350550303486,350550639343,350564725932,350564944960,0.3359,19.9976,0.0024,14.3056,14.0866,0.219,33139,0
2817,8279,8343,350570304243,350570614624,350584729475,350584960345,0.3104,20.0008,0.0008,14.3457,14.1149,0.2309,33141,0
2818,8280,8344,350590304900,350590649912,350604735805,350605009466,0.345,20.0007,0.0007,14.3596,14.0859,0.2737,33143,0
2819,8281,8345,350610304164,350610666790,350624727605,350624971114,0.3626,19.9993,0.0007,14.3043,14.0608,0.2435,33144,0
2820,8282,8346,350630304026,350630648739,350644732343,350645003914,0.3447,19.9999,0.0001,14.3552,14.0836,0.2716,33146,0
2821,8283,8347,350650306076,350650691292,350664720262,350664940087,0.3852,20.0021,0.0021,14.2488,14.029,0.2198,33148,0
2822,8284,8348,350670301360,350670619205,350684771572,350685175994,0.3178,19.9953,0.0047,14.5568,14.1524,0.4044,33150,0
2823,8285,8349,350690311670,350690737985,350704736405,350705019520,0.4263,20.0103,0.0103,14.2815,13.9984,0.2831,33152,0
2824,8286,8350,350710303073,350710674257,350724751193,350725136906,0.3712,19.9914,0.0086,14.4626,14.0769,0.3857,33154,0
2825,8287,8351,350730303929,350730712729,350744731351,350744993469,0.4088,20.0009,0.0009,14.2807,14.0186,0.2621,33156,0
2826,8288,8352,350750302198,350750633179,350764720067,350764918894,0.331,19.9983,0.0017,14.2857,14.0869,0.1988,33158,0
2827,8289,8353,350770296487,350770592738,350784734656,350784958660,0.2963,19.9943,0.0057,14.3659,14.1419,0.224,33160,0
2828,8290,8354,350790298040,350790603446,350804735811,350805077340,0.3054,20.0016,0.0016,14.4739,14.1324,0.3415,33161,0
2829,8291,8355,350810303574,350810628285,350824727214,350824959676,0.3247,20.0055,0.0055,14.3314,14.0989,0.2325,33163,0
2830,8292,8356,350830300549,350830623469,350844725383,350844945009,0.3229,19.997,0.003,14.3215,14.1019,0.2196,33165,0
2831,8293,8357,350850296629,350850588899,350864725444,350864947656,0.2923,19.9961,0.0039,14.3588,14.1365,0.2222,33167,0
2832,8294,8358,350870301565,350870599508,350884726897,350884965430,0.2979,20.0049,0.0049,14.3659,14.1274,0.2385,33169,0
2833,8295,8359,350890301526,350890607330,350904728052,350904953947,0.3058,20.0,0.0,14.3466,14.1207,0.2259,33171,0
2834,8296,8360,350910301785,350910604505,350924729107,350924946245,0.3027,20.0003,0.0003,14.3417,14.1246,0.2171,33173,0
2835,8297,8361,350930303836,350930640589,350944744493,350945006213,0.3368,20.0021,0.0021,14.3656,14.1039,0.2617,33175,0
2836,8298,8362,350950301110,350950628011,350964723954,350964927856,0.3269,19.9973,0.0027,14.2998,14.0959,0.2039,33177,0
2837,8299,8363,350970300275,350970576822,350984727199,350984950108,0.2765,19.9992,0.0008,14.3733,14.1504,0.2229,33178,0
2838,8300,8364,350990300534,350990666743,351004727259,351004961812,0.3662,20.0003,0.0003,14.2951,14.0605,0.2346,33180,0
2839,8301,8365,351010295818,351010590476,351024727817,351024963962,0.2947,19.9953,0.0047,14.3735,14.1373,0.2361,33182,0
2840,8302,8366,351030309213,351030601185,351044730465,351044967903,0.292,20.0134,0.0134,14.3667,14.1293,0.2374,33184,0
2841,8303,8367,351050299322,351050589602,351064745253,351064995031,0.2903,19.9901,0.0099,14.4054,14.1557,0.2498,33186,0
2842,8304,8368,351070296596,351070710770,351084737949,351084964939,0.4142,19.9973,0.0027,14.2542,14.0272,0.227,33188,0
2843,8305,8369,351090309095,351090752825,351104692532,351105073568,0.4437,20.0125,0.0125,14.3207,13.9397,0.381,33190,0
2844,8306,8370,351110301394,351110608093,351124734388,351124985858,0.3067,19.9923,0.0077,14.3778,14.1263,0.2515,33192,0
2845,8307,8371,351130304041,351130646466,351144733553,351145018558,0.3424,20.0026,0.0026,14.3721,14.0871,0.285,33194,0
2846,8308,8372,351150302609,351150612792,351164730827,351164978316,0.3102,19.9986,0.0014,14.3655,14.118,0.2475,33195,0
2847,8309,8373,351170309038,351170643403,351184724618,351184932103,0.3344,20.0064,0.0064,14.2887,14.0812,0.2075,33197,0
2848,8310,8374,351190300939,351190621670,351204726270,351204934850,0.3207,19.9919,0.0081,14.3132,14.1046,0.2086,33199,0
2849,8311,8375,351210301496,351210622327,351224737476,351225002082,0.3208,20.0006,0.0006,14.3798,14.1151,0.2646,33201,0
2850,8312,8376,351230305537,351230652241,351244738930,351245023836,0.3467,20.004,0.004,14.3716,14.0867,0.2849,33203,0
2851,8313,8377,351250307190,351250673796,351264726314,351264953078,0.3666,20.0017,0.0017,14.2793,14.0525,0.2268,33205,0
2852,8314,8378,351270306286,351270663836,351284741570,351285023532,0.3575,19.9991,0.0009,14.3597,14.0777,0.282,33207,0
2853,8315,8379,351290308314,351290651144,351304736337,351305009646,0.3428,20.002,0.002,14.3585,14.0852,0.2733,33209,0
2854,8316,8380,351310303478,351310632087,351324741049,351325052650,0.3286,19.9952,0.0048,14.4206,14.109,0.3116,33211,0
2855,8317,8381,351330303318,351330710398,351344746359,351345047517,0.4071,19.9998,0.0002,14.3371,14.036,0.3012,33212,0
2856,8318,8382,351350309025,351350751114,351364743811,351365025973,0.4421,20.0057,0.0057,14.2749,13.9927,0.2822,33214,0
2857,8319,8383,351370364660,351371467148,351384754889,351385095731,1.1025,20.0556,0.0556,13.6286,13.2877,0.3408,33216,0
2858,8320,8384,351390301941,351390696987,351404753336,351405058771,0.395,19.9373,0.0627,14.3618,14.0563,0.3054,33218,0
2859,8321,8385,351410302576,351410655551,351424725626,351425017534,0.353,20.0006,0.0006,14.362,14.0701,0.2919,33220,0
2860,8322,8386,351430307686,351430658971,351444741279,351445040448,0.3513,20.0051,0.0051,14.3815,14.0823,0.2992,33222,0
2861,8323,8387,351450303150,351450653638,351464806661,351465404103,0.3505,19.9955,0.0045,14.7505,14.153,0.5974,33224,0
2862,8324,8388,351470313730,351470753035,351484758462,351485109448,0.4393,20.0106,0.0106,14.3564,14.0054,0.351,33226,0
2863,8325,8389,351490306906,351490671916,351504745969,351505065626,0.365,19.9932,0.0068,14.3937,14.0741,0.3197,33228,0
2864,8326,8390,351510299187,351510664495,351524741532,351525022300,0.3653,19.9923,0.0077,14.3578,14.077,0.2808,33230,0
2865,8327,8391,351530307778,351530654886,351544746045,351545056851,0.3471,20.0086,0.0086,14.402,14.0912,0.3108,33231,0
2866,8328,8392,351550306325,351550667257,351564741310,351565024863,0.3609,19.9985,0.0015,14.3576,14.0741,0.2836,33233,0
2867,8329,8393,351570311236,351570691960,351584751095,351585093229,0.3807,20.0049,0.0049,14.4013,14.0591,0.3421,33235,0
2868,8330,8394,351590307098,351590733373,351604727661,351605150555,0.4263,19.9959,0.0041,14.4172,13.9943,0.4229,33237,0
2869,8331,8395,351610307534,351610715211,351624701343,351625045964,0.4077,20.0004,0.0004,14.3308,13.9861,0.3446,33239,0
2870,8332,8396,351630305583,351630674571,351644729329,351645094736,0.369,19.998,0.002,14.4202,14.0548,0.3654,33241,0
2871,8333,8397,351650308804,351650729211,351664738418,351665834441,0.4204,20.0032,0.0032,15.1052,14.0092,1.096,33243,0
2872,8334,8398,351670321871,351670786935,351684746612,351685142751,0.4651,20.0131,0.0131,14.3558,13.9597,0.3961,33245,0
2873,8335,8399,351690310571,351690712380,351704750827,351705081623,0.4018,19.9887,0.0113,14.3692,14.0384,0.3308,33247,0
2874,8336,8400,351710296188,351710687852,351724757131,351725120351,0.3917,19.9856,0.0144,14.4325,14.0693,0.3632,33248,0
2875,8337,8401,351730295928,351730729961,351744752694,351745162161,0.434,19.9997,0.0003,14.4322,14.0227,0.4095,33250,0
2876,8338,8402,351750305315,351750790271,351764787542,351765202878,0.485,20.0094,0.0094,14.4126,13.9973,0.4153,33252,0
2877,8339,8403,351770309630,351770832777,351784734371,351785356976,0.5231,20.0043,0.0043,14.5242,13.9016,0.6226,33254,0
2878,8340,8404,351790317028,351790811432,351804722076,351805133632,0.4944,20.0074,0.0074,14.3222,13.9106,0.4116,33256,0
2879,8341,8405,351810297772,351810744635,351824743299,351825201600,0.4469,19.9807,0.0193,14.457,13.9987,0.4583,33258,0
2880,8342,8406,351830300794,351830778588,351844743238,351845180752,0.4778,20.003,0.003,14.4022,13.9647,0.4375,33260,0
2881,8343,8407,351850333156,351851101367,351864744470,351865107689,0.7682,20.0324,0.0324,14.0063,13.6431,0.3632,33262,0
2882,8344,8408,351870375165,351871059334,351884756145,351885193858,0.6842,20.042,0.042,14.1345,13.6968,0.4377,33264,0
2883,8345,8409,351890322590,351890794119,351904775975,351905221446,0.4715,19.9474,0.0526,14.4273,13.9819,0.4455,33266,0
2884,8346,8410,351910321634,351910808380,351924772532,351925197614,0.4867,19.999,0.001,14.3892,13.9642,0.4251,33267,0
2885,8347,8411,351930319285,351930793897,351944770382,351945171992,0.4746,19.9977,0.0023,14.3781,13.9765,0.4016,33269,0
2886,8348,8412,351950323700,351950845455,351964773007,351965178794,0.5218,20.0044,0.0044,14.3333,13.9276,0.4058,33271,0
2887,8349,8413,351970323042,351970808793,351984728687,351985168190,0.4858,19.9993,0.0007,14.3594,13.9199,0.4395,33273,0
2888,8350,8414,351990320991,351990792620,352004721564,352005157785,0.4716,19.9979,0.0021,14.3652,13.9289,0.4362,33275,0
2889,8351,8415,352010319438,352010856311,352024738112,352025114361,0.5369,19.9984,0.0016,14.2581,13.8818,0.3762,33277,0
2890,8352,8416,352030314106,352030780960,352044755755,352045152690,0.4669,19.9947,0.0053,14.3717,13.9748,0.3969,33279,0
2891,8353,8417,352050325980,352050995230,352064748333,352065240848,0.6693,20.0119,0.0119,14.2456,13.7531,0.4925,33281,0
2892,8354,8418,352070334273,352070793966,352084776021,352085311302,0.4597,20.0083,0.0083,14.5173,13.9821,0.5353,33283,0
2893,8355,8419,352090340378,352090837666,352104756864,352105173194,0.4973,20.0061,0.0061,14.3355,13.9192,0.4163,33284,0
2894,8356,8420,352110313662,352110735661,352124744569,352125107988,0.422,19.9733,0.0267,14.3723,14.0089,0.3634,33286,0
2895,8357,8421,352130305644,352130654045,352144739436,352145037411,0.3484,19.992,0.008,14.3834,14.0854,0.298,33288,0
2896,8358,8422,352150309164,352150714653,352164690044,352164952314,0.4055,20.0035,0.0035,14.2377,13.9754,0.2623,33290,0
2897,8359,8423,352170314772,352170705242,352184714051,352185073889,0.3905,20.0056,0.0056,14.3686,14.0088,0.3598,33292,0
2898,8360,8424,352190307052,352190695633,352204723836,352205036332,0.3886,19.9923,0.0077,14.3407,14.0282,0.3125,33294,0
2899,8361,8425,352210304803,352210766983,352224710846,352224963965,0.4622,19.9978,0.0022,14.197,13.9439,0.2531,33296,0
2900,8362,8426,352230303449,352230664082,352244730974,352244979022,0.3606,19.9986,0.0014,14.3149,14.0669,0.248,33298,0
2901,8363,8427,352250306968,352250665314,352264757801,352265028194,0.3583,20.0035,0.0035,14.3629,14.0925,0.2704,33300,0
2902,8364,8428,352270301149,352270599276,352284741507,352284961300,0.2981,19.9942,0.0058,14.362,14.1422,0.2198,33301,0
2903,8365,8429,352290302350,352290596502,352304735352,352305037954,0.2942,20.0012,0.0012,14.4415,14.1388,0.3026,33303,0
2904,8366,8430,352310304844,352310660430,352324732975,352324976329,0.3556,20.0025,0.0025,14.3159,14.0725,0.2434,33305,0
2905,8367,8431,352330300578,352330634493,352344680098,352344941843,0.3339,19.9957,0.0043,14.3073,14.0456,0.2617,33307,0
2906,8368,8432,352350311224,352350753992,352364690545,352364955669,0.4428,20.0106,0.0106,14.2017,13.9366,0.2651,33309,0
2907,8369,8433,352370300496,352370702109,352384712523,352384971782,0.4016,19.9893,0.0107,14.2697,14.0104,0.2593,33311,0
2908,8370,8434,352390302195,352390637900,352404716310,352405040483,0.3357,20.0017,0.0017,14.4026,14.0784,0.3242,33313,0
2909,8371,8435,352410305186,352410780461,352424720494,352424962555,0.4753,20.003,0.003,14.1821,13.94,0.2421,33315,0
2910,8372,8436,352430321498,352430756711,352444751617,352445110782,0.4352,20.0163,0.0163,14.3541,13.9949,0.3592,33317,0
2911,8373,8437,352450311765,352450748171,352464742779,352465036334,0.4364,19.9903,0.0097,14.2882,13.9946,0.2936,33318,0
2912,8374,8438,352470300341,352470643203,352484737618,352485017654,0.3429,19.9886,0.0114,14.3745,14.0944,0.28,33320,0
2913,8375,8439,352490300052,352490573825,352504737726,352505027106,0.2738,19.9997,0.0003,14.4533,14.1639,0.2894,33322,0
2914,8376,8440,352510304733,352510680499,352524717555,352525128612,0.3758,20.0047,0.0047,14.4481,14.0371,0.4111,33324,0
2915,8377,8441,352530319057,352530774450,352544751761,352545098599,0.4554,20.0143,0.0143,14.3241,13.9773,0.3468,33326,0
2916,8378,8442,352550306838,352550697814,352564738946,352565025741,0.391,19.9878,0.0122,14.3279,14.0411,0.2868,33328,0
2917,8379,8443,352570300485,352570630125,352584729610,352585004575,0.3296,19.9936,0.0064,14.3744,14.0995,0.275,33330,0
2918,8380,8444,352590310037,352590731332,352604774055,352605268515,0.4213,20.0096,0.0096,14.5372,14.0427,0.4945,33332,0
2919,8381,8445,352610353189,352610834031,352624763526,352625263255,0.4808,20.0432,0.0432,14.4292,13.9295,0.4997,33334,0
2920,8382,8446,352630339877,352631172627,352644757173,352645178070,0.8327,19.9867,0.0133,14.0054,13.5845,0.4209,33335,0
2921,8383,8447,352650364142,352650941410,352664765035,352665212077,0.5773,20.0243,0.0243,14.2707,13.8236,0.447,33337,0
2922,8384,8448,352670308084,352670703433,352684767330,352685267854,0.3953,19.9439,0.0561,14.5644,14.0639,0.5005,33339,0
2923,8385,8449,352690319326,352690798875,352704749445,352705110896,0.4795,20.0112,0.0112,14.312,13.9506,0.3615,33341,0
2924,8386,8450,352710304721,352710674026,352724765160,352725114881,0.3693,19.9854,0.0146,14.4409,14.0911,0.3497,33343,0
2925,8387,8451,352730302543,352730700875,352744751351,352745330608,0.3983,19.9978,0.0022,14.6297,14.0505,0.5793,33345,0
2926,8388,8452,352750307025,352750724841,352764743208,352765067183,0.4178,20.0045,0.0045,14.3423,14.0184,0.324,33347,0
2927,8389,8453,352770303157,352770645621,352784753257,352785124550,0.3425,19.9961,0.0039,14.4789,14.1076,0.3713,33349,0
2928,8390,8454,352790303563,352790736987,352804738753,352805035687,0.4334,20.0004,0.0004,14.2987,14.0018,0.2969,33351,0
2929,8391,8455,352810301087,352810652498,352824733095,352825004382,0.3514,19.9975,0.0025,14.3519,14.0806,0.2713,33353,0
2930,8392,8456,352830306364,352830629841,352844738770,352845018209,0.3235,20.0053,0.0053,14.3884,14.1089,0.2794,33354,0
2931,8393,8457,352850307566,352850669813,352864742258,352864999429,0.3622,20.0012,0.0012,14.3296,14.0724,0.2572,33356,0
2932,8394,8458,352870301312,352870658191,352884728847,352884993573,0.3569,19.9937,0.0063,14.3354,14.0707,0.2647,33358,0
2933,8395,8459,352890309472,352890623903,352904728259,352904956900,0.3144,20.0082,0.0082,14.333,14.1044,0.2286,33360,0
2934,8396,8460,352910300634,352910555618,352924735823,352924979773,0.255,19.9912,0.0088,14.4242,14.1802,0.244,33362,0
2935,8397,8461,352930305215,352930652948,352944723803,352944944193,0.3477,20.0046,0.0046,14.2912,14.0709,0.2204,33364,0
2936,8398,8462,352950306119,352950636256,352964737928,352965011700,0.3301,20.0009,0.0009,14.3754,14.1017,0.2738,33366,0
2937,8399,8463,352970306625,352970624932,352984725411,352984964391,0.3183,20.0005,0.0005,14.3395,14.1005,0.239,33368,0
2938,8400,8464,352990306733,352990580207,353004739536,353004960522,0.2735,20.0001,0.0001,14.3803,14.1593,0.221,33370,0
2939,8401,8465,353010302268,353010742750,353024721949,353024938462,0.4405,19.9955,0.0045,14.1957,13.9792,0.2165,33371,0
2940,8402,8466,353030308142,353030650805,353044735378,353045025852,0.3427,20.0059,0.0059,14.375,14.0846,0.2905,33373,0
2941,8403,8467,353050306461,353050729347,353064747217,353065236707,0.4229,19.9983,0.0017,14.5074,14.0179,0.4895,33375,0
2942,8404,8468,353070304581,353070688697,353084754979,353085029150,0.3841,19.9981,0.0019,14.3405,14.0663,0.2742,33377,0
2943,8405,8469,353090304391,353090615044,353104747731,353105081845,0.3107,19.9998,0.0002,14.4668,14.1327,0.3341,33379,0
2944,8406,8470,353110312352,353110757009,353124747442,353125078275,0.4447,20.008,0.008,14.3213,13.9904,0.3308,33381,0
2945,8407,8471,353130303712,353130662778,353144741387,353145055420,0.3591,19.9914,0.0086,14.3926,14.0786,0.314,33383,0
2946,8408,8472,353150305809,353150728496,353164741594,353165075708,0.4227,20.0021,0.0021,14.3472,14.0131,0.3341,33385,0
2947,8409,8473,353170299753,353170605337,353184732954,353184999073,0.3056,19.9939,0.0061,14.3937,14.1276,0.2661,33387,0
2948,8410,8474,353190300458,353190608626,353204738033,353204996397,0.3082,20.0007,0.0007,14.3878,14.1294,0.2584,33389,0
2949,8411,8475,353210300566,353210615693,353224733767,353224964595,0.3151,20.0001,0.0001,14.3489,14.1181,0.2308,33390,0
2950,8412,8476,353230303955,353230807462,353244753558,353245186385,0.5035,20.0034,0.0034,14.3789,13.9461,0.4328,33392,0
2951,8413,8477,353250311221,353250830633,353264758752,353265184537,0.5194,20.0073,0.0073,14.3539,13.9281,0.4258,33394,0
2952,8414,8478,353270309863,353270824085,353284749212,353285143300,0.5142,19.9986,0.0014,14.3192,13.9251,0.3941,33396,0
2953,8415,8479,353290312149,353290830941,353304755572,353305154230,0.5188,20.0023,0.0023,14.3233,13.9246,0.3987,33398,0
2954,8416,8480,353310308075,353310836903,353324763124,353325169831,0.5288,19.9959,0.0041,14.3329,13.9262,0.4067,33400,0
2955,8417,8481,353330309863,353330861348,353344785084,353345273272,0.5515,20.0018,0.0018,14.4119,13.9237,0.4882,33402,0
2956,8418,8482,353350311652,353350891853,353364760043,353365433053,0.5802,20.0018,0.0018,14.5412,13.8682,0.673,33404,0
2957,8419,8483,353370308472,353370856777,353384760441,353385124321,0.5483,19.9968,0.0032,14.2675,13.9037,0.3639,33406,0
2958,8420,8484,353390307776,353390789505,353404744940,353405097492,0.4817,19.9993,0.0007,14.308,13.9554,0.3526,33408,0
2959,8421,8485,353410307578,353410825079,353424745039,353425018992,0.5175,19.9998,0.0002,14.1939,13.92,0.274,33409,0
2960,8422,8486,353430300423,353430655559,353444769880,353445161683,0.3551,19.9928,0.0072,14.5061,14.1143,0.3918,33411,0
2961,8423,8487,353450309366,353450724818,353464746927,353465065893,0.4155,20.0089,0.0089,14.3411,14.0221,0.319,33413,0
2962,8424,8488,353470297542,353470657050,353484728047,353484964241,0.3595,19.9882,0.0118,14.3072,14.071,0.2362,33415,0
2963,8425,8489,353490303404,353490588189,353504744443,353505057547,0.2848,20.0059,0.0059,14.4694,14.1563,0.3131,33417,0
2964,8426,8490,353510304100,353510706335,353524734307,353525018495,0.4022,20.0007,0.0007,14.3122,14.028,0.2842,33419,0
2965,8427,8491,353530303205,353530758602,353544755373,353545111204,0.4554,19.9991,0.0009,14.3526,13.9968,0.3558,33421,0
2966,8428,8492,353550313838,353550868402,353564785282,353565386251,0.5546,20.0106,0.0106,14.5178,13.9169,0.601,33423,0
2967,8429,8493,353570320296,353570855186,353584780711,353585268502,0.5349,20.0065,0.0065,14.4133,13.9255,0.4878,33425,0
2968,8430,8494,353590313241,353590945511,353604791145,353605327128,0.6323,19.9929,0.0071,14.3816,13.8456,0.536,33426,0
2969,8431,8495,353610322482,353610898610,353624812608,353625450342,0.5761,20.0092,0.0092,14.5517,13.914,0.6377,33428,0
2970,8432,8496,353630318706,353630841474,353644787766,353645364688,0.5228,19.9962,0.0038,14.5232,13.9463,0.5769,33430,0
2971,8433,8497,353650318408,353650921066,353664776140,353665257571,0.6027,19.9997,0.0003,14.3365,13.8551,0.4814,33432,0
2972,8434,8498,353670309664,353670856081,353684784884,353685304571,0.5464,19.9913,0.0087,14.4485,13.9288,0.5197,33434,0
2973,8435,8499,353690335797,353690893542,353704760540,353705152044,0.5577,20.0261,0.0261,14.2585,13.867,0.3915,33436,0
2974,8436,8500,353710304795,353710706931,353724766601,353725220110,0.4021,19.969,0.031,14.5132,14.0597,0.4535,33438,0
2975,8437,8501,353730304795,353730738132,353744757360,353745128096,0.4333,20.0,0.0,14.39,14.0192,0.3707,33440,0
2976,8438,8502,353750312645,353750852305,353764793827,353765234915,0.5397,20.0079,0.0078,14.3826,13.9415,0.4411,33442,0
2977,8439,8503,353770305093,353770813055,353784745138,353785071855,0.508,19.9924,0.0076,14.2588,13.9321,0.3267,33443,0
2978,8440,8504,353790308571,353790707925,353804743548,353805075035,0.3994,20.0035,0.0035,14.3671,14.0356,0.3315,33445,0
2979,8441,8505,353810304894,353810719749,353824771768,353825175295,0.4149,19.9963,0.0037,14.4555,14.052,0.4035,33447,0
2980,8442,8506,353830313142,353830728692,353844743349,353845025053,0.4155,20.0082,0.0082,14.2964,14.0147,0.2817,33449,0
2981,8443,8507,353850301019,353850648106,353864759645,353865197454,0.3471,19.9879,0.0121,14.5493,14.1115,0.4378,33451,0
2982,8444,8508,353870302708,353870735946,353884770079,353885149062,0.4332,20.0017,0.0017,14.4131,14.0341,0.379,33453,0
2983,8445,8509,353890309564,353890767942,353904773159,353905360316,0.4584,20.0069,0.0069,14.5924,14.0052,0.5872,33455,0
2984,8446,8510,353910301714,353910760092,353924783095,353925334381,0.4584,19.9921,0.0078,14.5743,14.023,0.5513,33457,0
2985,8447,8511,353930315924,353930867209,353944778624,353945311030,0.5513,20.0142,0.0142,14.4438,13.9114,0.5324,33459,0
2986,8448,8512,353950312048,353950822296,353964771370,353965171718,0.5102,19.9961,0.0039,14.3494,13.9491,0.4003,33460,0
2987,8449,8513,353970307279,353970765557,353984791442,353985288772,0.4583,19.9952,0.0048,14.5232,14.0259,0.4973,33462,0
2988,8450,8514,353990316023,353990836107,354004775444,354005272774,0.5201,20.0087,0.0087,14.4367,13.9393,0.4973,33464,0
2989,8451,8515,354010311551,354010831636,354024776465,354025253495,0.5201,19.9955,0.0045,14.4219,13.9448,0.477,33466,0
2990,8452,8516,354030319471,354030855695,354044762073,354045243275,0.5362,20.0079,0.0079,14.3876,13.9064,0.4812,33468,0
2991,8453,8517,354050309846,354050761848,354064773405,354065207430,0.452,19.9904,0.0096,14.4456,14.0116,0.434,33470,0
2992,8454,8518,354070311643,354070737028,354084759013,354085191449,0.4254,20.0018,0.0018,14.4544,14.022,0.4324,33472,0
2993,8455,8519,354090310064,354090767131,354104777794,354105383145,0.4571,19.9984,0.0016,14.616,14.0107,0.6054,33474,0
2994,8456,8520,354110319409,354110838054,354124795880,354125275691,0.5186,20.0093,0.0093,14.4376,13.9578,0.4798,33476,0
2995,8457,8521,354130313857,354130845711,354144777217,354145247593,0.5319,19.9944,0.0056,14.4019,13.9315,0.4704,33477,0
2996,8458,8522,354150310887,354150848601,354164779114,354165223865,0.5377,19.997,0.003,14.3753,13.9305,0.4448,33479,0
2997,8459,8523,354170323212,354170955279,354184770780,354185199045,0.6321,20.0123,0.0123,14.2438,13.8155,0.4283,33481,0
2998,8460,8524,354190318553,354190925691,354204769598,354205219315,0.6071,19.9953,0.0047,14.2936,13.8439,0.4497,33483,0
2999,8461,8525,354210306843,354210837009,354224771693,354225209890,0.5302,19.9883,0.0117,14.3729,13.9347,0.4382,33485,0
3000,8462,8526,354230298112,354230784677,354244766737,354245258963,0.4866,19.9913,0.0087,14.4743,13.9821,0.4922,33487,0
